"../../../Engine/Plugins/Animation/ACLPlugin/Content/ACLAnimBoneCompressionSettings.uexp" 0
"../../../Engine/Plugins/Animation/ACLPlugin/Content/ACLAnimBoneCompressionSettings.uasset" 1
"../../../Engine/Plugins/Animation/ACLPlugin/Content/ACLAnimCurveCompressionSettings.uasset" 2
"../../../Engine/Plugins/Animation/ACLPlugin/Content/ACLAnimCurveCompressionSettings.uexp" 3
"../../../Engine/Plugins/2D/Paper2D/Content/PlaceholderTextures/DummySpriteTexture.ubulk" 4
"../../../Engine/Plugins/2D/Paper2D/Content/PlaceholderTextures/DummySpriteTexture.uexp" 5
"../../../Engine/Plugins/2D/Paper2D/Content/PlaceholderTextures/DummySpriteTexture.uasset" 6
"../../../Engine/Plugins/2D/Paper2D/Content/DummySprite.uasset" 7
"../../../Engine/Plugins/2D/Paper2D/Content/DummySprite.uexp" 8
"../../../Engine/Plugins/2D/Paper2D/Content/DefaultPaperTerrainMaterial.uexp" 9
"../../../Engine/Plugins/2D/Paper2D/Content/DefaultPaperTerrainMaterial.uasset" 10
"../../../Engine/Content/EngineFonts/Faces/RobotoBoldItalic.uasset" 11
"../../../Engine/Content/EngineFonts/Faces/RobotoBoldItalic.uexp" 12
"../../../Engine/Content/EngineFonts/Faces/RobotoBoldItalic.ufont" 13
"../../../Engine/Content/EngineFonts/Faces/RobotoLight.ufont" 14
"../../../Engine/Content/EngineFonts/Faces/RobotoLight.uasset" 15
"../../../Engine/Content/EngineFonts/Faces/RobotoLight.uexp" 16
"../../../Engine/Content/EngineFonts/Faces/DroidSansFallback.uasset" 17
"../../../Engine/Content/EngineFonts/Faces/DroidSansFallback.ufont" 18
"../../../Engine/Content/EngineFonts/Faces/DroidSansFallback.uexp" 19
"../../../Engine/Content/EngineFonts/Faces/RobotoRegular.uasset" 20
"../../../Engine/Content/EngineFonts/Faces/RobotoRegular.uexp" 21
"../../../Engine/Content/EngineFonts/Faces/RobotoRegular.ufont" 22
"../../../Engine/Content/EngineFonts/Faces/RobotoItalic.ufont" 23
"../../../Engine/Content/EngineFonts/Faces/RobotoItalic.uasset" 24
"../../../Engine/Content/EngineFonts/Faces/RobotoItalic.uexp" 25
"../../../Engine/Content/EngineFonts/Faces/RobotoBold.ufont" 26
"../../../Engine/Content/EngineFonts/Faces/RobotoBold.uasset" 27
"../../../Engine/Content/EngineFonts/Faces/RobotoBold.uexp" 28
"../../../Engine/Content/EngineFonts/Roboto.uasset" 29
"../../../Engine/Content/EngineFonts/Roboto.uexp" 30
"../../../Engine/Content/EngineFonts/Faces/DroidSansMono.ufont" 31
"../../../Engine/Content/EngineFonts/Faces/DroidSansMono.uasset" 32
"../../../Engine/Content/EngineFonts/Faces/DroidSansMono.uexp" 33
"../../../Engine/Content/EngineFonts/DroidSansMono.uasset" 34
"../../../Engine/Content/EngineFonts/DroidSansMono.uexp" 35
"../../../Engine/Content/Animation/DefaultVariableFrameStrippingSettings.uexp" 36
"../../../Engine/Content/Animation/DefaultVariableFrameStrippingSettings.uasset" 37
"../../../Engine/Content/Animation/DefaultRecorderBoneCompression.uexp" 38
"../../../Engine/Content/Animation/DefaultRecorderBoneCompression.uasset" 39
"../../../Engine/Plugins/Interchange/Runtime/Content/Pipelines/DefaultGLTFPipeline.uexp" 40
"../../../Engine/Plugins/Interchange/Runtime/Content/Pipelines/DefaultGLTFPipeline.uasset" 41
"../../../Engine/Plugins/Interchange/Runtime/Content/Pipelines/DefaultGLTFAssetsPipeline.uexp" 42
"../../../Engine/Plugins/Interchange/Runtime/Content/Pipelines/DefaultGLTFAssetsPipeline.uasset" 43
"../../../Engine/Plugins/Interchange/Runtime/Content/Pipelines/DefaultAssetsPipeline.uexp" 44
"../../../Engine/Plugins/Interchange/Runtime/Content/Pipelines/DefaultAssetsPipeline.uasset" 45
"../../../Engine/Plugins/Interchange/Runtime/Content/Pipelines/DefaultSceneLevelPipeline.uexp" 46
"../../../Engine/Plugins/Interchange/Runtime/Content/Pipelines/DefaultSceneLevelPipeline.uasset" 47
"../../../Engine/Plugins/Interchange/Runtime/Content/Pipelines/DefaultMaterialXPipeline.uexp" 48
"../../../Engine/Plugins/Interchange/Runtime/Content/Pipelines/DefaultMaterialXPipeline.uasset" 49
"../../../Engine/Plugins/Interchange/Runtime/Content/Pipelines/DefaultSceneAssetsPipeline.uasset" 50
"../../../Engine/Plugins/Interchange/Runtime/Content/Pipelines/DefaultSceneAssetsPipeline.uexp" 51
"../../../Engine/Plugins/Interchange/Runtime/Content/Pipelines/DefaultMaterialPipeline.uasset" 52
"../../../Engine/Plugins/Interchange/Runtime/Content/Pipelines/DefaultMaterialPipeline.uexp" 53
"../../../Engine/Plugins/Interchange/Runtime/Content/Pipelines/DefaultGLTFSceneAssetsPipeline.uexp" 54
"../../../Engine/Plugins/Interchange/Runtime/Content/Pipelines/DefaultGLTFSceneAssetsPipeline.uasset" 55
"../../../Engine/Plugins/Interchange/Runtime/Content/Pipelines/DefaultTexturePipeline.uasset" 56
"../../../Engine/Plugins/Interchange/Runtime/Content/Pipelines/DefaultTexturePipeline.uexp" 57
"../../../Engine/Plugins/Experimental/Water/Content/Waves/GerstnerWaves_Ocean.uexp" 58
"../../../Engine/Plugins/Experimental/Water/Content/Waves/GerstnerWaves_Ocean.uasset" 59
"../../../Engine/Plugins/Experimental/Water/Content/Waves/GerstnerWaves_Lake.uasset" 60
"../../../Engine/Plugins/Experimental/Water/Content/Waves/GerstnerWaves_Lake.uexp" 61
"../../../Engine/Plugins/Animation/ControlRig/Content/Controls/DefaultGizmoLibraryNormalized.uexp" 62
"../../../Engine/Plugins/Animation/ControlRig/Content/Controls/DefaultGizmoLibraryNormalized.uasset" 63
"../../../Engine/Content/EngineSounds/Master.uexp" 64
"../../../Engine/Content/EngineSounds/Master.uasset" 65
"../../../Engine/Content/EngineMaterials/DefaultPhysicalMaterial.uasset" 66
"../../../Engine/Content/EngineMaterials/DefaultPhysicalMaterial.uexp" 67
"../../../Engine/Content/EngineMaterials/DefaultDestructiblePhysicalMaterial.uasset" 68
"../../../Engine/Content/EngineMaterials/DefaultDestructiblePhysicalMaterial.uexp" 69
"../../../Engine/Content/MobileResources/HUD/VirtualJoystick_Background.uexp" 70
"../../../Engine/Content/MobileResources/HUD/VirtualJoystick_Background.uasset" 71
"../../../Engine/Content/MobileResources/HUD/VirtualJoystick_Thumb.uasset" 72
"../../../Engine/Content/MobileResources/HUD/VirtualJoystick_Thumb.uexp" 73
"../../../Engine/Content/MobileResources/HUD/DefaultVirtualJoysticks.uasset" 74
"../../../Engine/Content/MobileResources/HUD/DefaultVirtualJoysticks.uexp" 75
"../../../Engine/Plugins/NNE/NNEDenoiser/Content/NNEDIM_HighQuality_Alpha.uasset" 76
"../../../Engine/Plugins/NNE/NNEDenoiser/Content/NNEDIM_HighQuality_Alpha.uexp" 77
"../../../Engine/Plugins/NNE/NNEDenoiser/Content/NNEDTIM_ColorAlbedoNormal_Default.uasset" 78
"../../../Engine/Plugins/NNE/NNEDenoiser/Content/NNEDTIM_ColorAlbedoNormal_Default.uexp" 79
"../../../Engine/Plugins/NNE/NNEDenoiser/Content/NNEDIM_ColorAlbedoNormal_Default.uexp" 80
"../../../Engine/Plugins/NNE/NNEDenoiser/Content/NNEDIM_ColorAlbedoNormal_Default.uasset" 81
"../../../Engine/Plugins/NNE/NNEDenoiser/Content/NNEDOM_Output_Default.uasset" 82
"../../../Engine/Plugins/NNE/NNEDenoiser/Content/NNEDOM_Output_Default.uexp" 83
"../../../Engine/Plugins/NNE/NNEDenoiser/Content/NNEDOM_Output_Alpha.uasset" 84
"../../../Engine/Plugins/NNE/NNEDenoiser/Content/NNEDOM_Output_Alpha.uexp" 85
"../../../Engine/Plugins/NNE/NNEDenoiser/Content/NNEDIM_ColorAlbedoNormal_Alpha.uasset" 86
"../../../Engine/Plugins/NNE/NNEDenoiser/Content/NNEDIM_ColorAlbedoNormal_Alpha.uexp" 87
"../../../Engine/Plugins/NNE/NNEDenoiser/Content/NNEDTIM_ColorAlbedoNormal_Alpha.uexp" 88
"../../../Engine/Plugins/NNE/NNEDenoiser/Content/NNEDTIM_ColorAlbedoNormal_Alpha.uasset" 89
"../../../Engine/Plugins/NNE/NNEDenoiser/Content/NNEDIM_HighQuality_Default.uexp" 90
"../../../Engine/Plugins/NNE/NNEDenoiser/Content/NNEDIM_HighQuality_Default.uasset" 91
"../../../Engine/Plugins/NNE/NNEDenoiser/Content/NNEDTOM_Output_Alpha.uexp" 92
"../../../Engine/Plugins/NNE/NNEDenoiser/Content/NNEDTOM_Output_Alpha.uasset" 93
"../../../Engine/Plugins/NNE/NNEDenoiser/Content/NNEDTOM_Output_Default.uexp" 94
"../../../Engine/Plugins/NNE/NNEDenoiser/Content/NNEDTOM_Output_Default.uasset" 95
"../../../Engine/Content/EngineResources/GradientTexture0.uexp" 96
"../../../Engine/Content/EngineResources/GradientTexture0.uasset" 97
"../../../Engine/Content/EngineResources/Black.uasset" 98
"../../../Engine/Content/EngineResources/Black.uexp" 99
"../../../Engine/Content/EditorResources/S_Actor.uexp" 100
"../../../Engine/Content/EditorResources/S_Actor.ubulk" 101
"../../../Engine/Content/EditorResources/S_Actor.uasset" 102
"../../../Engine/Content/EditorResources/S_Trigger.uexp" 103
"../../../Engine/Content/EditorResources/S_Trigger.ubulk" 104
"../../../Engine/Content/EditorResources/S_Trigger.uasset" 105
"../../../Engine/Content/EditorResources/S_BoxReflectionCapture.uasset" 106
"../../../Engine/Content/EditorResources/S_BoxReflectionCapture.uexp" 107
"../../../Engine/Content/EngineResources/DefaultTexture.uasset" 108
"../../../Engine/Content/EngineResources/DefaultTexture.uexp" 109
"../../../Engine/Content/EngineResources/DefaultTexture.ubulk" 110
"../../../Engine/Content/EditorResources/S_TriggerBox.uexp" 111
"../../../Engine/Content/EditorResources/S_TriggerBox.uasset" 112
"../../../Engine/Content/EditorResources/S_TriggerCapsule.uexp" 113
"../../../Engine/Content/EditorResources/S_TriggerCapsule.uasset" 114
"../../../Engine/Content/EditorResources/S_TriggerSphere.uasset" 115
"../../../Engine/Content/EditorResources/S_TriggerSphere.uexp" 116
"../../../Engine/Content/EngineMeshes/Sphere.uexp" 117
"../../../Engine/Content/EngineMeshes/Sphere.uasset" 118
"../../../Engine/Content/EngineResources/DefaultTextureCube.uasset" 119
"../../../Engine/Content/EngineResources/DefaultTextureCube.uexp" 120
"../../../Engine/Content/EngineResources/DefaultVolumeTexture2D.uexp" 121
"../../../Engine/Content/EngineResources/DefaultVolumeTexture2D.uasset" 122
"../../../Engine/Content/EngineResources/DefaultVolumeTexture.uexp" 123
"../../../Engine/Content/EngineResources/DefaultVolumeTexture.uasset" 124
"../../../Engine/Content/Functions/Engine_MaterialFunctions02/Utility/MakeFloat2.uexp" 125
"../../../Engine/Content/Functions/Engine_MaterialFunctions02/Utility/MakeFloat2.uasset" 126
"../../../Engine/Content/Functions/Engine_MaterialFunctions02/Utility/BreakOutFloat2Components.uasset" 127
"../../../Engine/Content/Functions/Engine_MaterialFunctions02/Utility/BreakOutFloat2Components.uexp" 128
"../../../Engine/Content/EngineResources/Black_Low.uexp" 129
"../../../Engine/Content/EngineResources/Black_Low.uasset" 130
"../../../Engine/Content/EngineMaterials/BlendFunc_DefBase.uasset" 131
"../../../Engine/Content/EngineMaterials/BlendFunc_DefBase.uexp" 132
"../../../Engine/Content/EngineMaterials/BlendFunc_DefBlend.uexp" 133
"../../../Engine/Content/EngineMaterials/BlendFunc_DefBlend.uasset" 134
"../../../Engine/Content/Functions/Engine_MaterialFunctions03/Procedurals/ComputeFilterWidth.uasset" 135
"../../../Engine/Content/Functions/Engine_MaterialFunctions03/Procedurals/ComputeFilterWidth.uexp" 136
"../../../Engine/Content/EditorMaterials/TilingAALineIntegral.uasset" 137
"../../../Engine/Content/EditorMaterials/TilingAALineIntegral.uexp" 138
"../../../Engine/Content/EditorMaterials/TilingAALineBoxFiltered.uasset" 139
"../../../Engine/Content/EditorMaterials/TilingAALineBoxFiltered.uexp" 140
"../../../Engine/Content/Functions/Engine_MaterialFunctions03/Blends/Blend_Screen.uexp" 141
"../../../Engine/Content/Functions/Engine_MaterialFunctions03/Blends/Blend_Screen.uasset" 142
"../../../Engine/Content/EditorMaterials/TilingAAGrid.uexp" 143
"../../../Engine/Content/EditorMaterials/TilingAAGrid.uasset" 144
"../../../Engine/Content/Functions/Engine_MaterialFunctions02/Utility/VectorLength.uexp" 145
"../../../Engine/Content/Functions/Engine_MaterialFunctions02/Utility/VectorLength.uasset" 146
"../../../Engine/Content/Functions/Engine_MaterialFunctions02/WorldPositionOffset/V2/ObjectScale.uexp" 147
"../../../Engine/Content/Functions/Engine_MaterialFunctions02/WorldPositionOffset/V2/ObjectScale.uasset" 148
"../../../Engine/Plugins/Experimental/Landmass/Content/Landscape/BlueprintBrushes/MPC/MPC_Landscape.uasset" 149
"../../../Engine/Plugins/Experimental/Landmass/Content/Landscape/BlueprintBrushes/MPC/MPC_Landscape.uexp" 150
"../../../Engine/Plugins/Experimental/Landmass/Content/Landscape/BlueprintBrushes/MF/PointSampleLandscapeUVs.uexp" 151
"../../../Engine/Plugins/Experimental/Landmass/Content/Landscape/BlueprintBrushes/MF/PointSampleLandscapeUVs.uasset" 152
"../../../Engine/Content/Functions/Engine_MaterialFunctions01/ImageAdjustment/SCurve.uexp" 153
"../../../Engine/Content/Functions/Engine_MaterialFunctions01/ImageAdjustment/SCurve.uasset" 154
"../../../Engine/Content/ArtTools/RenderToTexture/Textures/T_EV_BlankWhite_01.uexp" 155
"../../../Engine/Content/ArtTools/RenderToTexture/Textures/T_EV_BlankWhite_01.uasset" 156
"../../../Engine/Plugins/Experimental/Landmass/Content/Landscape/OldPrototype_BP/Mats/MF/UnpackRG8Height.uasset" 157
"../../../Engine/Plugins/Experimental/Landmass/Content/Landscape/OldPrototype_BP/Mats/MF/UnpackRG8Height.uexp" 158
"../../../Engine/Plugins/Experimental/Landmass/Content/Landscape/BlueprintBrushes/MF/LandmassBrush_UVs.uexp" 159
"../../../Engine/Plugins/Experimental/Landmass/Content/Landscape/BlueprintBrushes/MF/LandmassBrush_UVs.uasset" 160
"../../../Engine/Plugins/Experimental/Landmass/Content/Landscape/BlueprintBrushes/MF/LandmassBrush_EdgeFalloff.uasset" 161
"../../../Engine/Plugins/Experimental/Landmass/Content/Landscape/BlueprintBrushes/MF/LandmassBrush_EdgeFalloff.uexp" 162
"../../../Engine/Plugins/Experimental/Landmass/Content/Landscape/BlueprintBrushes/MF/LandmassBrush_Noise.uexp" 163
"../../../Engine/Plugins/Experimental/Landmass/Content/Landscape/BlueprintBrushes/MF/LandmassBrush_Noise.uasset" 164
"../../../Engine/Plugins/Experimental/Landmass/Content/Landscape/BlueprintBrushes/MF/Landmass_BrushTilt.uasset" 165
"../../../Engine/Plugins/Experimental/Landmass/Content/Landscape/BlueprintBrushes/MF/Landmass_BrushTilt.uexp" 166
"../../../Engine/Plugins/Experimental/Landmass/Content/Landscape/BlueprintBrushes/Materials/BrushMaterials/BasicFunctions/LandmassBrush_ShapeMask.uexp" 167
"../../../Engine/Plugins/Experimental/Landmass/Content/Landscape/BlueprintBrushes/Materials/BrushMaterials/BasicFunctions/LandmassBrush_ShapeMask.uasset" 168
"../../../Engine/Plugins/Experimental/Landmass/Content/Landscape/BlueprintBrushes/Materials/Internal/BrushBounds.uexp" 169
"../../../Engine/Plugins/Experimental/Landmass/Content/Landscape/BlueprintBrushes/Materials/Internal/BrushBounds.uasset" 170
"../../../Engine/Content/EditorResources/S_Terrain.uasset" 171
"../../../Engine/Content/EditorResources/S_Terrain.uexp" 172
"../../../Engine/Content/EditorResources/S_Terrain.ubulk" 173
"../../../Engine/Content/Functions/Engine_MaterialFunctions02/Utility/MakeFloat3.uexp" 174
"../../../Engine/Content/Functions/Engine_MaterialFunctions02/Utility/MakeFloat3.uasset" 175
"../../../Engine/Content/Functions/Engine_MaterialFunctions02/WorldPositionOffset/ComponentPivotLocation.uasset" 176
"../../../Engine/Content/Functions/Engine_MaterialFunctions02/WorldPositionOffset/ComponentPivotLocation.uexp" 177
"../../../Engine/Content/Functions/Engine_MaterialFunctions02/WorldPositionOffset/Sprite.uexp" 178
"../../../Engine/Content/Functions/Engine_MaterialFunctions02/WorldPositionOffset/Sprite.uasset" 179
"../../../Engine/Plugins/Experimental/Landmass/Content/Landscape/BlueprintBrushes/Materials/Sprite/M_BrushSprite_01.uasset" 180
"../../../Engine/Plugins/Experimental/Landmass/Content/Landscape/BlueprintBrushes/Materials/Sprite/M_BrushSprite_01.uexp" 181
"../../../Engine/Content/EngineMaterials/Substrate/GLints/AGlintTex2dArray.uasset" 182
"../../../Engine/Content/EngineMaterials/Substrate/GLints/AGlintTex2dArray.uexp" 183
"../../../Engine/Content/EngineMaterials/Substrate/Glints2/AGlintTex2dArray2.uasset" 184
"../../../Engine/Content/EngineMaterials/Substrate/Glints2/AGlintTex2dArray2.uexp" 185
"../../../Engine/Content/EngineMaterials/Substrate/Volume/SubstrateSimpleVolumeLUT3D.uasset" 186
"../../../Engine/Content/EngineMaterials/Substrate/Volume/SubstrateSimpleVolumeLUT3D.uexp" 187
"../../../Engine/Content/EngineMaterials/Substrate/Volume/SubstrateSimpleVolumeEnvLUT3D.uexp" 188
"../../../Engine/Content/EngineMaterials/Substrate/Volume/SubstrateSimpleVolumeEnvLUT3D.uasset" 189
"../../../Engine/Content/Functions/Engine_MaterialFunctions01/Shading/ConvertFromDiffSpec.uexp" 190
"../../../Engine/Content/Functions/Engine_MaterialFunctions01/Shading/ConvertFromDiffSpec.uasset" 191
"../../../Engine/Content/Functions/Engine_MaterialFunctions01/Shading/PowerToRoughness.uexp" 192
"../../../Engine/Content/Functions/Engine_MaterialFunctions01/Shading/PowerToRoughness.uasset" 193
"../../../Engine/Content/EngineMaterials/T_Default_Material_Grid_M.uasset" 194
"../../../Engine/Content/EngineMaterials/T_Default_Material_Grid_M.ubulk" 195
"../../../Engine/Content/EngineMaterials/T_Default_Material_Grid_M.uexp" 196
"../../../Engine/Content/EngineMaterials/T_Default_Material_Grid_N.uasset" 197
"../../../Engine/Content/EngineMaterials/T_Default_Material_Grid_N.uexp" 198
"../../../Engine/Content/EngineMaterials/T_Default_Material_Grid_N.ubulk" 199
"../../../Engine/Content/Functions/Engine_MaterialFunctions01/Opacity/CameraDepthFade.uexp" 200
"../../../Engine/Content/Functions/Engine_MaterialFunctions01/Opacity/CameraDepthFade.uasset" 201
"../../../Engine/Content/EngineMaterials/WorldGridMaterial.uexp" 202
"../../../Engine/Content/EngineMaterials/WorldGridMaterial.uasset" 203
"../../../Engine/Content/ArtTools/RenderToTexture/Meshes/S_1_Unit_Plane.uexp" 204
"../../../Engine/Content/ArtTools/RenderToTexture/Meshes/S_1_Unit_Plane.uasset" 205
"../../../Engine/Content/VREditor/LaserPointer/VR_LaserPower_01.uexp" 206
"../../../Engine/Content/VREditor/LaserPointer/VR_LaserPower_01.ubulk" 207
"../../../Engine/Content/VREditor/LaserPointer/VR_LaserPower_01.uasset" 208
"../../../Engine/Content/VREditor/TransformGizmo/TransformGizmoMaterial.uasset" 209
"../../../Engine/Content/VREditor/TransformGizmo/TransformGizmoMaterial.uexp" 210
"../../../Engine/Content/VREditor/TransformGizmo/TranslucentTransformGizmoMaterial.uasset" 211
"../../../Engine/Content/VREditor/TransformGizmo/TranslucentTransformGizmoMaterial.uexp" 212
"../../../Engine/Content/VREditor/TransformGizmo/BoundingBoxCorner.uasset" 213
"../../../Engine/Content/VREditor/TransformGizmo/BoundingBoxCorner.uexp" 214
"../../../Engine/Content/VREditor/TransformGizmo/Main.uasset" 215
"../../../Engine/Content/VREditor/TransformGizmo/Main.uexp" 216
"../../../Engine/Content/VREditor/TransformGizmo/Xray.uexp" 217
"../../../Engine/Content/VREditor/TransformGizmo/Xray.uasset" 218
"../../../Engine/Content/VREditor/TransformGizmo/SM_Sequencer_Node.uexp" 219
"../../../Engine/Content/VREditor/TransformGizmo/SM_Sequencer_Node.uasset" 220
"../../../Engine/Content/VREditor/TransformGizmo/BoundingBoxEdge.uexp" 221
"../../../Engine/Content/VREditor/TransformGizmo/BoundingBoxEdge.uasset" 222
"../../../Engine/Plugins/Experimental/Landmass/Content/Landscape/Meshes/S_SpritePlane.uexp" 223
"../../../Engine/Plugins/Experimental/Landmass/Content/Landscape/Meshes/S_SpritePlane.uasset" 224
"../../../Engine/Content/Functions/Engine_MaterialFunctions02/Utility/BreakOutFloat3Components.uasset" 225
"../../../Engine/Content/Functions/Engine_MaterialFunctions02/Utility/BreakOutFloat3Components.uexp" 226
"../../../Engine/Plugins/Interchange/Assets/Content/Utilities/New_LUT.uasset" 227
"../../../Engine/Plugins/Interchange/Assets/Content/Utilities/New_LUT.uexp" 228
"../../../Engine/Content/Functions/Engine_MaterialFunctions03/Math/RemapValueRange.uexp" 229
"../../../Engine/Content/Functions/Engine_MaterialFunctions03/Math/RemapValueRange.uasset" 230
"../../../Engine/Plugins/Interchange/Assets/Content/Functions/MF_Iridescence.uasset" 231
"../../../Engine/Plugins/Interchange/Assets/Content/Functions/MF_Iridescence.uexp" 232
"../../../Engine/Plugins/Interchange/Assets/Content/gltf/Textures/T_White_srgb.uasset" 233
"../../../Engine/Plugins/Interchange/Assets/Content/gltf/Textures/T_White_srgb.uexp" 234
"../../../Engine/Plugins/Interchange/Assets/Content/gltf/MaterialFunctions/MF_BaseColor.uexp" 235
"../../../Engine/Plugins/Interchange/Assets/Content/gltf/MaterialFunctions/MF_BaseColor.uasset" 236
"../../../Engine/Plugins/Interchange/Assets/Content/gltf/MaterialFunctions/MF_Emissive.uexp" 237
"../../../Engine/Plugins/Interchange/Assets/Content/gltf/MaterialFunctions/MF_Emissive.uasset" 238
"../../../Engine/Plugins/Interchange/Assets/Content/gltf/MaterialFunctions/MF_IOR.uexp" 239
"../../../Engine/Plugins/Interchange/Assets/Content/gltf/MaterialFunctions/MF_IOR.uasset" 240
"../../../Engine/Plugins/Interchange/Assets/Content/Functions/MF_IridescenceNoLUT.uexp" 241
"../../../Engine/Plugins/Interchange/Assets/Content/Functions/MF_IridescenceNoLUT.uasset" 242
"../../../Engine/Plugins/Interchange/Assets/Content/gltf/MaterialFunctions/MF_Iridescence.uasset" 243
"../../../Engine/Plugins/Interchange/Assets/Content/gltf/MaterialFunctions/MF_Iridescence.uexp" 244
"../../../Engine/Plugins/Interchange/Assets/Content/gltf/Textures/T_White_Linear.uexp" 245
"../../../Engine/Plugins/Interchange/Assets/Content/gltf/Textures/T_White_Linear.uasset" 246
"../../../Engine/Plugins/Interchange/Assets/Content/gltf/MaterialFunctions/MF_MetallicRoughness.uexp" 247
"../../../Engine/Plugins/Interchange/Assets/Content/gltf/MaterialFunctions/MF_MetallicRoughness.uasset" 248
"../../../Engine/Content/Functions/Engine_MaterialFunctions02/Math/Transform3x3Matrix.uasset" 249
"../../../Engine/Content/Functions/Engine_MaterialFunctions02/Math/Transform3x3Matrix.uexp" 250
"../../../Engine/Plugins/Interchange/Assets/Content/gltf/MaterialFunctions/MF_RotateNormals_TS.uexp" 251
"../../../Engine/Plugins/Interchange/Assets/Content/gltf/MaterialFunctions/MF_RotateNormals_TS.uasset" 252
"../../../Engine/Plugins/Interchange/Assets/Content/gltf/MaterialFunctions/MF_ScaleNormal.uasset" 253
"../../../Engine/Plugins/Interchange/Assets/Content/gltf/MaterialFunctions/MF_ScaleNormal.uexp" 254
"../../../Engine/Plugins/Interchange/Assets/Content/gltf/Textures/T_Generic_N.uasset" 255
"../../../Engine/Plugins/Interchange/Assets/Content/gltf/Textures/T_Generic_N.uexp" 256
"../../../Engine/Plugins/Interchange/Assets/Content/gltf/MaterialFunctions/MF_Normals.uasset" 257
"../../../Engine/Plugins/Interchange/Assets/Content/gltf/MaterialFunctions/MF_Normals.uexp" 258
"../../../Engine/Plugins/Interchange/Assets/Content/gltf/MaterialFunctions/MF_Occlusion.uasset" 259
"../../../Engine/Plugins/Interchange/Assets/Content/gltf/MaterialFunctions/MF_Occlusion.uexp" 260
"../../../Engine/Plugins/Interchange/Assets/Content/gltf/MaterialFunctions/MF_RotateV2.uasset" 261
"../../../Engine/Plugins/Interchange/Assets/Content/gltf/MaterialFunctions/MF_RotateV2.uexp" 262
"../../../Engine/Plugins/Interchange/Assets/Content/gltf/MaterialFunctions/MF_Specular.uexp" 263
"../../../Engine/Plugins/Interchange/Assets/Content/gltf/MaterialFunctions/MF_Specular.uasset" 264
"../../../Engine/Plugins/Interchange/Assets/Content/gltf/Textures/T_Anisotropy_Direction_Linear.uasset" 265
"../../../Engine/Plugins/Interchange/Assets/Content/gltf/Textures/T_Anisotropy_Direction_Linear.uexp" 266
"../../../Engine/Plugins/Interchange/Assets/Content/gltf/MaterialFunctions/MF_SpecularAnisotropy.uasset" 267
"../../../Engine/Plugins/Interchange/Assets/Content/gltf/MaterialFunctions/MF_SpecularAnisotropy.uexp" 268
"../../../Engine/Plugins/Interchange/Assets/Content/gltf/MaterialFunctions/MF_TransformUVs.uasset" 269
"../../../Engine/Plugins/Interchange/Assets/Content/gltf/MaterialFunctions/MF_TransformUVs.uexp" 270
"../../../Engine/Plugins/Interchange/Assets/Content/gltf/MaterialBodies/MF_Default_Body.uasset" 271
"../../../Engine/Plugins/Interchange/Assets/Content/gltf/MaterialBodies/MF_Default_Body.uexp" 272
"../../../Engine/Plugins/Interchange/Assets/Content/gltf/M_Default.uasset" 273
"../../../Engine/Plugins/Interchange/Assets/Content/gltf/M_Default.uexp" 274
"../../../Engine/Plugins/Interchange/Assets/Content/gltf/MaterialInstances/MI_Default_Mask.uasset" 275
"../../../Engine/Plugins/Interchange/Assets/Content/gltf/MaterialInstances/MI_Default_Mask.uexp" 276
"../../../Engine/Plugins/Interchange/Assets/Content/gltf/MaterialFunctions/MF_DiffuseSpecGloss.uasset" 277
"../../../Engine/Plugins/Interchange/Assets/Content/gltf/MaterialFunctions/MF_DiffuseSpecGloss.uexp" 278
"../../../Engine/Plugins/Interchange/Assets/Content/gltf/MaterialFunctions/MF_MaxComponentValue.uexp" 279
"../../../Engine/Plugins/Interchange/Assets/Content/gltf/MaterialFunctions/MF_MaxComponentValue.uasset" 280
"../../../Engine/Content/Functions/Engine_MaterialFunctions02/Math/AddComponents.uexp" 281
"../../../Engine/Content/Functions/Engine_MaterialFunctions02/Math/AddComponents.uasset" 282
"../../../Engine/Plugins/Interchange/Assets/Content/gltf/MaterialFunctions/MF_PerceivedBrightness.uasset" 283
"../../../Engine/Plugins/Interchange/Assets/Content/gltf/MaterialFunctions/MF_PerceivedBrightness.uexp" 284
"../../../Engine/Plugins/Interchange/Assets/Content/gltf/MaterialFunctions/MF_SpecGlossToMetalRoughness.uasset" 285
"../../../Engine/Plugins/Interchange/Assets/Content/gltf/MaterialFunctions/MF_SpecGlossToMetalRoughness.uexp" 286
"../../../Engine/Plugins/Interchange/Assets/Content/gltf/MaterialBodies/MF_SpecularGlossiness_Body.uasset" 287
"../../../Engine/Plugins/Interchange/Assets/Content/gltf/MaterialBodies/MF_SpecularGlossiness_Body.uexp" 288
"../../../Engine/Plugins/Interchange/Assets/Content/gltf/M_SpecularGlossiness.uexp" 289
"../../../Engine/Plugins/Interchange/Assets/Content/gltf/M_SpecularGlossiness.uasset" 290
"../../../Engine/Plugins/Interchange/Assets/Content/gltf/MaterialInstances/MI_SpecularGlossiness_Blend_DS.uasset" 291
"../../../Engine/Plugins/Interchange/Assets/Content/gltf/MaterialInstances/MI_SpecularGlossiness_Blend_DS.uexp" 292
"../../../Engine/Plugins/Interchange/Assets/Content/gltf/MaterialFunctions/MF_Sheen.uasset" 293
"../../../Engine/Plugins/Interchange/Assets/Content/gltf/MaterialFunctions/MF_Sheen.uexp" 294
"../../../Engine/Plugins/Interchange/Assets/Content/gltf/MaterialBodies/MF_Sheen_Body.uexp" 295
"../../../Engine/Plugins/Interchange/Assets/Content/gltf/MaterialBodies/MF_Sheen_Body.uasset" 296
"../../../Engine/Plugins/Interchange/Assets/Content/gltf/M_Sheen.uasset" 297
"../../../Engine/Plugins/Interchange/Assets/Content/gltf/M_Sheen.uexp" 298
"../../../Engine/Plugins/Interchange/Assets/Content/gltf/MaterialInstances/MI_Sheen_Blend.uexp" 299
"../../../Engine/Plugins/Interchange/Assets/Content/gltf/MaterialInstances/MI_Sheen_Blend.uasset" 300
"../../../Engine/Content/Functions/Engine_MaterialFunctions01/Texturing/FlattenNormal.uasset" 301
"../../../Engine/Content/Functions/Engine_MaterialFunctions01/Texturing/FlattenNormal.uexp" 302
"../../../Engine/Plugins/Interchange/Assets/Content/gltf/MaterialFunctions/MF_Clearcoat.uexp" 303
"../../../Engine/Plugins/Interchange/Assets/Content/gltf/MaterialFunctions/MF_Clearcoat.uasset" 304
"../../../Engine/Plugins/Interchange/Assets/Content/gltf/MaterialBodies/MF_ClearCoat_Body.uexp" 305
"../../../Engine/Plugins/Interchange/Assets/Content/gltf/MaterialBodies/MF_ClearCoat_Body.uasset" 306
"../../../Engine/Plugins/Interchange/Assets/Content/gltf/M_ClearCoat.uexp" 307
"../../../Engine/Plugins/Interchange/Assets/Content/gltf/M_ClearCoat.uasset" 308
"../../../Engine/Plugins/Interchange/Assets/Content/gltf/MaterialInstances/MI_ClearCoat_Opaque_DS.uexp" 309
"../../../Engine/Plugins/Interchange/Assets/Content/gltf/MaterialInstances/MI_ClearCoat_Opaque_DS.uasset" 310
"../../../Engine/Plugins/Interchange/Assets/Content/gltf/MaterialInstances/MI_SpecularGlossiness_Blend.uasset" 311
"../../../Engine/Plugins/Interchange/Assets/Content/gltf/MaterialInstances/MI_SpecularGlossiness_Blend.uexp" 312
"../../../Engine/Plugins/Interchange/Assets/Content/gltf/MaterialInstances/MI_Default_Blend_DS.uexp" 313
"../../../Engine/Plugins/Interchange/Assets/Content/gltf/MaterialInstances/MI_Default_Blend_DS.uasset" 314
"../../../Engine/Plugins/Interchange/Assets/Content/gltf/MaterialInstances/MI_Default_Opaque.uexp" 315
"../../../Engine/Plugins/Interchange/Assets/Content/gltf/MaterialInstances/MI_Default_Opaque.uasset" 316
"../../../Engine/Plugins/Interchange/Assets/Content/gltf/MaterialInstances/MI_Default_Blend.uasset" 317
"../../../Engine/Plugins/Interchange/Assets/Content/gltf/MaterialInstances/MI_Default_Blend.uexp" 318
"../../../Engine/Plugins/Interchange/Assets/Content/gltf/MaterialInstances/MI_ClearCoat_Blend.uexp" 319
"../../../Engine/Plugins/Interchange/Assets/Content/gltf/MaterialInstances/MI_ClearCoat_Blend.uasset" 320
"../../../Engine/Plugins/Interchange/Assets/Content/gltf/MaterialBodies/MF_Unlit_Body.uasset" 321
"../../../Engine/Plugins/Interchange/Assets/Content/gltf/MaterialBodies/MF_Unlit_Body.uexp" 322
"../../../Engine/Plugins/Interchange/Assets/Content/gltf/M_Unlit.uasset" 323
"../../../Engine/Plugins/Interchange/Assets/Content/gltf/M_Unlit.uexp" 324
"../../../Engine/Plugins/Interchange/Assets/Content/gltf/MaterialInstances/MI_Unlit_Opaque_DS.uexp" 325
"../../../Engine/Plugins/Interchange/Assets/Content/gltf/MaterialInstances/MI_Unlit_Opaque_DS.uasset" 326
"../../../Engine/Plugins/Interchange/Assets/Content/gltf/MaterialInstances/MI_Sheen_Mask_DS.uasset" 327
"../../../Engine/Plugins/Interchange/Assets/Content/gltf/MaterialInstances/MI_Sheen_Mask_DS.uexp" 328
"../../../Engine/Plugins/Interchange/Assets/Content/gltf/MaterialInstances/MI_Sheen_Opaque.uasset" 329
"../../../Engine/Plugins/Interchange/Assets/Content/gltf/MaterialInstances/MI_Sheen_Opaque.uexp" 330
"../../../Engine/Plugins/Interchange/Assets/Content/gltf/MaterialInstances/MI_Default_Mask_DS.uexp" 331
"../../../Engine/Plugins/Interchange/Assets/Content/gltf/MaterialInstances/MI_Default_Mask_DS.uasset" 332
"../../../Engine/Plugins/Interchange/Assets/Content/gltf/MaterialInstances/MI_Default_Opaque_DS.uexp" 333
"../../../Engine/Plugins/Interchange/Assets/Content/gltf/MaterialInstances/MI_Default_Opaque_DS.uasset" 334
"../../../Engine/Plugins/Interchange/Assets/Content/gltf/MaterialInstances/MI_Unlit_Blend.uasset" 335
"../../../Engine/Plugins/Interchange/Assets/Content/gltf/MaterialInstances/MI_Unlit_Blend.uexp" 336
"../../../Engine/Plugins/Interchange/Assets/Content/gltf/MaterialInstances/MI_Sheen_Mask.uexp" 337
"../../../Engine/Plugins/Interchange/Assets/Content/gltf/MaterialInstances/MI_Sheen_Mask.uasset" 338
"../../../Engine/Plugins/Interchange/Assets/Content/gltf/MaterialInstances/MI_Unlit_Mask_DS.uasset" 339
"../../../Engine/Plugins/Interchange/Assets/Content/gltf/MaterialInstances/MI_Unlit_Mask_DS.uexp" 340
"../../../Engine/Plugins/Interchange/Assets/Content/gltf/MaterialInstances/MI_Sheen_Opaque_DS.uasset" 341
"../../../Engine/Plugins/Interchange/Assets/Content/gltf/MaterialInstances/MI_Sheen_Opaque_DS.uexp" 342
"../../../Engine/Plugins/Interchange/Assets/Content/gltf/MaterialInstances/MI_SpecularGlossiness_Mask.uexp" 343
"../../../Engine/Plugins/Interchange/Assets/Content/gltf/MaterialInstances/MI_SpecularGlossiness_Mask.uasset" 344
"../../../Engine/Plugins/Interchange/Assets/Content/gltf/MaterialInstances/MI_ClearCoat_Mask_DS.uexp" 345
"../../../Engine/Plugins/Interchange/Assets/Content/gltf/MaterialInstances/MI_ClearCoat_Mask_DS.uasset" 346
"../../../Engine/Plugins/Interchange/Assets/Content/gltf/MaterialInstances/MI_SpecularGlossiness_Opaque.uasset" 347
"../../../Engine/Plugins/Interchange/Assets/Content/gltf/MaterialInstances/MI_SpecularGlossiness_Opaque.uexp" 348
"../../../Engine/Plugins/Interchange/Assets/Content/gltf/MaterialInstances/MI_Unlit_Blend_DS.uexp" 349
"../../../Engine/Plugins/Interchange/Assets/Content/gltf/MaterialInstances/MI_Unlit_Blend_DS.uasset" 350
"../../../Engine/Plugins/Interchange/Assets/Content/gltf/MaterialInstances/MI_SpecularGlossiness_Opaque_DS.uexp" 351
"../../../Engine/Plugins/Interchange/Assets/Content/gltf/MaterialInstances/MI_SpecularGlossiness_Opaque_DS.uasset" 352
"../../../Engine/Content/EngineMaterials/Good64x64TilingNoiseHighFreq.uasset" 353
"../../../Engine/Content/EngineMaterials/Good64x64TilingNoiseHighFreq.uexp" 354
"../../../Engine/Content/Functions/Engine_MaterialFunctions02/Texturing/ScreenAlignedPixelToPixelUVs.uasset" 355
"../../../Engine/Content/Functions/Engine_MaterialFunctions02/Texturing/ScreenAlignedPixelToPixelUVs.uexp" 356
"../../../Engine/Content/Functions/Engine_MaterialFunctions02/Utility/CameraDirectionVector.uexp" 357
"../../../Engine/Content/Functions/Engine_MaterialFunctions02/Utility/CameraDirectionVector.uasset" 358
"../../../Engine/Plugins/Interchange/Assets/Content/gltf/MaterialFunctions/MF_Fresnel_DS.uexp" 359
"../../../Engine/Plugins/Interchange/Assets/Content/gltf/MaterialFunctions/MF_Fresnel_DS.uasset" 360
"../../../Engine/Plugins/Interchange/Assets/Content/gltf/MaterialFunctions/MF_Temporal_Blur.uexp" 361
"../../../Engine/Plugins/Interchange/Assets/Content/gltf/MaterialFunctions/MF_Temporal_Blur.uasset" 362
"../../../Engine/Plugins/Interchange/Assets/Content/gltf/MaterialFunctions/MF_Transmission.uasset" 363
"../../../Engine/Plugins/Interchange/Assets/Content/gltf/MaterialFunctions/MF_Transmission.uexp" 364
"../../../Engine/Plugins/Interchange/Assets/Content/gltf/MaterialBodies/MF_Transmission_Body.uasset" 365
"../../../Engine/Plugins/Interchange/Assets/Content/gltf/MaterialBodies/MF_Transmission_Body.uexp" 366
"../../../Engine/Plugins/Interchange/Assets/Content/gltf/M_Transmission.uasset" 367
"../../../Engine/Plugins/Interchange/Assets/Content/gltf/M_Transmission.uexp" 368
"../../../Engine/Plugins/Interchange/Assets/Content/gltf/MaterialInstances/MI_Transmission_DS.uexp" 369
"../../../Engine/Plugins/Interchange/Assets/Content/gltf/MaterialInstances/MI_Transmission_DS.uasset" 370
"../../../Engine/Plugins/Interchange/Assets/Content/gltf/MaterialInstances/MI_ClearCoat_Opaque.uexp" 371
"../../../Engine/Plugins/Interchange/Assets/Content/gltf/MaterialInstances/MI_ClearCoat_Opaque.uasset" 372
"../../../Engine/Plugins/Interchange/Assets/Content/gltf/MaterialInstances/MI_Unlit_Opaque.uexp" 373
"../../../Engine/Plugins/Interchange/Assets/Content/gltf/MaterialInstances/MI_Unlit_Opaque.uasset" 374
"../../../Engine/Plugins/Interchange/Assets/Content/gltf/MaterialInstances/MI_Unlit_Mask.uasset" 375
"../../../Engine/Plugins/Interchange/Assets/Content/gltf/MaterialInstances/MI_Unlit_Mask.uexp" 376
"../../../Engine/Plugins/Interchange/Assets/Content/gltf/MaterialInstances/MI_SpecularGlossiness_Mask_DS.uexp" 377
"../../../Engine/Plugins/Interchange/Assets/Content/gltf/MaterialInstances/MI_SpecularGlossiness_Mask_DS.uasset" 378
"../../../Engine/Plugins/Interchange/Assets/Content/gltf/MaterialInstances/MI_ClearCoat_Blend_DS.uexp" 379
"../../../Engine/Plugins/Interchange/Assets/Content/gltf/MaterialInstances/MI_ClearCoat_Blend_DS.uasset" 380
"../../../Engine/Plugins/Interchange/Assets/Content/gltf/MaterialInstances/MI_Transmission.uexp" 381
"../../../Engine/Plugins/Interchange/Assets/Content/gltf/MaterialInstances/MI_Transmission.uasset" 382
"../../../Engine/Plugins/Interchange/Assets/Content/gltf/MaterialInstances/MI_ClearCoat_Mask.uexp" 383
"../../../Engine/Plugins/Interchange/Assets/Content/gltf/MaterialInstances/MI_ClearCoat_Mask.uasset" 384
"../../../Engine/Plugins/Interchange/Assets/Content/gltf/MaterialInstances/MI_Sheen_Blend_DS.uexp" 385
"../../../Engine/Plugins/Interchange/Assets/Content/gltf/MaterialInstances/MI_Sheen_Blend_DS.uasset" 386
"../../../Engine/Content/EditorResources/S_Solver.uasset" 387
"../../../Engine/Content/EditorResources/S_Solver.uexp" 388
"../../../Engine/Content/EditorResources/S_Solver.ubulk" 389
"../../../Engine/Content/EditorMaterials/Dataflow/DataflowVertexMaterial.uasset" 390
"../../../Engine/Content/EditorMaterials/Dataflow/DataflowVertexMaterial.uexp" 391
"../../../Engine/Content/EditorMaterials/Dataflow/DataflowTwoSidedVertexMaterial.uasset" 392
"../../../Engine/Content/EditorMaterials/Dataflow/DataflowTwoSidedVertexMaterial.uexp" 393
"../../../Engine/Content/EditorMaterials/ParticleSystems/PSysThumbnail_NoImage.ubulk" 394
"../../../Engine/Content/EditorMaterials/ParticleSystems/PSysThumbnail_NoImage.uexp" 395
"../../../Engine/Content/EditorMaterials/ParticleSystems/PSysThumbnail_NoImage.uasset" 396
"../../../Engine/Content/EditorMaterials/ParticleSystems/PSysThumbnail_OOD.ubulk" 397
"../../../Engine/Content/EditorMaterials/ParticleSystems/PSysThumbnail_OOD.uexp" 398
"../../../Engine/Content/EditorMaterials/ParticleSystems/PSysThumbnail_OOD.uasset" 399
"../../../Engine/Content/EditorMaterials/Camera/CineMat.uasset" 400
"../../../Engine/Content/EditorMaterials/Camera/CineMat.uexp" 401
"../../../Engine/Content/EditorMaterials/Camera/MI_CineMat_Rig.uasset" 402
"../../../Engine/Content/EditorMaterials/Camera/MI_CineMat_Rig.uexp" 403
"../../../Engine/Content/EditorMeshes/Camera/SM_CraneRig_Body.uasset" 404
"../../../Engine/Content/EditorMeshes/Camera/SM_CraneRig_Body.uexp" 405
"../../../Engine/Content/EditorMeshes/Camera/SM_RailRig_Mount.uexp" 406
"../../../Engine/Content/EditorMeshes/Camera/SM_RailRig_Mount.uasset" 407
"../../../Engine/Content/EditorMeshes/Camera/SM_CraneRig_Base.uexp" 408
"../../../Engine/Content/EditorMeshes/Camera/SM_CraneRig_Base.uasset" 409
"../../../Engine/Content/EditorMeshes/Camera/SM_CraneRig_Mount.uexp" 410
"../../../Engine/Content/EditorMeshes/Camera/SM_CraneRig_Mount.uasset" 411
"../../../Engine/Content/EditorMeshes/Camera/SM_CraneRig_Arm.uexp" 412
"../../../Engine/Content/EditorMeshes/Camera/SM_CraneRig_Arm.uasset" 413
"../../../Engine/Content/EditorMeshes/Camera/SM_RailRig_Track.uexp" 414
"../../../Engine/Content/EditorMeshes/Camera/SM_RailRig_Track.uasset" 415
"../../../Engine/Content/EditorResources/SequenceRecorder/Countdown.uasset" 416
"../../../Engine/Content/EditorResources/SequenceRecorder/Countdown.uexp" 417
"../../../Engine/Content/EditorResources/SequenceRecorder/RecordingIndicator.uexp" 418
"../../../Engine/Content/EditorResources/SequenceRecorder/RecordingIndicator.uasset" 419
"../../../Engine/Content/EngineMaterials/EnergyConservation/GGX_ReflectionEnergy.uasset" 420
"../../../Engine/Content/EngineMaterials/EnergyConservation/GGX_ReflectionEnergy.uexp" 421
"../../../Engine/Content/EngineMaterials/EnergyConservation/GGX_TransmissionEnergyArray.uasset" 422
"../../../Engine/Content/EngineMaterials/EnergyConservation/GGX_TransmissionEnergyArray.uexp" 423
"../../../Engine/Content/EngineMaterials/EnergyConservation/Sheen_Energy.uasset" 424
"../../../Engine/Content/EngineMaterials/EnergyConservation/Sheen_Energy.uexp" 425
"../../../Engine/Content/EngineMaterials/EnergyConservation/SheenLegacy_Energy.uasset" 426
"../../../Engine/Content/EngineMaterials/EnergyConservation/SheenLegacy_Energy.uexp" 427
"../../../Engine/Content/EngineMaterials/EnergyConservation/Diffuse_Energy.uexp" 428
"../../../Engine/Content/EngineMaterials/EnergyConservation/Diffuse_Energy.uasset" 429
"../../../Engine/Content/EngineMaterials/LTC/GGX_LTCMat.uexp" 430
"../../../Engine/Content/EngineMaterials/LTC/GGX_LTCMat.uasset" 431
"../../../Engine/Content/EngineMaterials/LTC/Sheen_LTC.uasset" 432
"../../../Engine/Content/EngineMaterials/LTC/Sheen_LTC.uexp" 433
"../../../Engine/Content/EngineMaterials/LTC/GGX_LTCAmp.uexp" 434
"../../../Engine/Content/EngineMaterials/LTC/GGX_LTCAmp.uasset" 435
"../../../Engine/Content/EngineResources/Development/ZenLogo_64.uasset" 436
"../../../Engine/Content/EngineResources/Development/ZenLogo_64.uexp" 437
"../../../Engine/Content/EngineResources/FilmGrains/Marcie_Grain_v3_128_M2_000.uexp" 438
"../../../Engine/Content/EngineResources/FilmGrains/Marcie_Grain_v3_128_M2_000.uasset" 439
"../../../Engine/Content/EngineMaterials/DefaultCalibrationGrayscale.uexp" 440
"../../../Engine/Content/EngineMaterials/DefaultCalibrationGrayscale.uasset" 441
"../../../Engine/Content/EngineMaterials/PPM_DefaultCalibrationGrayscale.uasset" 442
"../../../Engine/Content/EngineMaterials/PPM_DefaultCalibrationGrayscale.uexp" 443
"../../../Engine/Content/EngineMaterials/NaniteHiddenSectionMaterial.uasset" 444
"../../../Engine/Content/EngineMaterials/NaniteHiddenSectionMaterial.uexp" 445
"../../../Engine/Content/EngineResources/WhiteSquareTexture.uexp" 446
"../../../Engine/Content/EngineResources/WhiteSquareTexture.uasset" 447
"../../../Engine/Content/EngineMaterials/Widget3DPassThrough.uexp" 448
"../../../Engine/Content/EngineMaterials/Widget3DPassThrough.uasset" 449
"../../../Engine/Content/EngineMaterials/Widget3DPassThrough_Masked.uasset" 450
"../../../Engine/Content/EngineMaterials/Widget3DPassThrough_Masked.uexp" 451
"../../../Engine/Content/EngineMaterials/Widget3DPassThrough_Translucent.uasset" 452
"../../../Engine/Content/EngineMaterials/Widget3DPassThrough_Translucent.uexp" 453
"../../../Engine/Content/EngineMaterials/Widget3DPassThrough_Translucent_OneSided.uasset" 454
"../../../Engine/Content/EngineMaterials/Widget3DPassThrough_Translucent_OneSided.uexp" 455
"../../../Engine/Content/EngineMaterials/DefaultCalibrationColor.uexp" 456
"../../../Engine/Content/EngineMaterials/DefaultCalibrationColor.uasset" 457
"../../../Engine/Content/EngineMaterials/PPM_DefaultCalibrationColor.uasset" 458
"../../../Engine/Content/EngineMaterials/PPM_DefaultCalibrationColor.uexp" 459
"../../../Engine/Content/EngineMaterials/FastBlueNoise_scalar_128x128x8.uasset" 460
"../../../Engine/Content/EngineMaterials/FastBlueNoise_scalar_128x128x8.uexp" 461
"../../../Engine/Content/Functions/Engine_MaterialFunctions02/WorldPositionOffset/CameraOffset.uexp" 462
"../../../Engine/Content/Functions/Engine_MaterialFunctions02/WorldPositionOffset/CameraOffset.uasset" 463
"../../../Engine/Content/EngineMaterials/PhAT_JointLimitMaterial.uasset" 464
"../../../Engine/Content/EngineMaterials/PhAT_JointLimitMaterial.uexp" 465
"../../../Engine/Content/EngineMaterials/GizmoMaterial.uexp" 466
"../../../Engine/Content/EngineMaterials/GizmoMaterial.uasset" 467
"../../../Engine/Content/EngineMaterials/BaseFlattenEmissiveMap.uexp" 468
"../../../Engine/Content/EngineMaterials/BaseFlattenEmissiveMap.uasset" 469
"../../../Engine/Content/EngineMaterials/BaseFlattenLinearColor.uasset" 470
"../../../Engine/Content/EngineMaterials/BaseFlattenLinearColor.uexp" 471
"../../../Engine/Content/EngineMaterials/BaseFlattenNormalMap.uexp" 472
"../../../Engine/Content/EngineMaterials/BaseFlattenNormalMap.uasset" 473
"../../../Engine/Content/EngineMaterials/BaseFlattenDiffuseMap.uasset" 474
"../../../Engine/Content/EngineMaterials/BaseFlattenDiffuseMap.uexp" 475
"../../../Engine/Content/EngineMaterials/BaseFlattenGrayscaleMap.uasset" 476
"../../../Engine/Content/EngineMaterials/BaseFlattenGrayscaleMap.uexp" 477
"../../../Engine/Content/Functions/Engine_MaterialFunctions02/PivotPainter2/Black_1x1_EXR_Texture.uexp" 478
"../../../Engine/Content/Functions/Engine_MaterialFunctions02/PivotPainter2/Black_1x1_EXR_Texture.uasset" 479
"../../../Engine/Content/EngineMaterials/FlattenMaterial.uasset" 480
"../../../Engine/Content/EngineMaterials/FlattenMaterial.uexp" 481
"../../../Engine/Content/EngineMaterials/DefaultWhiteGrid_Low.uasset" 482
"../../../Engine/Content/EngineMaterials/DefaultWhiteGrid_Low.uexp" 483
"../../../Engine/Content/EngineMaterials/EmissiveMeshMaterial.uexp" 484
"../../../Engine/Content/EngineMaterials/EmissiveMeshMaterial.uasset" 485
"../../../Engine/Content/EngineMaterials/Widget3DPassThrough_Opaque.uasset" 486
"../../../Engine/Content/EngineMaterials/Widget3DPassThrough_Opaque.uexp" 487
"../../../Engine/Content/EngineMaterials/Widget3DPassThrough_Masked_OneSided.uexp" 488
"../../../Engine/Content/EngineMaterials/Widget3DPassThrough_Masked_OneSided.uasset" 489
"../../../Engine/Content/EngineMaterials/DefaultBloomKernel.uexp" 490
"../../../Engine/Content/EngineMaterials/DefaultBloomKernel.uasset" 491
"../../../Engine/Content/EngineMaterials/BaseFlattenEmissiveMap_VT.ubulk" 492
"../../../Engine/Content/EngineMaterials/BaseFlattenEmissiveMap_VT.uexp" 493
"../../../Engine/Content/EngineMaterials/BaseFlattenEmissiveMap_VT.uasset" 494
"../../../Engine/Content/EngineMaterials/BaseFlattenDiffuseMap_VT.uasset" 495
"../../../Engine/Content/EngineMaterials/BaseFlattenDiffuseMap_VT.ubulk" 496
"../../../Engine/Content/EngineMaterials/BaseFlattenDiffuseMap_VT.uexp" 497
"../../../Engine/Content/EngineMaterials/BaseFlattenLinearColor_VT.uasset" 498
"../../../Engine/Content/EngineMaterials/BaseFlattenLinearColor_VT.ubulk" 499
"../../../Engine/Content/EngineMaterials/BaseFlattenLinearColor_VT.uexp" 500
"../../../Engine/Content/EngineMaterials/BaseFlattenGrayscaleMap_VT.uexp" 501
"../../../Engine/Content/EngineMaterials/BaseFlattenGrayscaleMap_VT.ubulk" 502
"../../../Engine/Content/EngineMaterials/BaseFlattenGrayscaleMap_VT.uasset" 503
"../../../Engine/Content/EngineMaterials/BaseFlattenNormalMap_VT.uasset" 504
"../../../Engine/Content/EngineMaterials/BaseFlattenNormalMap_VT.ubulk" 505
"../../../Engine/Content/EngineMaterials/BaseFlattenNormalMap_VT.uexp" 506
"../../../Engine/Content/EngineMaterials/Black_1x1_EXR_Texture_VT.uexp" 507
"../../../Engine/Content/EngineMaterials/Black_1x1_EXR_Texture_VT.uasset" 508
"../../../Engine/Content/EngineMaterials/Black_1x1_EXR_Texture_VT.ubulk" 509
"../../../Engine/Content/EngineMaterials/FlattenMaterial_WS_Normal_VT.uexp" 510
"../../../Engine/Content/EngineMaterials/FlattenMaterial_WS_Normal_VT.uasset" 511
"../../../Engine/Content/EngineMaterials/RemoveSurfaceMaterial.uasset" 512
"../../../Engine/Content/EngineMaterials/RemoveSurfaceMaterial.uexp" 513
"../../../Engine/Content/EngineMaterials/DefaultDiffuse.ubulk" 514
"../../../Engine/Content/EngineMaterials/DefaultDiffuse.uexp" 515
"../../../Engine/Content/EngineMaterials/DefaultDiffuse.uasset" 516
"../../../Engine/Content/EngineMaterials/DefaultDeferredDecalMaterial.uexp" 517
"../../../Engine/Content/EngineMaterials/DefaultDeferredDecalMaterial.uasset" 518
"../../../Engine/Content/EngineMaterials/DefaultPostProcessMaterial.uexp" 519
"../../../Engine/Content/EngineMaterials/DefaultPostProcessMaterial.uasset" 520
"../../../Engine/Content/EngineMaterials/FlattenMaterial_VT.uasset" 521
"../../../Engine/Content/EngineMaterials/FlattenMaterial_VT.uexp" 522
"../../../Engine/Content/EngineMaterials/FastBlueNoise_scalar_128x128x64.uexp" 523
"../../../Engine/Content/EngineMaterials/FastBlueNoise_scalar_128x128x64.uasset" 524
"../../../Engine/Content/EngineMaterials/InvalidLightmapSettings.ubulk" 525
"../../../Engine/Content/EngineMaterials/InvalidLightmapSettings.uasset" 526
"../../../Engine/Content/EngineMaterials/InvalidLightmapSettings.uexp" 527
"../../../Engine/Content/EngineMaterials/M_InvalidLightmapSettings.uexp" 528
"../../../Engine/Content/EngineMaterials/M_InvalidLightmapSettings.uasset" 529
"../../../Engine/Content/EngineFonts/RobotoDistanceField.uexp" 530
"../../../Engine/Content/EngineFonts/RobotoDistanceField.uasset" 531
"../../../Engine/Content/EngineMaterials/DefaultTextMaterialOpaque.uexp" 532
"../../../Engine/Content/EngineMaterials/DefaultTextMaterialOpaque.uasset" 533
"../../../Engine/Content/EngineMaterials/PreintegratedSkinBRDF.uexp" 534
"../../../Engine/Content/EngineMaterials/PreintegratedSkinBRDF.uasset" 535
"../../../Engine/Content/EngineMaterials/FastBlueNoise_vec2_128x128x64.uexp" 536
"../../../Engine/Content/EngineMaterials/FastBlueNoise_vec2_128x128x64.uasset" 537
"../../../Engine/Content/EngineMaterials/Widget3DPassThrough_Opaque_OneSided.uasset" 538
"../../../Engine/Content/EngineMaterials/Widget3DPassThrough_Opaque_OneSided.uexp" 539
"../../../Engine/Content/EngineMaterials/WeightMapPlaceholderTexture.uasset" 540
"../../../Engine/Content/EngineMaterials/WeightMapPlaceholderTexture.uexp" 541
"../../../Engine/Content/EngineMaterials/WeightMapArrayPlaceholderTexture.uasset" 542
"../../../Engine/Content/EngineMaterials/WeightMapArrayPlaceholderTexture.uexp" 543
"../../../Engine/Content/EngineMaterials/DefaultBokeh.uexp" 544
"../../../Engine/Content/EngineMaterials/DefaultBokeh.uasset" 545
"../../../Engine/Content/EngineMaterials/DefaultLightFunctionMaterial.uasset" 546
"../../../Engine/Content/EngineMaterials/DefaultLightFunctionMaterial.uexp" 547
"../../../Engine/Content/EngineMaterials/MiniFont.uexp" 548
"../../../Engine/Content/EngineMaterials/MiniFont.uasset" 549
"../../../Engine/Content/EngineMaterials/DefaultWhiteGrid.ubulk" 550
"../../../Engine/Content/EngineMaterials/DefaultWhiteGrid.uexp" 551
"../../../Engine/Content/EngineMaterials/DefaultWhiteGrid.uasset" 552
"../../../Engine/Content/EngineResources/LandscapeVisibilityLayerInfo.uexp" 553
"../../../Engine/Content/EngineResources/LandscapeVisibilityLayerInfo.uasset" 554
"../../../Engine/Plugins/Animation/ControlRig/Content/Controls/ControlRigGizmoMaterial.uasset" 555
"../../../Engine/Plugins/Animation/ControlRig/Content/Controls/ControlRigGizmoMaterial.uexp" 556
"../../../Engine/Plugins/Animation/ControlRig/Content/Controls/ControlRig_RoundedTriangle_1mm.uasset" 557
"../../../Engine/Plugins/Animation/ControlRig/Content/Controls/ControlRig_RoundedTriangle_1mm.uexp" 558
"../../../Engine/Plugins/Animation/ControlRig/Content/Controls/ControlRig_Circle_3mm.uasset" 559
"../../../Engine/Plugins/Animation/ControlRig/Content/Controls/ControlRig_Circle_3mm.uexp" 560
"../../../Engine/Plugins/Animation/ControlRig/Content/Controls/ControlRig_QuarterCircle_1mm.uasset" 561
"../../../Engine/Plugins/Animation/ControlRig/Content/Controls/ControlRig_QuarterCircle_1mm.uexp" 562
"../../../Engine/Plugins/Animation/ControlRig/Content/Controls/ControlRig_Pyramid_1mm.uasset" 563
"../../../Engine/Plugins/Animation/ControlRig/Content/Controls/ControlRig_Pyramid_1mm.uexp" 564
"../../../Engine/Plugins/Animation/ControlRig/Content/Controls/ControlRig_Arrow4_1mm.uasset" 565
"../../../Engine/Plugins/Animation/ControlRig/Content/Controls/ControlRig_Arrow4_1mm.uexp" 566
"../../../Engine/Plugins/Animation/ControlRig/Content/Controls/ControlRig_Square_solid.uasset" 567
"../../../Engine/Plugins/Animation/ControlRig/Content/Controls/ControlRig_Square_solid.uexp" 568
"../../../Engine/Plugins/Animation/ControlRig/Content/Controls/ControlRig_Diamond_3mm.uasset" 569
"../../../Engine/Plugins/Animation/ControlRig/Content/Controls/ControlRig_Diamond_3mm.uexp" 570
"../../../Engine/Plugins/Animation/ControlRig/Content/Controls/ControlRig_Arrow_3mm.uasset" 571
"../../../Engine/Plugins/Animation/ControlRig/Content/Controls/ControlRig_Arrow_3mm.uexp" 572
"../../../Engine/Plugins/Animation/ControlRig/Content/Controls/ControlRig_Hexagon_3mm.uasset" 573
"../../../Engine/Plugins/Animation/ControlRig/Content/Controls/ControlRig_Hexagon_3mm.uexp" 574
"../../../Engine/Plugins/Animation/ControlRig/Content/Controls/ControlRig_Sphere_solid.uasset" 575
"../../../Engine/Plugins/Animation/ControlRig/Content/Controls/ControlRig_Sphere_solid.uexp" 576
"../../../Engine/Plugins/Animation/ControlRig/Content/Controls/ControlRig_Square_3mm.uexp" 577
"../../../Engine/Plugins/Animation/ControlRig/Content/Controls/ControlRig_Square_3mm.uasset" 578
"../../../Engine/Plugins/Animation/ControlRig/Content/Controls/ControlRig_Star4_3mm.uexp" 579
"../../../Engine/Plugins/Animation/ControlRig/Content/Controls/ControlRig_Star4_3mm.uasset" 580
"../../../Engine/Plugins/Animation/ControlRig/Content/Controls/ControlRig_RoundedSquare_3mm.uasset" 581
"../../../Engine/Plugins/Animation/ControlRig/Content/Controls/ControlRig_RoundedSquare_3mm.uexp" 582
"../../../Engine/Plugins/Animation/ControlRig/Content/Controls/ControlRig_Wedge_1mm.uasset" 583
"../../../Engine/Plugins/Animation/ControlRig/Content/Controls/ControlRig_Wedge_1mm.uexp" 584
"../../../Engine/Plugins/Animation/ControlRig/Content/Controls/ControlRig_HalfCircle_3mm.uexp" 585
"../../../Engine/Plugins/Animation/ControlRig/Content/Controls/ControlRig_HalfCircle_3mm.uasset" 586
"../../../Engine/Plugins/Animation/ControlRig/Content/Controls/ControlRig_RoundedTriangle_solid.uasset" 587
"../../../Engine/Plugins/Animation/ControlRig/Content/Controls/ControlRig_RoundedTriangle_solid.uexp" 588
"../../../Engine/Plugins/Animation/ControlRig/Content/Controls/ControlRig_Triangle_1mm.uexp" 589
"../../../Engine/Plugins/Animation/ControlRig/Content/Controls/ControlRig_Triangle_1mm.uasset" 590
"../../../Engine/Plugins/Animation/ControlRig/Content/Controls/ControlRig_Sphere_3mm.uexp" 591
"../../../Engine/Plugins/Animation/ControlRig/Content/Controls/ControlRig_Sphere_3mm.uasset" 592
"../../../Engine/Plugins/Animation/ControlRig/Content/Controls/ControlRig_Octagon_1mm.uasset" 593
"../../../Engine/Plugins/Animation/ControlRig/Content/Controls/ControlRig_Octagon_1mm.uexp" 594
"../../../Engine/Plugins/Animation/ControlRig/Content/Controls/ControlRig_Box_1mm.uexp" 595
"../../../Engine/Plugins/Animation/ControlRig/Content/Controls/ControlRig_Box_1mm.uasset" 596
"../../../Engine/Plugins/Animation/ControlRig/Content/Controls/ControlRig_Arrow2_3mm.uasset" 597
"../../../Engine/Plugins/Animation/ControlRig/Content/Controls/ControlRig_Arrow2_3mm.uexp" 598
"../../../Engine/Plugins/Animation/ControlRig/Content/Controls/ControlRig_Diamond_solid.uexp" 599
"../../../Engine/Plugins/Animation/ControlRig/Content/Controls/ControlRig_Diamond_solid.uasset" 600
"../../../Engine/Plugins/Animation/ControlRig/Content/Controls/ControlRig_Star4_solid.uexp" 601
"../../../Engine/Plugins/Animation/ControlRig/Content/Controls/ControlRig_Star4_solid.uasset" 602
"../../../Engine/Plugins/Animation/ControlRig/Content/Controls/ControlRig_RoundedSquare_solid.uexp" 603
"../../../Engine/Plugins/Animation/ControlRig/Content/Controls/ControlRig_RoundedSquare_solid.uasset" 604
"../../../Engine/Plugins/Animation/ControlRig/Content/Controls/ControlRig_Arrow4_solid.uasset" 605
"../../../Engine/Plugins/Animation/ControlRig/Content/Controls/ControlRig_Arrow4_solid.uexp" 606
"../../../Engine/Plugins/Animation/ControlRig/Content/Controls/ControlRig_Circle_solid.uexp" 607
"../../../Engine/Plugins/Animation/ControlRig/Content/Controls/ControlRig_Circle_solid.uasset" 608
"../../../Engine/Plugins/Animation/ControlRig/Content/Controls/ControlRig_Square_1mm.uexp" 609
"../../../Engine/Plugins/Animation/ControlRig/Content/Controls/ControlRig_Square_1mm.uasset" 610
"../../../Engine/Plugins/Animation/ControlRig/Content/Controls/ControlRig_Arrow_1mm.uexp" 611
"../../../Engine/Plugins/Animation/ControlRig/Content/Controls/ControlRig_Arrow_1mm.uasset" 612
"../../../Engine/Plugins/Animation/ControlRig/Content/Controls/ControlRig_QuarterCircle_solid.uasset" 613
"../../../Engine/Plugins/Animation/ControlRig/Content/Controls/ControlRig_QuarterCircle_solid.uexp" 614
"../../../Engine/Plugins/Animation/ControlRig/Content/Controls/ControlRig_Hexagon_1mm.uexp" 615
"../../../Engine/Plugins/Animation/ControlRig/Content/Controls/ControlRig_Hexagon_1mm.uasset" 616
"../../../Engine/Plugins/Animation/ControlRig/Content/Controls/ControlRig_Arrow4_3mm.uasset" 617
"../../../Engine/Plugins/Animation/ControlRig/Content/Controls/ControlRig_Arrow4_3mm.uexp" 618
"../../../Engine/Plugins/Animation/ControlRig/Content/Controls/ControlRig_Arrow2_solid.uexp" 619
"../../../Engine/Plugins/Animation/ControlRig/Content/Controls/ControlRig_Arrow2_solid.uasset" 620
"../../../Engine/Plugins/Animation/ControlRig/Content/Controls/ControlRig_Diamond_1mm.uexp" 621
"../../../Engine/Plugins/Animation/ControlRig/Content/Controls/ControlRig_Diamond_1mm.uasset" 622
"../../../Engine/Plugins/Animation/ControlRig/Content/Controls/ControlRig_Triangle_solid.uasset" 623
"../../../Engine/Plugins/Animation/ControlRig/Content/Controls/ControlRig_Triangle_solid.uexp" 624
"../../../Engine/Plugins/Animation/ControlRig/Content/Controls/ControlRig_RoundedTriangle_3mm.uexp" 625
"../../../Engine/Plugins/Animation/ControlRig/Content/Controls/ControlRig_RoundedTriangle_3mm.uasset" 626
"../../../Engine/Plugins/Animation/ControlRig/Content/Controls/ControlRig_Circle_1mm.uexp" 627
"../../../Engine/Plugins/Animation/ControlRig/Content/Controls/ControlRig_Circle_1mm.uasset" 628
"../../../Engine/Plugins/Animation/ControlRig/Content/Controls/ControlRig_QuarterCircle_3mm.uexp" 629
"../../../Engine/Plugins/Animation/ControlRig/Content/Controls/ControlRig_QuarterCircle_3mm.uasset" 630
"../../../Engine/Plugins/Animation/ControlRig/Content/Controls/ControlRig_Pyramid_3mm.uasset" 631
"../../../Engine/Plugins/Animation/ControlRig/Content/Controls/ControlRig_Pyramid_3mm.uexp" 632
"../../../Engine/Plugins/Animation/ControlRig/Content/Controls/ControlRig_Sphere_1mm.uexp" 633
"../../../Engine/Plugins/Animation/ControlRig/Content/Controls/ControlRig_Sphere_1mm.uasset" 634
"../../../Engine/Plugins/Animation/ControlRig/Content/Controls/ControlRig_Box_3mm.uexp" 635
"../../../Engine/Plugins/Animation/ControlRig/Content/Controls/ControlRig_Box_3mm.uasset" 636
"../../../Engine/Plugins/Animation/ControlRig/Content/Controls/ControlRig_Octagon_3mm.uexp" 637
"../../../Engine/Plugins/Animation/ControlRig/Content/Controls/ControlRig_Octagon_3mm.uasset" 638
"../../../Engine/Plugins/Animation/ControlRig/Content/Controls/ControlRig_Arrow2_1mm.uexp" 639
"../../../Engine/Plugins/Animation/ControlRig/Content/Controls/ControlRig_Arrow2_1mm.uasset" 640
"../../../Engine/Plugins/Animation/ControlRig/Content/Controls/ControlRig_HalfCircle_solid.uexp" 641
"../../../Engine/Plugins/Animation/ControlRig/Content/Controls/ControlRig_HalfCircle_solid.uasset" 642
"../../../Engine/Plugins/Animation/ControlRig/Content/Controls/ControlRig_HalfCircle_1mm.uexp" 643
"../../../Engine/Plugins/Animation/ControlRig/Content/Controls/ControlRig_HalfCircle_1mm.uasset" 644
"../../../Engine/Plugins/Animation/ControlRig/Content/Controls/ControlRig_Wedge_3mm.uasset" 645
"../../../Engine/Plugins/Animation/ControlRig/Content/Controls/ControlRig_Wedge_3mm.uexp" 646
"../../../Engine/Plugins/Animation/ControlRig/Content/Controls/ControlRig_Box_solid.uasset" 647
"../../../Engine/Plugins/Animation/ControlRig/Content/Controls/ControlRig_Box_solid.uexp" 648
"../../../Engine/Plugins/Animation/ControlRig/Content/Controls/ControlRig_Triangle_3mm.uexp" 649
"../../../Engine/Plugins/Animation/ControlRig/Content/Controls/ControlRig_Triangle_3mm.uasset" 650
"../../../Engine/Plugins/Animation/ControlRig/Content/Controls/ControlRig_Arrow_solid.uexp" 651
"../../../Engine/Plugins/Animation/ControlRig/Content/Controls/ControlRig_Arrow_solid.uasset" 652
"../../../Engine/Plugins/Animation/ControlRig/Content/Controls/ControlRig_Hexagon_solid.uexp" 653
"../../../Engine/Plugins/Animation/ControlRig/Content/Controls/ControlRig_Hexagon_solid.uasset" 654
"../../../Engine/Plugins/Animation/ControlRig/Content/Controls/ControlRigXRayMaterial.uexp" 655
"../../../Engine/Plugins/Animation/ControlRig/Content/Controls/ControlRigXRayMaterial.uasset" 656
"../../../Engine/Plugins/Animation/ControlRig/Content/Controls/ControlRig_Star4_1mm.uexp" 657
"../../../Engine/Plugins/Animation/ControlRig/Content/Controls/ControlRig_Star4_1mm.uasset" 658
"../../../Engine/Plugins/Animation/ControlRig/Content/Controls/ControlRig_RoundedSquare_1mm.uexp" 659
"../../../Engine/Plugins/Animation/ControlRig/Content/Controls/ControlRig_RoundedSquare_1mm.uasset" 660
"../../../Engine/Plugins/Animation/ControlRig/Content/Controls/ControlRig_Wedge_solid.uexp" 661
"../../../Engine/Plugins/Animation/ControlRig/Content/Controls/ControlRig_Wedge_solid.uasset" 662
"../../../Engine/Plugins/Animation/ControlRig/Content/Controls/ControlRig_Pyramid_solid.uexp" 663
"../../../Engine/Plugins/Animation/ControlRig/Content/Controls/ControlRig_Pyramid_solid.uasset" 664
"../../../Engine/Plugins/Animation/ControlRig/Content/Controls/ControlRig_Octagon_solid.uexp" 665
"../../../Engine/Plugins/Animation/ControlRig/Content/Controls/ControlRig_Octagon_solid.uasset" 666
"../../../Engine/Content/Functions/Engine_MaterialFunctions02/WorldPositionOffset/ObjectScale.uexp" 667
"../../../Engine/Content/Functions/Engine_MaterialFunctions02/WorldPositionOffset/ObjectScale.uasset" 668
"../../../Engine/Content/Functions/Engine_MaterialFunctions02/SafeNormalize.uasset" 669
"../../../Engine/Content/Functions/Engine_MaterialFunctions02/SafeNormalize.uexp" 670
"../../../Engine/Plugins/Editor/SpeedTreeImporter/Content/SpeedTree9/game_wind_noise.uexp" 671
"../../../Engine/Plugins/Editor/SpeedTreeImporter/Content/SpeedTree9/game_wind_noise.uasset" 672
"../../../Engine/Plugins/Editor/SpeedTreeImporter/Content/SpeedTree9/game_wind_noise.ubulk" 673
"../../../Engine/Plugins/Editor/SpeedTreeImporter/Content/SpeedTree9/SpeedTreeWindMotion.uexp" 674
"../../../Engine/Plugins/Editor/SpeedTreeImporter/Content/SpeedTree9/SpeedTreeWindMotion.uasset" 675
"../../../Engine/Plugins/Editor/SpeedTreeImporter/Content/SpeedTree9/UnpackInteger3.uexp" 676
"../../../Engine/Plugins/Editor/SpeedTreeImporter/Content/SpeedTree9/UnpackInteger3.uasset" 677
"../../../Engine/Plugins/Editor/SpeedTreeImporter/Content/SpeedTree9/UnpackDirection.uexp" 678
"../../../Engine/Plugins/Editor/SpeedTreeImporter/Content/SpeedTree9/UnpackDirection.uasset" 679
"../../../Engine/Plugins/Editor/SpeedTreeImporter/Content/SpeedTree9/SpeedTreeBranchMotion.uexp" 680
"../../../Engine/Plugins/Editor/SpeedTreeImporter/Content/SpeedTree9/SpeedTreeBranchMotion.uasset" 681
"../../../Engine/Content/Functions/Engine_MaterialFunctions02/ObjectLocalBounds.uasset" 682
"../../../Engine/Content/Functions/Engine_MaterialFunctions02/ObjectLocalBounds.uexp" 683
"../../../Engine/Content/Functions/Engine_MaterialFunctions02/UVs/BoundingBoxBased_0-1_UVW.uexp" 684
"../../../Engine/Content/Functions/Engine_MaterialFunctions02/UVs/BoundingBoxBased_0-1_UVW.uasset" 685
"../../../Engine/Plugins/Editor/SpeedTreeImporter/Content/SpeedTree9/Empty.uasset" 686
"../../../Engine/Plugins/Editor/SpeedTreeImporter/Content/SpeedTree9/Empty.uexp" 687
"../../../Engine/Plugins/Editor/SpeedTreeImporter/Content/SpeedTree9/EmptyNormal.uasset" 688
"../../../Engine/Plugins/Editor/SpeedTreeImporter/Content/SpeedTree9/EmptyNormal.uexp" 689
"../../../Engine/Plugins/Editor/SpeedTreeImporter/Content/SpeedTree9/SpeedTreeWind.uasset" 690
"../../../Engine/Plugins/Editor/SpeedTreeImporter/Content/SpeedTree9/SpeedTreeWind.uexp" 691
"../../../Engine/Plugins/Editor/SpeedTreeImporter/Content/SpeedTree9/SpeedTreeBillboard.uexp" 692
"../../../Engine/Plugins/Editor/SpeedTreeImporter/Content/SpeedTree9/SpeedTreeBillboard.uasset" 693
"../../../Engine/Plugins/Editor/SpeedTreeImporter/Content/SpeedTree9/SpeedTreeBillboardMaster.uasset" 694
"../../../Engine/Plugins/Editor/SpeedTreeImporter/Content/SpeedTree9/SpeedTreeBillboardMaster.uexp" 695
"../../../Engine/Plugins/Editor/SpeedTreeImporter/Content/SpeedTree9/SpeedTreeCameraFacing.uasset" 696
"../../../Engine/Plugins/Editor/SpeedTreeImporter/Content/SpeedTree9/SpeedTreeCameraFacing.uexp" 697
"../../../Engine/Plugins/Editor/SpeedTreeImporter/Content/SpeedTree9/SpeedTreeMaster.uexp" 698
"../../../Engine/Plugins/Editor/SpeedTreeImporter/Content/SpeedTree9/SpeedTreeMaster.uasset" 699
"../../../Engine/Plugins/Experimental/Water/Content/Curves/FloatCurve_WaterBodyIsland.uasset" 700
"../../../Engine/Plugins/Experimental/Water/Content/Curves/FloatCurve_WaterBodyIsland.uexp" 701
"../../../Engine/Plugins/Experimental/Water/Content/Curves/FloatCurve.uexp" 702
"../../../Engine/Plugins/Experimental/Water/Content/Curves/FloatCurve.uasset" 703
"../../../Engine/Plugins/Experimental/Water/Content/Icons/WaterBodyExclusionVolumeSprite.uexp" 704
"../../../Engine/Plugins/Experimental/Water/Content/Icons/WaterBodyExclusionVolumeSprite.uasset" 705
"../../../Engine/Plugins/Experimental/Water/Content/Icons/WaterErrorSprite.ubulk" 706
"../../../Engine/Plugins/Experimental/Water/Content/Icons/WaterErrorSprite.uasset" 707
"../../../Engine/Plugins/Experimental/Water/Content/Icons/WaterErrorSprite.uexp" 708
"../../../Engine/Plugins/Experimental/Water/Content/Icons/WaterBodyIslandSprite.uexp" 709
"../../../Engine/Plugins/Experimental/Water/Content/Icons/WaterBodyIslandSprite.uasset" 710
"../../../Engine/Plugins/Experimental/Water/Content/Icons/WaterZoneActorSprite.uexp" 711
"../../../Engine/Plugins/Experimental/Water/Content/Icons/WaterZoneActorSprite.ubulk" 712
"../../../Engine/Plugins/Experimental/Water/Content/Icons/WaterZoneActorSprite.uasset" 713
"../../../Engine/Plugins/Experimental/Water/Content/Icons/WaterSprite.uexp" 714
"../../../Engine/Plugins/Experimental/Water/Content/Icons/WaterSprite.uasset" 715
"../../../Engine/Plugins/Experimental/Water/Content/Icons/WaterLandscapeBrushSprite.ubulk" 716
"../../../Engine/Plugins/Experimental/Water/Content/Icons/WaterLandscapeBrushSprite.uexp" 717
"../../../Engine/Plugins/Experimental/Water/Content/Icons/WaterLandscapeBrushSprite.uasset" 718
"../../../Engine/Plugins/Experimental/Water/Content/Meshes/LakeMesh.uasset" 719
"../../../Engine/Plugins/Experimental/Water/Content/Meshes/LakeMesh.uexp" 720
"../../../Engine/Plugins/Experimental/Water/Content/Meshes/RiverMesh.uasset" 721
"../../../Engine/Plugins/Experimental/Water/Content/Meshes/RiverMesh.uexp" 722
"../../../Engine/Plugins/Interchange/Assets/Content/Functions/MX_StandardSurface.uasset" 723
"../../../Engine/Plugins/Interchange/Assets/Content/Functions/MX_StandardSurface.uexp" 724
"../../../Engine/Plugins/Interchange/Assets/Content/Functions/MX_TransmissionSurface.uexp" 725
"../../../Engine/Plugins/Interchange/Assets/Content/Functions/MX_TransmissionSurface.uasset" 726
"../../../Engine/Plugins/Interchange/Assets/Content/Functions/MX_OpenPBR_Translucent.uasset" 727
"../../../Engine/Plugins/Interchange/Assets/Content/Functions/MX_OpenPBR_Translucent.uexp" 728
"../../../Engine/Plugins/Interchange/Assets/Content/Functions/MX_ThinFilmBSDF.uasset" 729
"../../../Engine/Plugins/Interchange/Assets/Content/Functions/MX_ThinFilmBSDF.uexp" 730
"../../../Engine/Plugins/Interchange/Assets/Content/Functions/MX_OrenNayarBSDF.uasset" 731
"../../../Engine/Plugins/Interchange/Assets/Content/Functions/MX_OrenNayarBSDF.uexp" 732
"../../../Engine/Plugins/Interchange/Assets/Content/Functions/MX_AbsorptionVDF.uasset" 733
"../../../Engine/Plugins/Interchange/Assets/Content/Functions/MX_AbsorptionVDF.uexp" 734
"../../../Engine/Plugins/Interchange/Assets/Content/Functions/MX_DielectricBSDF.uasset" 735
"../../../Engine/Plugins/Interchange/Assets/Content/Functions/MX_DielectricBSDF.uexp" 736
"../../../Engine/Plugins/Interchange/Assets/Content/Functions/MX_BurleyDiffuseBSDF.uasset" 737
"../../../Engine/Plugins/Interchange/Assets/Content/Functions/MX_BurleyDiffuseBSDF.uexp" 738
"../../../Engine/Plugins/Interchange/Assets/Content/Functions/MX_MeasuredEDF.uasset" 739
"../../../Engine/Plugins/Interchange/Assets/Content/Functions/MX_MeasuredEDF.uexp" 740
"../../../Engine/Plugins/Interchange/Assets/Content/Functions/MX_ConicalEDF.uasset" 741
"../../../Engine/Plugins/Interchange/Assets/Content/Functions/MX_ConicalEDF.uexp" 742
"../../../Engine/Plugins/Interchange/Assets/Content/Functions/MX_SubsurfaceBSDF.uexp" 743
"../../../Engine/Plugins/Interchange/Assets/Content/Functions/MX_SubsurfaceBSDF.uasset" 744
"../../../Engine/Plugins/Interchange/Assets/Content/Functions/MX_SheenBSDF.uexp" 745
"../../../Engine/Plugins/Interchange/Assets/Content/Functions/MX_SheenBSDF.uasset" 746
"../../../Engine/Plugins/Interchange/Assets/Content/Functions/MX_AnisotropicVDF.uexp" 747
"../../../Engine/Plugins/Interchange/Assets/Content/Functions/MX_AnisotropicVDF.uasset" 748
"../../../Engine/Plugins/Interchange/Assets/Content/Functions/MX_TranslucentBSDF.uasset" 749
"../../../Engine/Plugins/Interchange/Assets/Content/Functions/MX_TranslucentBSDF.uexp" 750
"../../../Engine/Plugins/Interchange/Assets/Content/Functions/MX_UsdPreviewSurface.uexp" 751
"../../../Engine/Plugins/Interchange/Assets/Content/Functions/MX_UsdPreviewSurface.uasset" 752
"../../../Engine/Plugins/Interchange/Assets/Content/Functions/MX_OpenPBR_Opaque.uexp" 753
"../../../Engine/Plugins/Interchange/Assets/Content/Functions/MX_OpenPBR_Opaque.uasset" 754
"../../../Engine/Plugins/Interchange/Assets/Content/Functions/MX_ConductorBSDF.uexp" 755
"../../../Engine/Plugins/Interchange/Assets/Content/Functions/MX_ConductorBSDF.uasset" 756
"../../../Engine/Plugins/Interchange/Assets/Content/Functions/MX_SurfaceUnlit.uasset" 757
"../../../Engine/Plugins/Interchange/Assets/Content/Functions/MX_SurfaceUnlit.uexp" 758
"../../../Engine/Plugins/Interchange/Assets/Content/Functions/MX_Surface.uexp" 759
"../../../Engine/Plugins/Interchange/Assets/Content/Functions/MX_Surface.uasset" 760
"../../../Engine/Plugins/Interchange/Assets/Content/Functions/MX_UniformEDF.uexp" 761
"../../../Engine/Plugins/Interchange/Assets/Content/Functions/MX_UniformEDF.uasset" 762
"../../../Engine/Plugins/Interchange/Assets/Content/Functions/MX_GeneralizedSchlickBSDF.uexp" 763
"../../../Engine/Plugins/Interchange/Assets/Content/Functions/MX_GeneralizedSchlickBSDF.uasset" 764
"../../../Engine/Content/Functions/Engine_MaterialFunctions02/Utility/BlendAngleCorrectedNormals.uasset" 765
"../../../Engine/Content/Functions/Engine_MaterialFunctions02/Utility/BlendAngleCorrectedNormals.uexp" 766
"../../../Engine/Plugins/Interchange/Assets/Content/Functions/MX_Displacement.uexp" 767
"../../../Engine/Plugins/Interchange/Assets/Content/Functions/MX_Displacement.uasset" 768
"../../../Engine/Plugins/Runtime/AudioWidgets/Content/Resources/ScrubHandleDown_Clamped.uasset" 769
"../../../Engine/Plugins/Runtime/AudioWidgets/Content/Resources/ScrubHandleDown_Clamped.uexp" 770
"../../../Engine/Plugins/Runtime/HairStrands/Content/Materials/HairMeshesDefaultMaterial.uasset" 771
"../../../Engine/Plugins/Runtime/HairStrands/Content/Materials/HairMeshesDefaultMaterial.uexp" 772
"../../../Engine/Plugins/Runtime/HairStrands/Content/Materials/HairDefaultMaterial.uasset" 773
"../../../Engine/Plugins/Runtime/HairStrands/Content/Materials/HairDefaultMaterial.uexp" 774
"../../../Engine/Content/EngineMaterials/HairDebugColor.uexp" 775
"../../../Engine/Content/EngineMaterials/HairDebugColor.uasset" 776
"../../../Engine/Content/EngineMaterials/HairColorMap.uasset" 777
"../../../Engine/Content/EngineMaterials/HairColorMap.uexp" 778
"../../../Engine/Plugins/Runtime/HairStrands/Content/Materials/HairGroupColors.uexp" 779
"../../../Engine/Plugins/Runtime/HairStrands/Content/Materials/HairGroupColors.uasset" 780
"../../../Engine/Plugins/Runtime/HairStrands/Content/Materials/HairDebugMaterial.uexp" 781
"../../../Engine/Plugins/Runtime/HairStrands/Content/Materials/HairDebugMaterial.uasset" 782
"../../../Engine/Plugins/Runtime/HairStrands/Content/Materials/HairCardsDefaultMaterial.uexp" 783
"../../../Engine/Plugins/Runtime/HairStrands/Content/Materials/HairCardsDefaultMaterial.uasset" 784
"../../../Engine/Plugins/VirtualProduction/CameraCalibrationCore/Content/Materials/M_DefaultOddSquare.uasset" 785
"../../../Engine/Plugins/VirtualProduction/CameraCalibrationCore/Content/Materials/M_DefaultOddSquare.uexp" 786
"../../../Engine/Plugins/VirtualProduction/CameraCalibrationCore/Content/Materials/M_DefaultEvenSquare.uexp" 787
"../../../Engine/Plugins/VirtualProduction/CameraCalibrationCore/Content/Materials/M_DefaultEvenSquare.uasset" 788
"../../../Engine/Content/EngineMaterials/DefaultMaterial.uasset" 789
"../../../Engine/Content/EngineMaterials/DefaultMaterial.uexp" 790
"../../../Engine/Content/BasicShapes/Cone.uexp" 791
"../../../Engine/Content/BasicShapes/Cone.uasset" 792
"../../../Engine/Content/BasicShapes/Cube.uasset" 793
"../../../Engine/Content/BasicShapes/Cube.uexp" 794
"../../../Engine/Content/BasicShapes/Cylinder.uasset" 795
"../../../Engine/Content/BasicShapes/Cylinder.uexp" 796
"../../../Engine/Content/BasicShapes/Plane.uasset" 797
"../../../Engine/Content/BasicShapes/Plane.uexp" 798
"../../../Engine/Content/BasicShapes/BasicShapeMaterial.uexp" 799
"../../../Engine/Content/BasicShapes/BasicShapeMaterial.uasset" 800
"../../../Engine/Content/BasicShapes/Sphere.uexp" 801
"../../../Engine/Content/BasicShapes/Sphere.uasset" 802
"../../../Engine/Content/EditorLandscapeResources/DefaultAlphaTexture.uexp" 803
"../../../Engine/Content/EditorLandscapeResources/DefaultAlphaTexture.uasset" 804
"../../../Engine/Content/EditorLandscapeResources/WhiteSquareTexture.uexp" 805
"../../../Engine/Content/EditorLandscapeResources/WhiteSquareTexture.uasset" 806
"../../../Engine/Content/Functions/Engine_MaterialFunctions03/Math/WithinRangeFloat2.uexp" 807
"../../../Engine/Content/Functions/Engine_MaterialFunctions03/Math/WithinRangeFloat2.uasset" 808
"../../../Engine/Content/EditorLandscapeResources/SelectBrushMaterial.uexp" 809
"../../../Engine/Content/EditorLandscapeResources/SelectBrushMaterial.uasset" 810
"../../../Engine/Content/EditorLandscapeResources/SelectBrushMaterial_Selected.uexp" 811
"../../../Engine/Content/EditorLandscapeResources/SelectBrushMaterial_Selected.uasset" 812
"../../../Engine/Content/EditorLandscapeResources/SelectBrushMaterial_SelectedRegion.uasset" 813
"../../../Engine/Content/EditorLandscapeResources/SelectBrushMaterial_SelectedRegion.uexp" 814
"../../../Engine/Content/EditorLandscapeResources/LandscapeDirtyMaterial.uexp" 815
"../../../Engine/Content/EditorLandscapeResources/LandscapeDirtyMaterial.uasset" 816
"../../../Engine/Content/EditorLandscapeResources/SplineEditorMeshMat.uasset" 817
"../../../Engine/Content/EditorLandscapeResources/SplineEditorMeshMat.uexp" 818
"../../../Engine/Content/EditorLandscapeResources/SplineEditorMesh.uasset" 819
"../../../Engine/Content/EditorLandscapeResources/SplineEditorMesh.uexp" 820
"../../../Engine/Content/Functions/Engine_MaterialFunctions02/WorldPositionOffset/LocalPosition.uexp" 821
"../../../Engine/Content/Functions/Engine_MaterialFunctions02/WorldPositionOffset/LocalPosition.uasset" 822
"../../../Engine/Content/Functions/Engine_MaterialFunctions01/Texturing/ScaleUVsByCenter.uexp" 823
"../../../Engine/Content/Functions/Engine_MaterialFunctions01/Texturing/ScaleUVsByCenter.uasset" 824
"../../../Engine/Content/Functions/Engine_MaterialFunctions01/Texturing/TextureCropping.uasset" 825
"../../../Engine/Content/Functions/Engine_MaterialFunctions01/Texturing/TextureCropping.uexp" 826
"../../../Engine/Content/Functions/Engine_MaterialFunctions02/ExampleContent/DebugNumberStrip.uexp" 827
"../../../Engine/Content/Functions/Engine_MaterialFunctions02/ExampleContent/DebugNumberStrip.uasset" 828
"../../../Engine/Content/Functions/Engine_MaterialFunctions01/Debug/DebugIntValues.uexp" 829
"../../../Engine/Content/Functions/Engine_MaterialFunctions01/Debug/DebugIntValues.uasset" 830
"../../../Engine/Content/EditorLandscapeResources/LandscapeLayerUsageMaterial.uexp" 831
"../../../Engine/Content/EditorLandscapeResources/LandscapeLayerUsageMaterial.uasset" 832
"../../../Engine/Content/EditorLandscapeResources/ColorMaskBrushMaterial.uexp" 833
"../../../Engine/Content/EditorLandscapeResources/ColorMaskBrushMaterial.uasset" 834
"../../../Engine/Content/EditorLandscapeResources/ColorMaskBrushMaterial_MaskedRegion.uasset" 835
"../../../Engine/Content/EditorLandscapeResources/ColorMaskBrushMaterial_MaskedRegion.uexp" 836
"../../../Engine/Content/EditorLandscapeResources/MaskBrushMaterial.uasset" 837
"../../../Engine/Content/EditorLandscapeResources/MaskBrushMaterial.uexp" 838
"../../../Engine/Content/EditorLandscapeResources/MaskBrushMaterial_MaskedRegion.uexp" 839
"../../../Engine/Content/EditorLandscapeResources/MaskBrushMaterial_MaskedRegion.uasset" 840
"../../../Engine/Content/EditorLandscapeResources/LayerVisMaterial.uexp" 841
"../../../Engine/Content/EditorLandscapeResources/LayerVisMaterial.uasset" 842
"../../../Engine/Content/EditorMaterials/PreviewShadowIndicator.uasset" 843
"../../../Engine/Content/EditorMaterials/PreviewShadowIndicator.uexp" 844
"../../../Engine/Content/EditorMaterials/PreviewShadowIndicator.ubulk" 845
"../../../Engine/Content/EditorMaterials/PreviewShadowIndicatorMaterial.uasset" 846
"../../../Engine/Content/EditorMaterials/PreviewShadowIndicatorMaterial.uexp" 847
"../../../Engine/Content/EditorMaterials/PhAT_NoCollisionMaterial.uexp" 848
"../../../Engine/Content/EditorMaterials/PhAT_NoCollisionMaterial.uasset" 849
"../../../Engine/Content/EditorMaterials/PhAT_UnselectedMaterial.uexp" 850
"../../../Engine/Content/EditorMaterials/PhAT_UnselectedMaterial.uasset" 851
"../../../Engine/Content/EditorResources/BSPVertex.uexp" 852
"../../../Engine/Content/EditorResources/BSPVertex.uasset" 853
"../../../Engine/Content/EngineDamageTypes/DmgTypeBP_Environmental.uasset" 854
"../../../Engine/Content/EngineDamageTypes/DmgTypeBP_Environmental.uexp" 855
"../../../Engine/Content/EngineDebugMaterials/DebugEditorMaterial.uasset" 856
"../../../Engine/Content/EngineDebugMaterials/DebugEditorMaterial.uexp" 857
"../../../Engine/Content/EngineDebugMaterials/VolumeToRender.uexp" 858
"../../../Engine/Content/EngineDebugMaterials/VolumeToRender.uasset" 859
"../../../Engine/Content/EngineDebugMaterials/M_VolumeRenderSphereTracePP.uexp" 860
"../../../Engine/Content/EngineDebugMaterials/M_VolumeRenderSphereTracePP.uasset" 861
"../../../Engine/Content/EngineDebugMaterials/M_SimpleUnlitTranslucent.uexp" 862
"../../../Engine/Content/EngineDebugMaterials/M_SimpleUnlitTranslucent.uasset" 863
"../../../Engine/Content/EngineDebugMaterials/DebugMeshMaterial.uexp" 864
"../../../Engine/Content/EngineDebugMaterials/DebugMeshMaterial.uasset" 865
"../../../Engine/Plugins/2D/Paper2D/Content/DefaultSpriteMaterial.uexp" 866
"../../../Engine/Plugins/2D/Paper2D/Content/DefaultSpriteMaterial.uasset" 867
"../../../Engine/Plugins/2D/Paper2D/Content/OpaqueUnlitSpriteMaterial.uasset" 868
"../../../Engine/Plugins/2D/Paper2D/Content/OpaqueUnlitSpriteMaterial.uexp" 869
"../../../Engine/Plugins/2D/Paper2D/Content/MaskedUnlitSpriteMaterial.uexp" 870
"../../../Engine/Plugins/2D/Paper2D/Content/MaskedUnlitSpriteMaterial.uasset" 871
"../../../Engine/Plugins/Animation/ControlRig/Content/M_Manip.uasset" 872
"../../../Engine/Plugins/Animation/ControlRig/Content/M_Manip.uexp" 873
"../../../Engine/Plugins/Media/MediaPlate/Content/SM_MediaPlateScreen.uasset" 874
"../../../Engine/Plugins/Media/MediaPlate/Content/SM_MediaPlateScreen.uexp" 875
"../../../Engine/Plugins/NNE/NNEDenoiser/Content/NNE_oidn2-3-0_rt_hdr_alb_nrm_small__dyn__fp16_opset11_DenoiseAlpha.uasset" 876
"../../../Engine/Plugins/NNE/NNEDenoiser/Content/NNE_oidn2-3-0_rt_hdr_alb_nrm_small__dyn__fp16_opset11_DenoiseAlpha.uexp" 877
"../../../Engine/Plugins/NNE/NNEDenoiser/Content/NNE_oidn2-3-0_rt_hdr_calb_cnrm_large__dyn__fp16_opset11_ForwardAlpha.uasset" 878
"../../../Engine/Plugins/NNE/NNEDenoiser/Content/NNE_oidn2-3-0_rt_hdr_calb_cnrm_large__dyn__fp16_opset11_ForwardAlpha.uexp" 879
"../../../Engine/Plugins/NNE/NNEDenoiser/Content/NNE_oidn2-3-0_rt_hdr_alb_nrm__dyn__fp16_opset11_ForwardAlpha.uasset" 880
"../../../Engine/Plugins/NNE/NNEDenoiser/Content/NNE_oidn2-3-0_rt_hdr_alb_nrm__dyn__fp16_opset11_ForwardAlpha.uexp" 881
"../../../Engine/Plugins/NNE/NNEDenoiser/Content/NNE_oidn2-3-0_rt_hdr_alb_nrm__dyn__fp16_opset11_DenoiseAlpha.uexp" 882
"../../../Engine/Plugins/NNE/NNEDenoiser/Content/NNE_oidn2-3-0_rt_hdr_alb_nrm__dyn__fp16_opset11_DenoiseAlpha.uasset" 883
"../../../Engine/Plugins/NNE/NNEDenoiser/Content/NNE_oidn2-3-0_rt_hdr_alb_nrm_small__dyn__fp16_opset11_ForwardAlpha.uexp" 884
"../../../Engine/Plugins/NNE/NNEDenoiser/Content/NNE_oidn2-3-0_rt_hdr_alb_nrm_small__dyn__fp16_opset11_ForwardAlpha.uasset" 885
"../../../Engine/Plugins/NNE/NNEDenoiser/Content/NNE_oidn2-3-0_rt_hdr_calb_cnrm_large__dyn__fp16_opset11_DenoiseAlpha.uexp" 886
"../../../Engine/Plugins/NNE/NNEDenoiser/Content/NNE_oidn2-3-0_rt_hdr_calb_cnrm_large__dyn__fp16_opset11_DenoiseAlpha.uasset" 887
"../../../Engine/Plugins/NNE/NNEDenoiser/Content/NNED_Oidn2-3_Balanced_Alpha.uexp" 888
"../../../Engine/Plugins/NNE/NNEDenoiser/Content/NNED_Oidn2-3_Balanced_Alpha.uasset" 889
"../../../Engine/Plugins/NNE/NNEDenoiser/Content/NNED_Oidn2-3_Balanced.uasset" 890
"../../../Engine/Plugins/NNE/NNEDenoiser/Content/NNED_Oidn2-3_Balanced.uexp" 891
"../../../Engine/Plugins/NNE/NNEDenoiser/Content/NNED_Oidn2-3_HighQuality.uasset" 892
"../../../Engine/Plugins/NNE/NNEDenoiser/Content/NNED_Oidn2-3_HighQuality.uexp" 893
"../../../Engine/Plugins/NNE/NNEDenoiser/Content/NNED_Oidn2-3_Fast.uasset" 894
"../../../Engine/Plugins/NNE/NNEDenoiser/Content/NNED_Oidn2-3_Fast.uexp" 895
"../../../Engine/Plugins/NNE/NNEDenoiser/Content/NNEDT_Oidn2-3_Balanced.uexp" 896
"../../../Engine/Plugins/NNE/NNEDenoiser/Content/NNEDT_Oidn2-3_Balanced.uasset" 897
"../../../Engine/Plugins/NNE/NNEDenoiser/Content/NNED_Oidn2-3_HighQuality_Alpha.uasset" 898
"../../../Engine/Plugins/NNE/NNEDenoiser/Content/NNED_Oidn2-3_HighQuality_Alpha.uexp" 899
"../../../Engine/Plugins/NNE/NNEDenoiser/Content/NNEDT_Oidn2-3_Balanced_Alpha.uasset" 900
"../../../Engine/Plugins/NNE/NNEDenoiser/Content/NNEDT_Oidn2-3_Balanced_Alpha.uexp" 901
"../../../Engine/Plugins/NNE/NNEDenoiser/Content/NNED_Oidn2-3_Fast_Alpha.uasset" 902
"../../../Engine/Plugins/NNE/NNEDenoiser/Content/NNED_Oidn2-3_Fast_Alpha.uexp" 903
"../../../Engine/Plugins/Animation/DeformerGraph/Content/DeformerFunctions/DG_Function_LinearBlendSkin_Morph_Cloth.uexp" 904
"../../../Engine/Plugins/Animation/DeformerGraph/Content/DeformerFunctions/DG_Function_LinearBlendSkin_Morph_Cloth.uasset" 905
"../../../Engine/Plugins/Animation/DeformerGraph/Content/Deformers/DG_LinearBlendSkin_Morph_Cloth.uasset" 906
"../../../Engine/Plugins/Animation/DeformerGraph/Content/Deformers/DG_LinearBlendSkin_Morph_Cloth.uexp" 907
"../../../Engine/Plugins/Animation/DeformerGraph/Content/DeformerFunctions/DG_Function_LinearBlendSkin_Morph_Cloth_PositionOnly.uexp" 908
"../../../Engine/Plugins/Animation/DeformerGraph/Content/DeformerFunctions/DG_Function_LinearBlendSkin_Morph_Cloth_PositionOnly.uasset" 909
"../../../Engine/Plugins/Animation/DeformerGraph/Content/DeformerFunctions/DG_Function_ComputeNormalsTangents.uexp" 910
"../../../Engine/Plugins/Animation/DeformerGraph/Content/DeformerFunctions/DG_Function_ComputeNormalsTangents.uasset" 911
"../../../Engine/Plugins/Animation/DeformerGraph/Content/Deformers/DG_LinearBlendSkin_Morph_Cloth_RecomputeNormals.uasset" 912
"../../../Engine/Plugins/Animation/DeformerGraph/Content/Deformers/DG_LinearBlendSkin_Morph_Cloth_RecomputeNormals.uexp" 913
"../../../Engine/Content/Functions/Engine_MaterialFunctions02/SplitComponents.uasset" 914
"../../../Engine/Content/Functions/Engine_MaterialFunctions02/SplitComponents.uexp" 915
"../../../Engine/Content/VREditor/SnapGrid/SnapGridMaterial.uasset" 916
"../../../Engine/Content/VREditor/SnapGrid/SnapGridMaterial.uexp" 917
"../../../Engine/Content/VREditor/SnapGrid/SnapGridPlaneMesh.uexp" 918
"../../../Engine/Content/VREditor/SnapGrid/SnapGridPlaneMesh.uasset" 919
"../../../Engine/Content/VREditor/Sounds/UI/Drop_Item_From_ContentBrowser.ubulk" 920
"../../../Engine/Content/VREditor/Sounds/UI/Drop_Item_From_ContentBrowser.uasset" 921
"../../../Engine/Content/VREditor/Sounds/UI/Drop_Item_From_ContentBrowser.uexp" 922
"../../../Engine/Content/VREditor/Sounds/UI/Gizmo_Handle_Clicked.uasset" 923
"../../../Engine/Content/VREditor/Sounds/UI/Gizmo_Handle_Clicked.uexp" 924
"../../../Engine/Content/VREditor/Sounds/UI/Gizmo_Handle_Clicked.ubulk" 925
"../../../Engine/Content/VREditor/Sounds/UI/Object_PickUp.ubulk" 926
"../../../Engine/Content/VREditor/Sounds/UI/Object_PickUp.uexp" 927
"../../../Engine/Content/VREditor/Sounds/UI/Object_PickUp.uasset" 928
"../../../Engine/Content/VREditor/Sounds/UI/Object_Snaps_To_Another_Actor.uasset" 929
"../../../Engine/Content/VREditor/Sounds/UI/Object_Snaps_To_Another_Actor.ubulk" 930
"../../../Engine/Content/VREditor/Sounds/UI/Object_Snaps_To_Another_Actor.uexp" 931
"../../../Engine/Content/VREditor/Sounds/UI/Object_Snaps_To_Grid.ubulk" 932
"../../../Engine/Content/VREditor/Sounds/UI/Object_Snaps_To_Grid.uasset" 933
"../../../Engine/Content/VREditor/Sounds/UI/Object_Snaps_To_Grid.uexp" 934
"../../../Engine/Content/VREditor/Sounds/UI/Scaling_Down.ubulk" 935
"../../../Engine/Content/VREditor/Sounds/UI/Scaling_Down.uexp" 936
"../../../Engine/Content/VREditor/Sounds/UI/Scaling_Down.uasset" 937
"../../../Engine/Content/VREditor/Sounds/UI/Scaling_Up.ubulk" 938
"../../../Engine/Content/VREditor/Sounds/UI/Scaling_Up.uasset" 939
"../../../Engine/Content/VREditor/Sounds/UI/Scaling_Up.uexp" 940
"../../../Engine/Content/VREditor/Sounds/UI/Selection_Changes.ubulk" 941
"../../../Engine/Content/VREditor/Sounds/UI/Selection_Changes.uasset" 942
"../../../Engine/Content/VREditor/Sounds/UI/Selection_Changes.uexp" 943
"../../../Engine/Content/VREditor/TransformGizmo/PlaneTranslationHandle.uasset" 944
"../../../Engine/Content/VREditor/TransformGizmo/PlaneTranslationHandle.uexp" 945
"../../../Engine/Content/VREditor/TransformGizmo/RotationHandleFull.uexp" 946
"../../../Engine/Content/VREditor/TransformGizmo/RotationHandleFull.uasset" 947
"../../../Engine/Content/VREditor/TransformGizmo/RotationHandleIndicator.uexp" 948
"../../../Engine/Content/VREditor/TransformGizmo/RotationHandleIndicator.uasset" 949
"../../../Engine/Content/VREditor/TransformGizmo/RotationHandleQuarter.uasset" 950
"../../../Engine/Content/VREditor/TransformGizmo/RotationHandleQuarter.uexp" 951
"../../../Engine/Content/VREditor/TransformGizmo/StartRotationHandleIndicator.uexp" 952
"../../../Engine/Content/VREditor/TransformGizmo/StartRotationHandleIndicator.uasset" 953
"../../../Engine/Content/VREditor/TransformGizmo/TranslucentTransformGizmoMaterial_Inst.uexp" 954
"../../../Engine/Content/VREditor/TransformGizmo/TranslucentTransformGizmoMaterial_Inst.uasset" 955
"../../../Engine/Content/VREditor/TransformGizmo/TransformGizmoFreeRotation.uasset" 956
"../../../Engine/Content/VREditor/TransformGizmo/TransformGizmoFreeRotation.uexp" 957
"../../../Engine/Content/VREditor/TransformGizmo/TransformGizmoMaterial_Inst.uexp" 958
"../../../Engine/Content/VREditor/TransformGizmo/TransformGizmoMaterial_Inst.uasset" 959
"../../../Engine/Content/VREditor/TransformGizmo/TranslateArrowHandle.uasset" 960
"../../../Engine/Content/VREditor/TransformGizmo/TranslateArrowHandle.uexp" 961
"../../../Engine/Content/VREditor/TransformGizmo/UniformScaleHandle.uasset" 962
"../../../Engine/Content/VREditor/TransformGizmo/UniformScaleHandle.uexp" 963
"../../../Engine/Content/Maps/Entry_BuiltData.uexp" 964
"../../../Engine/Content/Maps/Entry_BuiltData.uasset" 965
"../../../Engine/Content/Maps/Entry.umap" 966
"../../../Engine/Content/Maps/Entry.uexp" 967
"/Users/emmanuelwestfield/Documents/Unreal Projects/VelocityImpact/RUN_EWestfield 5.6/Content/Main_Menu/Main_Menu_Images/Button_MainMenu.uexp" 968
"/Users/emmanuelwestfield/Documents/Unreal Projects/VelocityImpact/RUN_EWestfield 5.6/Content/Main_Menu/Main_Menu_Images/Button_MainMenu.uasset" 969
"/Users/emmanuelwestfield/Documents/Unreal Projects/VelocityImpact/RUN_EWestfield 5.6/Content/Main_Menu/Main_Menu_Images/Button_Quit.uasset" 970
"/Users/emmanuelwestfield/Documents/Unreal Projects/VelocityImpact/RUN_EWestfield 5.6/Content/Main_Menu/Main_Menu_Images/Button_Quit.uexp" 971
"/Users/emmanuelwestfield/Documents/Unreal Projects/VelocityImpact/RUN_EWestfield 5.6/Content/Main_Menu/Main_Menu_Images/VelocityImpact.uexp" 972
"/Users/emmanuelwestfield/Documents/Unreal Projects/VelocityImpact/RUN_EWestfield 5.6/Content/Main_Menu/Main_Menu_Images/VelocityImpact.uasset" 973
"/Users/emmanuelwestfield/Documents/Unreal Projects/VelocityImpact/RUN_EWestfield 5.6/Content/Main_Menu/Main_Menu_Images/Button_Start.uexp" 974
"/Users/emmanuelwestfield/Documents/Unreal Projects/VelocityImpact/RUN_EWestfield 5.6/Content/Main_Menu/Main_Menu_Images/Button_Start.uasset" 975
"/Users/emmanuelwestfield/Documents/Unreal Projects/VelocityImpact/RUN_EWestfield 5.6/Content/Main_Menu/Main_Menu_Images/Button_1280x720.uasset" 976
"/Users/emmanuelwestfield/Documents/Unreal Projects/VelocityImpact/RUN_EWestfield 5.6/Content/Main_Menu/Main_Menu_Images/Button_1280x720.uexp" 977
"/Users/emmanuelwestfield/Documents/Unreal Projects/VelocityImpact/RUN_EWestfield 5.6/Content/Main_Menu/Main_Menu_Images/Button_1920x1080.uasset" 978
"/Users/emmanuelwestfield/Documents/Unreal Projects/VelocityImpact/RUN_EWestfield 5.6/Content/Main_Menu/Main_Menu_Images/Button_1920x1080.uexp" 979
"/Users/emmanuelwestfield/Documents/Unreal Projects/VelocityImpact/RUN_EWestfield 5.6/Content/Main_Menu/Main_Menu_Images/Button_640x480.uasset" 980
"/Users/emmanuelwestfield/Documents/Unreal Projects/VelocityImpact/RUN_EWestfield 5.6/Content/Main_Menu/Main_Menu_Images/Button_640x480.uexp" 981
"/Users/emmanuelwestfield/Documents/Unreal Projects/VelocityImpact/RUN_EWestfield 5.6/Content/Main_Menu/Main_Menu_Images/Button_Options.uasset" 982
"/Users/emmanuelwestfield/Documents/Unreal Projects/VelocityImpact/RUN_EWestfield 5.6/Content/Main_Menu/Main_Menu_Images/Button_Options.uexp" 983
"/Users/emmanuelwestfield/Documents/Unreal Projects/VelocityImpact/RUN_EWestfield 5.6/Content/Main_Menu/MainMenuWidget.uasset" 984
"/Users/emmanuelwestfield/Documents/Unreal Projects/VelocityImpact/RUN_EWestfield 5.6/Content/Main_Menu/MainMenuWidget.uexp" 985
"/Users/emmanuelwestfield/Documents/Unreal Projects/VelocityImpact/RUN_EWestfield 5.6/Content/Main_Menu/MainMenuHUD.uasset" 986
"/Users/emmanuelwestfield/Documents/Unreal Projects/VelocityImpact/RUN_EWestfield 5.6/Content/Main_Menu/MainMenuHUD.uexp" 987
"/Users/emmanuelwestfield/Documents/Unreal Projects/VelocityImpact/RUN_EWestfield 5.6/Content/ThirdPersonBP/Blueprints/ThirdPersonMenuMode.uexp" 988
"/Users/emmanuelwestfield/Documents/Unreal Projects/VelocityImpact/RUN_EWestfield 5.6/Content/ThirdPersonBP/Blueprints/ThirdPersonMenuMode.uasset" 989
"/Users/emmanuelwestfield/Documents/Unreal Projects/VelocityImpact/RUN_EWestfield 5.6/Content/Main_Menu/MainMenuMap.uexp" 990
"/Users/emmanuelwestfield/Documents/Unreal Projects/VelocityImpact/RUN_EWestfield 5.6/Content/Main_Menu/MainMenuMap.umap" 991
"../../../Engine/Content/EngineSky/T_Sky_Blue.uasset" 992
"../../../Engine/Content/EngineSky/T_Sky_Blue.uexp" 993
"../../../Engine/Content/EngineSky/T_Sky_Blue.ubulk" 994
"../../../Engine/Content/EngineSky/T_Sky_Stars.uasset" 995
"../../../Engine/Content/EngineSky/T_Sky_Stars.ubulk" 996
"../../../Engine/Content/EngineSky/T_Sky_Stars.uexp" 997
"../../../Engine/Content/EngineSky/T_Sky_Clouds_M.ubulk" 998
"../../../Engine/Content/EngineSky/T_Sky_Clouds_M.uasset" 999
"../../../Engine/Content/EngineSky/T_Sky_Clouds_M.uexp" 1000
"../../../Engine/Content/EngineSky/M_Sky_Panning_Clouds2.uexp" 1001
"../../../Engine/Content/EngineSky/M_Sky_Panning_Clouds2.uasset" 1002
"../../../Engine/Content/EngineSky/C_Sky_Horizon_Color.uexp" 1003
"../../../Engine/Content/EngineSky/C_Sky_Horizon_Color.uasset" 1004
"../../../Engine/Content/EditorBlueprintResources/StandardMacros.uasset" 1005
"../../../Engine/Content/EditorBlueprintResources/StandardMacros.uexp" 1006
"../../../Engine/Content/EngineSky/SM_SkySphere.uasset" 1007
"../../../Engine/Content/EngineSky/SM_SkySphere.uexp" 1008
"../../../Engine/Content/EngineSky/C_Sky_Cloud_Color.uexp" 1009
"../../../Engine/Content/EngineSky/C_Sky_Cloud_Color.uasset" 1010
"../../../Engine/Content/EngineSky/C_Sky_Zenith_Color.uasset" 1011
"../../../Engine/Content/EngineSky/C_Sky_Zenith_Color.uexp" 1012
"../../../Engine/Content/EngineSky/BP_Sky_Sphere.uexp" 1013
"../../../Engine/Content/EngineSky/BP_Sky_Sphere.uasset" 1014
"/Users/emmanuelwestfield/Documents/Unreal Projects/VelocityImpact/RUN_EWestfield 5.6/Content/Charaters/Michelle_4/Michelle_ENUM.uasset" 1015
"/Users/emmanuelwestfield/Documents/Unreal Projects/VelocityImpact/RUN_EWestfield 5.6/Content/Charaters/Michelle_4/Michelle_ENUM.uexp" 1016
"/Users/emmanuelwestfield/Documents/Unreal Projects/VelocityImpact/RUN_EWestfield 5.6/Content/DodgeBallz/Dodgball_01/Dodgeball01_Physics.uasset" 1017
"/Users/emmanuelwestfield/Documents/Unreal Projects/VelocityImpact/RUN_EWestfield 5.6/Content/DodgeBallz/Dodgball_01/Dodgeball01_Physics.uexp" 1018
"../../../Engine/Content/EngineMaterials/PhysMat_Rubber.uexp" 1019
"../../../Engine/Content/EngineMaterials/PhysMat_Rubber.uasset" 1020
"/Users/emmanuelwestfield/Documents/Unreal Projects/VelocityImpact/RUN_EWestfield 5.6/Content/DodgeBallz/Dodgball_01/13620-v6.ubulk" 1021
"/Users/emmanuelwestfield/Documents/Unreal Projects/VelocityImpact/RUN_EWestfield 5.6/Content/DodgeBallz/Dodgball_01/13620-v6.uasset" 1022
"/Users/emmanuelwestfield/Documents/Unreal Projects/VelocityImpact/RUN_EWestfield 5.6/Content/DodgeBallz/Dodgball_01/13620-v6.uexp" 1023
"/Users/emmanuelwestfield/Documents/Unreal Projects/VelocityImpact/RUN_EWestfield 5.6/Content/DodgeBallz/Dodgball_01/Dodgball01_lambert2.uasset" 1024
"/Users/emmanuelwestfield/Documents/Unreal Projects/VelocityImpact/RUN_EWestfield 5.6/Content/DodgeBallz/Dodgball_01/Dodgball01_lambert2.uexp" 1025
"/Users/emmanuelwestfield/Documents/Unreal Projects/VelocityImpact/RUN_EWestfield 5.6/Content/DodgeBallz/Dodgball_01/Dodgeball_01.uasset" 1026
"/Users/emmanuelwestfield/Documents/Unreal Projects/VelocityImpact/RUN_EWestfield 5.6/Content/DodgeBallz/Dodgball_01/Dodgeball_01.uexp" 1027
"/Users/emmanuelwestfield/Documents/Unreal Projects/VelocityImpact/RUN_EWestfield 5.6/Content/DodgeBallz/Dodgball_01/Dodgeball_01_Blueprint.uasset" 1028
"/Users/emmanuelwestfield/Documents/Unreal Projects/VelocityImpact/RUN_EWestfield 5.6/Content/DodgeBallz/Dodgball_01/Dodgeball_01_Blueprint.uexp" 1029
"/Users/emmanuelwestfield/Documents/Unreal Projects/VelocityImpact/RUN_EWestfield 5.6/Content/ThirdPerson/Health/HeartFull.uasset" 1030
"/Users/emmanuelwestfield/Documents/Unreal Projects/VelocityImpact/RUN_EWestfield 5.6/Content/ThirdPerson/Health/HeartFull.uexp" 1031
"/Users/emmanuelwestfield/Documents/Unreal Projects/VelocityImpact/RUN_EWestfield 5.6/Content/ThirdPerson/Health/HeartEmpty.uexp" 1032
"/Users/emmanuelwestfield/Documents/Unreal Projects/VelocityImpact/RUN_EWestfield 5.6/Content/ThirdPerson/Health/HeartEmpty.uasset" 1033
"/Users/emmanuelwestfield/Documents/Unreal Projects/VelocityImpact/RUN_EWestfield 5.6/Content/ThirdPersonBP/Blueprints/health/HeartTest.uexp" 1034
"/Users/emmanuelwestfield/Documents/Unreal Projects/VelocityImpact/RUN_EWestfield 5.6/Content/ThirdPersonBP/Blueprints/health/HeartTest.uasset" 1035
"/Users/emmanuelwestfield/Documents/Unreal Projects/VelocityImpact/RUN_EWestfield 5.6/Content/ThirdPersonBP/Blueprints/health/HealthWidget.uexp" 1036
"/Users/emmanuelwestfield/Documents/Unreal Projects/VelocityImpact/RUN_EWestfield 5.6/Content/ThirdPersonBP/Blueprints/health/HealthWidget.uasset" 1037
"/Users/emmanuelwestfield/Documents/Unreal Projects/VelocityImpact/RUN_EWestfield 5.6/Content/Main_Menu/Main_Menu_Images/Button_Resume.uexp" 1038
"/Users/emmanuelwestfield/Documents/Unreal Projects/VelocityImpact/RUN_EWestfield 5.6/Content/Main_Menu/Main_Menu_Images/Button_Resume.uasset" 1039
"/Users/emmanuelwestfield/Documents/Unreal Projects/VelocityImpact/RUN_EWestfield 5.6/Content/Main_Menu/PauseWidget1.uexp" 1040
"/Users/emmanuelwestfield/Documents/Unreal Projects/VelocityImpact/RUN_EWestfield 5.6/Content/Main_Menu/PauseWidget1.uasset" 1041
"/Users/emmanuelwestfield/Documents/Unreal Projects/VelocityImpact/RUN_EWestfield 5.6/Content/ThirdPersonBP/Blueprints/Interfaces/RotateOwnerBPI.uexp" 1042
"/Users/emmanuelwestfield/Documents/Unreal Projects/VelocityImpact/RUN_EWestfield 5.6/Content/ThirdPersonBP/Blueprints/Interfaces/RotateOwnerBPI.uasset" 1043
"/Users/emmanuelwestfield/Documents/Unreal Projects/VelocityImpact/RUN_EWestfield 5.6/Content/ThirdPersonBP/Blueprints/health/GameoverWidget.uasset" 1044
"/Users/emmanuelwestfield/Documents/Unreal Projects/VelocityImpact/RUN_EWestfield 5.6/Content/ThirdPersonBP/Blueprints/health/GameoverWidget.uexp" 1045
"/Users/emmanuelwestfield/Documents/Unreal Projects/VelocityImpact/RUN_EWestfield 5.6/Content/Charaters/Michelle_4/Michelle__Skeleton.uexp" 1046
"/Users/emmanuelwestfield/Documents/Unreal Projects/VelocityImpact/RUN_EWestfield 5.6/Content/Charaters/Michelle_4/Michelle__Skeleton.uasset" 1047
"../../../Engine/Content/Animation/DefaultAnimBoneCompressionSettings.uasset" 1048
"../../../Engine/Content/Animation/DefaultAnimBoneCompressionSettings.uexp" 1049
"../../../Engine/Content/Animation/DefaultAnimCurveCompressionSettings.uasset" 1050
"../../../Engine/Content/Animation/DefaultAnimCurveCompressionSettings.uexp" 1051
"/Users/emmanuelwestfield/Documents/Unreal Projects/VelocityImpact/RUN_EWestfield 5.6/Content/Animation/Michelle_Motion_Ch4/New_Michelle/Goalkeeper_Diving_Save_1_.uexp" 1052
"/Users/emmanuelwestfield/Documents/Unreal Projects/VelocityImpact/RUN_EWestfield 5.6/Content/Animation/Michelle_Motion_Ch4/New_Michelle/Goalkeeper_Diving_Save_1_.uasset" 1053
"/Users/emmanuelwestfield/Documents/Unreal Projects/VelocityImpact/RUN_EWestfield 5.6/Content/ThirdPersonBP/Blueprints/AnimNotifies/RotateOwnerAN.uasset" 1054
"/Users/emmanuelwestfield/Documents/Unreal Projects/VelocityImpact/RUN_EWestfield 5.6/Content/ThirdPersonBP/Blueprints/AnimNotifies/RotateOwnerAN.uexp" 1055
"/Users/emmanuelwestfield/Documents/Unreal Projects/VelocityImpact/RUN_EWestfield 5.6/Content/Animation/Michelle_Motion_Ch4/New_Michelle/Goalkeeper_Diving_Save_1__Montage.uasset" 1056
"/Users/emmanuelwestfield/Documents/Unreal Projects/VelocityImpact/RUN_EWestfield 5.6/Content/Animation/Michelle_Motion_Ch4/New_Michelle/Goalkeeper_Diving_Save_1__Montage.uexp" 1057
"/Users/emmanuelwestfield/Documents/Unreal Projects/VelocityImpact/RUN_EWestfield 5.6/Content/Animation/Michelle_Motion_Ch4/New_Michelle/Goalkeeper_Diving_Save.uasset" 1058
"/Users/emmanuelwestfield/Documents/Unreal Projects/VelocityImpact/RUN_EWestfield 5.6/Content/Animation/Michelle_Motion_Ch4/New_Michelle/Goalkeeper_Diving_Save.uexp" 1059
"/Users/emmanuelwestfield/Documents/Unreal Projects/VelocityImpact/RUN_EWestfield 5.6/Content/Animation/Michelle_Motion_Ch4/New_Michelle/Goalkeeper_Diving_Save_Montage.uasset" 1060
"/Users/emmanuelwestfield/Documents/Unreal Projects/VelocityImpact/RUN_EWestfield 5.6/Content/Animation/Michelle_Motion_Ch4/New_Michelle/Goalkeeper_Diving_Save_Montage.uexp" 1061
"/Users/emmanuelwestfield/Documents/Unreal Projects/VelocityImpact/RUN_EWestfield 5.6/Content/Animation/Michelle_Motion_Ch4/New_Michelle/Jump_Away_1_.uexp" 1062
"/Users/emmanuelwestfield/Documents/Unreal Projects/VelocityImpact/RUN_EWestfield 5.6/Content/Animation/Michelle_Motion_Ch4/New_Michelle/Jump_Away_1_.uasset" 1063
"/Users/emmanuelwestfield/Documents/Unreal Projects/VelocityImpact/RUN_EWestfield 5.6/Content/Animation/Michelle_Motion_Ch4/New_Michelle/Jump_Away_Left__Montage.uexp" 1064
"/Users/emmanuelwestfield/Documents/Unreal Projects/VelocityImpact/RUN_EWestfield 5.6/Content/Animation/Michelle_Motion_Ch4/New_Michelle/Jump_Away_Left__Montage.uasset" 1065
"/Users/emmanuelwestfield/Documents/Unreal Projects/VelocityImpact/RUN_EWestfield 5.6/Content/Animation/Michelle_Motion_Ch4/New_Michelle/Jump_Away.uexp" 1066
"/Users/emmanuelwestfield/Documents/Unreal Projects/VelocityImpact/RUN_EWestfield 5.6/Content/Animation/Michelle_Motion_Ch4/New_Michelle/Jump_Away.uasset" 1067
"/Users/emmanuelwestfield/Documents/Unreal Projects/VelocityImpact/RUN_EWestfield 5.6/Content/Animation/Michelle_Motion_Ch4/New_Michelle/Jump_Away_Right_Montage.uasset" 1068
"/Users/emmanuelwestfield/Documents/Unreal Projects/VelocityImpact/RUN_EWestfield 5.6/Content/Animation/Michelle_Motion_Ch4/New_Michelle/Jump_Away_Right_Montage.uexp" 1069
"/Users/emmanuelwestfield/Documents/Unreal Projects/VelocityImpact/RUN_EWestfield 5.6/Content/Charaters/Michelle_4/Ch03_1001_Glossiness.uasset" 1070
"/Users/emmanuelwestfield/Documents/Unreal Projects/VelocityImpact/RUN_EWestfield 5.6/Content/Charaters/Michelle_4/Ch03_1001_Glossiness.uexp" 1071
"/Users/emmanuelwestfield/Documents/Unreal Projects/VelocityImpact/RUN_EWestfield 5.6/Content/Charaters/Michelle_4/Ch03_1001_Glossiness.ubulk" 1072
"/Users/emmanuelwestfield/Documents/Unreal Projects/VelocityImpact/RUN_EWestfield 5.6/Content/Charaters/Michelle_4/Ch03_1001_Specular.ubulk" 1073
"/Users/emmanuelwestfield/Documents/Unreal Projects/VelocityImpact/RUN_EWestfield 5.6/Content/Charaters/Michelle_4/Ch03_1001_Specular.uasset" 1074
"/Users/emmanuelwestfield/Documents/Unreal Projects/VelocityImpact/RUN_EWestfield 5.6/Content/Charaters/Michelle_4/Ch03_1001_Specular.uexp" 1075
"/Users/emmanuelwestfield/Documents/Unreal Projects/VelocityImpact/RUN_EWestfield 5.6/Content/Charaters/Michelle_4/Ch03_1001_Diffuse.uasset" 1076
"/Users/emmanuelwestfield/Documents/Unreal Projects/VelocityImpact/RUN_EWestfield 5.6/Content/Charaters/Michelle_4/Ch03_1001_Diffuse.ubulk" 1077
"/Users/emmanuelwestfield/Documents/Unreal Projects/VelocityImpact/RUN_EWestfield 5.6/Content/Charaters/Michelle_4/Ch03_1001_Diffuse.uexp" 1078
"/Users/emmanuelwestfield/Documents/Unreal Projects/VelocityImpact/RUN_EWestfield 5.6/Content/Charaters/Michelle_4/Ch03_1001_Normal.uexp" 1079
"/Users/emmanuelwestfield/Documents/Unreal Projects/VelocityImpact/RUN_EWestfield 5.6/Content/Charaters/Michelle_4/Ch03_1001_Normal.uasset" 1080
"/Users/emmanuelwestfield/Documents/Unreal Projects/VelocityImpact/RUN_EWestfield 5.6/Content/Charaters/Michelle_4/Ch03_1001_Normal.ubulk" 1081
"/Users/emmanuelwestfield/Documents/Unreal Projects/VelocityImpact/RUN_EWestfield 5.6/Content/Charaters/Michelle_4/Ch03_Body.uasset" 1082
"/Users/emmanuelwestfield/Documents/Unreal Projects/VelocityImpact/RUN_EWestfield 5.6/Content/Charaters/Michelle_4/Ch03_Body.uexp" 1083
"/Users/emmanuelwestfield/Documents/Unreal Projects/VelocityImpact/RUN_EWestfield 5.6/Content/Charaters/Michelle_4/character_4__PhysicsAsset.uasset" 1084
"/Users/emmanuelwestfield/Documents/Unreal Projects/VelocityImpact/RUN_EWestfield 5.6/Content/Charaters/Michelle_4/character_4__PhysicsAsset.uexp" 1085
"/Users/emmanuelwestfield/Documents/Unreal Projects/VelocityImpact/RUN_EWestfield 5.6/Content/Charaters/Michelle_4/character_4_.uexp" 1086
"/Users/emmanuelwestfield/Documents/Unreal Projects/VelocityImpact/RUN_EWestfield 5.6/Content/Charaters/Michelle_4/character_4_.uasset" 1087
"/Users/emmanuelwestfield/Documents/Unreal Projects/VelocityImpact/RUN_EWestfield 5.6/Content/DodgeBallz/Dodgball_01/Dodgeball_01_Widget.uasset" 1088
"/Users/emmanuelwestfield/Documents/Unreal Projects/VelocityImpact/RUN_EWestfield 5.6/Content/DodgeBallz/Dodgball_01/Dodgeball_01_Widget.uexp" 1089
"/Users/emmanuelwestfield/Documents/Unreal Projects/VelocityImpact/RUN_EWestfield 5.6/Content/DodgeBallz/Sphere/Proto_Ball.uasset" 1090
"/Users/emmanuelwestfield/Documents/Unreal Projects/VelocityImpact/RUN_EWestfield 5.6/Content/DodgeBallz/Sphere/Proto_Ball.uexp" 1091
"/Users/emmanuelwestfield/Documents/Unreal Projects/VelocityImpact/RUN_EWestfield 5.6/Content/DodgeBallz/Sphere/ProtoBall_BP.uasset" 1092
"/Users/emmanuelwestfield/Documents/Unreal Projects/VelocityImpact/RUN_EWestfield 5.6/Content/DodgeBallz/Sphere/ProtoBall_BP.uexp" 1093
"/Users/emmanuelwestfield/Documents/Unreal Projects/VelocityImpact/RUN_EWestfield 5.6/Content/FirstPerson/Meshes/BaseMaterial.uasset" 1094
"/Users/emmanuelwestfield/Documents/Unreal Projects/VelocityImpact/RUN_EWestfield 5.6/Content/FirstPerson/Meshes/BaseMaterial.uexp" 1095
"/Users/emmanuelwestfield/Documents/Unreal Projects/VelocityImpact/RUN_EWestfield 5.6/Content/FirstPerson/Meshes/FirstPersonProjectileMaterial.uasset" 1096
"/Users/emmanuelwestfield/Documents/Unreal Projects/VelocityImpact/RUN_EWestfield 5.6/Content/FirstPerson/Meshes/FirstPersonProjectileMaterial.uexp" 1097
"/Users/emmanuelwestfield/Documents/Unreal Projects/VelocityImpact/RUN_EWestfield 5.6/Content/FirstPerson/Meshes/FirstPersonProjectileMesh.uexp" 1098
"/Users/emmanuelwestfield/Documents/Unreal Projects/VelocityImpact/RUN_EWestfield 5.6/Content/FirstPerson/Meshes/FirstPersonProjectileMesh.uasset" 1099
"/Users/emmanuelwestfield/Documents/Unreal Projects/VelocityImpact/RUN_EWestfield 5.6/Content/FirstPersonBP/Blueprints/FirstPersonProjectile.uasset" 1100
"/Users/emmanuelwestfield/Documents/Unreal Projects/VelocityImpact/RUN_EWestfield 5.6/Content/FirstPersonBP/Blueprints/FirstPersonProjectile.uexp" 1101
"/Users/emmanuelwestfield/Documents/Unreal Projects/VelocityImpact/RUN_EWestfield 5.6/Content/ThirdPersonBP/Blueprints/ThirdPersonCharacter.uasset" 1102
"/Users/emmanuelwestfield/Documents/Unreal Projects/VelocityImpact/RUN_EWestfield 5.6/Content/ThirdPersonBP/Blueprints/ThirdPersonCharacter.uexp" 1103
"/Users/emmanuelwestfield/Documents/Unreal Projects/VelocityImpact/RUN_EWestfield 5.6/Content/Animation/Michelle_Motion_Ch4/New_Michelle/Idle.uasset" 1104
"/Users/emmanuelwestfield/Documents/Unreal Projects/VelocityImpact/RUN_EWestfield 5.6/Content/Animation/Michelle_Motion_Ch4/New_Michelle/Idle.uexp" 1105
"/Users/emmanuelwestfield/Documents/Unreal Projects/VelocityImpact/RUN_EWestfield 5.6/Content/Animation/Michelle_Motion_Ch4/New_Michelle/Baseball_Pitching.uexp" 1106
"/Users/emmanuelwestfield/Documents/Unreal Projects/VelocityImpact/RUN_EWestfield 5.6/Content/Animation/Michelle_Motion_Ch4/New_Michelle/Baseball_Pitching.uasset" 1107
"/Users/emmanuelwestfield/Documents/Unreal Projects/VelocityImpact/RUN_EWestfield 5.6/Content/Charaters/Michelle_4/Pitch_Idle_Blend.uexp" 1108
"/Users/emmanuelwestfield/Documents/Unreal Projects/VelocityImpact/RUN_EWestfield 5.6/Content/Charaters/Michelle_4/Pitch_Idle_Blend.uasset" 1109
"/Users/emmanuelwestfield/Documents/Unreal Projects/VelocityImpact/RUN_EWestfield 5.6/Content/Animation/Michelle_Motion_Ch4/New_Michelle/Running_1_.uasset" 1110
"/Users/emmanuelwestfield/Documents/Unreal Projects/VelocityImpact/RUN_EWestfield 5.6/Content/Animation/Michelle_Motion_Ch4/New_Michelle/Running_1_.uexp" 1111
"/Users/emmanuelwestfield/Documents/Unreal Projects/VelocityImpact/RUN_EWestfield 5.6/Content/Animation/Michelle_Motion_Ch4/New_Michelle/Walking_5_.uasset" 1112
"/Users/emmanuelwestfield/Documents/Unreal Projects/VelocityImpact/RUN_EWestfield 5.6/Content/Animation/Michelle_Motion_Ch4/New_Michelle/Walking_5_.uexp" 1113
"/Users/emmanuelwestfield/Documents/Unreal Projects/VelocityImpact/RUN_EWestfield 5.6/Content/Charaters/Michelle_4/Michell_Walking_Blendspace.uexp" 1114
"/Users/emmanuelwestfield/Documents/Unreal Projects/VelocityImpact/RUN_EWestfield 5.6/Content/Charaters/Michelle_4/Michell_Walking_Blendspace.uasset" 1115
"/Users/emmanuelwestfield/Documents/Unreal Projects/VelocityImpact/RUN_EWestfield 5.6/Content/Animation/Michelle_Motion_Ch4/New_Michelle/Falling_To_Landing.uexp" 1116
"/Users/emmanuelwestfield/Documents/Unreal Projects/VelocityImpact/RUN_EWestfield 5.6/Content/Animation/Michelle_Motion_Ch4/New_Michelle/Falling_To_Landing.uasset" 1117
"/Users/emmanuelwestfield/Documents/Unreal Projects/VelocityImpact/RUN_EWestfield 5.6/Content/Animation/Michelle_Motion_Ch4/New_Michelle/Goalkeeper_Idle.uasset" 1118
"/Users/emmanuelwestfield/Documents/Unreal Projects/VelocityImpact/RUN_EWestfield 5.6/Content/Animation/Michelle_Motion_Ch4/New_Michelle/Goalkeeper_Idle.uexp" 1119
"/Users/emmanuelwestfield/Documents/Unreal Projects/VelocityImpact/RUN_EWestfield 5.6/Content/Animation/Michelle_Motion_Ch4/New_Michelle/Goalkeeper_Scoop.uasset" 1120
"/Users/emmanuelwestfield/Documents/Unreal Projects/VelocityImpact/RUN_EWestfield 5.6/Content/Animation/Michelle_Motion_Ch4/New_Michelle/Goalkeeper_Scoop.uexp" 1121
"/Users/emmanuelwestfield/Documents/Unreal Projects/VelocityImpact/RUN_EWestfield 5.6/Content/Animation/Michelle_Motion_Ch4/New_Michelle/Jumping_Up_1_.uexp" 1122
"/Users/emmanuelwestfield/Documents/Unreal Projects/VelocityImpact/RUN_EWestfield 5.6/Content/Animation/Michelle_Motion_Ch4/New_Michelle/Jumping_Up_1_.uasset" 1123
"/Users/emmanuelwestfield/Documents/Unreal Projects/VelocityImpact/RUN_EWestfield 5.6/Content/Charaters/Michelle_4/Character_4_Ani_Blueprint.uasset" 1124
"/Users/emmanuelwestfield/Documents/Unreal Projects/VelocityImpact/RUN_EWestfield 5.6/Content/Charaters/Michelle_4/Character_4_Ani_Blueprint.uexp" 1125
"/Users/emmanuelwestfield/Documents/Unreal Projects/VelocityImpact/RUN_EWestfield 5.6/Content/Cinematic/Shot_1.uexp" 1126
"/Users/emmanuelwestfield/Documents/Unreal Projects/VelocityImpact/RUN_EWestfield 5.6/Content/Cinematic/Shot_1.uasset" 1127
"/Users/emmanuelwestfield/Documents/Unreal Projects/VelocityImpact/RUN_EWestfield 5.6/Content/Cinematic/Shot_2.uexp" 1128
"/Users/emmanuelwestfield/Documents/Unreal Projects/VelocityImpact/RUN_EWestfield 5.6/Content/Cinematic/Shot_2.uasset" 1129
"/Users/emmanuelwestfield/Documents/Unreal Projects/VelocityImpact/RUN_EWestfield 5.6/Content/Cinematic/Master.uexp" 1130
"/Users/emmanuelwestfield/Documents/Unreal Projects/VelocityImpact/RUN_EWestfield 5.6/Content/Cinematic/Master.uasset" 1131
"/Users/emmanuelwestfield/Documents/Unreal Projects/VelocityImpact/RUN_EWestfield 5.6/Content/Color_Boy/Dodgeball_LUT.uasset" 1132
"/Users/emmanuelwestfield/Documents/Unreal Projects/VelocityImpact/RUN_EWestfield 5.6/Content/Color_Boy/Dodgeball_LUT.uexp" 1133
"/Users/emmanuelwestfield/Documents/Unreal Projects/VelocityImpact/RUN_EWestfield 5.6/Content/Geometry/Flag/Flag_PhysicsAsset.uexp" 1134
"/Users/emmanuelwestfield/Documents/Unreal Projects/VelocityImpact/RUN_EWestfield 5.6/Content/Geometry/Flag/Flag_PhysicsAsset.uasset" 1135
"/Users/emmanuelwestfield/Documents/Unreal Projects/VelocityImpact/RUN_EWestfield 5.6/Content/Geometry/Flag/Flag_Skeleton.uexp" 1136
"/Users/emmanuelwestfield/Documents/Unreal Projects/VelocityImpact/RUN_EWestfield 5.6/Content/Geometry/Flag/Flag_Skeleton.uasset" 1137
"/Users/emmanuelwestfield/Documents/Unreal Projects/VelocityImpact/RUN_EWestfield 5.6/Content/Geometry/Flag/Pole.uasset" 1138
"/Users/emmanuelwestfield/Documents/Unreal Projects/VelocityImpact/RUN_EWestfield 5.6/Content/Geometry/Flag/Pole.uexp" 1139
"/Users/emmanuelwestfield/Documents/Unreal Projects/VelocityImpact/RUN_EWestfield 5.6/Content/Geometry/Flag/ANI_240_Flag.uasset" 1140
"/Users/emmanuelwestfield/Documents/Unreal Projects/VelocityImpact/RUN_EWestfield 5.6/Content/Geometry/Flag/ANI_240_Flag.uexp" 1141
"/Users/emmanuelwestfield/Documents/Unreal Projects/VelocityImpact/RUN_EWestfield 5.6/Content/Geometry/Flag/flag_cloth.uasset" 1142
"/Users/emmanuelwestfield/Documents/Unreal Projects/VelocityImpact/RUN_EWestfield 5.6/Content/Geometry/Flag/flag_cloth.uexp" 1143
"/Users/emmanuelwestfield/Documents/Unreal Projects/VelocityImpact/RUN_EWestfield 5.6/Content/Geometry/Flag/Flag.uexp" 1144
"/Users/emmanuelwestfield/Documents/Unreal Projects/VelocityImpact/RUN_EWestfield 5.6/Content/Geometry/Flag/Flag.uasset" 1145
"/Users/emmanuelwestfield/Documents/Unreal Projects/VelocityImpact/RUN_EWestfield 5.6/Content/LowPolyCity/Textures/Texture_01.uasset" 1146
"/Users/emmanuelwestfield/Documents/Unreal Projects/VelocityImpact/RUN_EWestfield 5.6/Content/LowPolyCity/Textures/Texture_01.uexp" 1147
"/Users/emmanuelwestfield/Documents/Unreal Projects/VelocityImpact/RUN_EWestfield 5.6/Content/LowPolyCity/Textures/Texture_01.ubulk" 1148
"/Users/emmanuelwestfield/Documents/Unreal Projects/VelocityImpact/RUN_EWestfield 5.6/Content/LowPolyCity/Materials/M_LowPolyCity_01.uasset" 1149
"/Users/emmanuelwestfield/Documents/Unreal Projects/VelocityImpact/RUN_EWestfield 5.6/Content/LowPolyCity/Materials/M_LowPolyCity_01.uexp" 1150
"/Users/emmanuelwestfield/Documents/Unreal Projects/VelocityImpact/RUN_EWestfield 5.6/Content/LowPolyCity/Meshes/Buildings/Mesh_Buildings_AutoService.uasset" 1151
"/Users/emmanuelwestfield/Documents/Unreal Projects/VelocityImpact/RUN_EWestfield 5.6/Content/LowPolyCity/Meshes/Buildings/Mesh_Buildings_AutoService.uexp" 1152
"/Users/emmanuelwestfield/Documents/Unreal Projects/VelocityImpact/RUN_EWestfield 5.6/Content/LowPolyCity/Meshes/Buildings/Mesh_Buildings_Bank.uasset" 1153
"/Users/emmanuelwestfield/Documents/Unreal Projects/VelocityImpact/RUN_EWestfield 5.6/Content/LowPolyCity/Meshes/Buildings/Mesh_Buildings_Bank.uexp" 1154
"/Users/emmanuelwestfield/Documents/Unreal Projects/VelocityImpact/RUN_EWestfield 5.6/Content/LowPolyCity/Meshes/Buildings/Mesh_Buildings_Basketball.uexp" 1155
"/Users/emmanuelwestfield/Documents/Unreal Projects/VelocityImpact/RUN_EWestfield 5.6/Content/LowPolyCity/Meshes/Buildings/Mesh_Buildings_Basketball.uasset" 1156
"/Users/emmanuelwestfield/Documents/Unreal Projects/VelocityImpact/RUN_EWestfield 5.6/Content/LowPolyCity/Meshes/Buildings/Mesh_Buildings_Burgers.uasset" 1157
"/Users/emmanuelwestfield/Documents/Unreal Projects/VelocityImpact/RUN_EWestfield 5.6/Content/LowPolyCity/Meshes/Buildings/Mesh_Buildings_Burgers.uexp" 1158
"/Users/emmanuelwestfield/Documents/Unreal Projects/VelocityImpact/RUN_EWestfield 5.6/Content/LowPolyCity/Meshes/Buildings/Mesh_Buildings_Cafe.uasset" 1159
"/Users/emmanuelwestfield/Documents/Unreal Projects/VelocityImpact/RUN_EWestfield 5.6/Content/LowPolyCity/Meshes/Buildings/Mesh_Buildings_Cafe.uexp" 1160
"/Users/emmanuelwestfield/Documents/Unreal Projects/VelocityImpact/RUN_EWestfield 5.6/Content/LowPolyCity/Meshes/Buildings/Mesh_Buildings_Donuts.uasset" 1161
"/Users/emmanuelwestfield/Documents/Unreal Projects/VelocityImpact/RUN_EWestfield 5.6/Content/LowPolyCity/Meshes/Buildings/Mesh_Buildings_Donuts.uexp" 1162
"/Users/emmanuelwestfield/Documents/Unreal Projects/VelocityImpact/RUN_EWestfield 5.6/Content/LowPolyCity/Meshes/Buildings/Mesh_Buildings_Factory_01.uexp" 1163
"/Users/emmanuelwestfield/Documents/Unreal Projects/VelocityImpact/RUN_EWestfield 5.6/Content/LowPolyCity/Meshes/Buildings/Mesh_Buildings_Factory_01.uasset" 1164
"/Users/emmanuelwestfield/Documents/Unreal Projects/VelocityImpact/RUN_EWestfield 5.6/Content/LowPolyCity/Meshes/Buildings/Mesh_Buildings_Factory_02.uexp" 1165
"/Users/emmanuelwestfield/Documents/Unreal Projects/VelocityImpact/RUN_EWestfield 5.6/Content/LowPolyCity/Meshes/Buildings/Mesh_Buildings_Factory_02.uasset" 1166
"/Users/emmanuelwestfield/Documents/Unreal Projects/VelocityImpact/RUN_EWestfield 5.6/Content/LowPolyCity/Meshes/Buildings/Mesh_Buildings_Factory_03.uexp" 1167
"/Users/emmanuelwestfield/Documents/Unreal Projects/VelocityImpact/RUN_EWestfield 5.6/Content/LowPolyCity/Meshes/Buildings/Mesh_Buildings_Factory_03.uasset" 1168
"/Users/emmanuelwestfield/Documents/Unreal Projects/VelocityImpact/RUN_EWestfield 5.6/Content/LowPolyCity/Meshes/Buildings/Mesh_Buildings_Football.uasset" 1169
"/Users/emmanuelwestfield/Documents/Unreal Projects/VelocityImpact/RUN_EWestfield 5.6/Content/LowPolyCity/Meshes/Buildings/Mesh_Buildings_Football.uexp" 1170
"/Users/emmanuelwestfield/Documents/Unreal Projects/VelocityImpact/RUN_EWestfield 5.6/Content/LowPolyCity/Meshes/Buildings/Mesh_Buildings_Gas_Station_01.uexp" 1171
"/Users/emmanuelwestfield/Documents/Unreal Projects/VelocityImpact/RUN_EWestfield 5.6/Content/LowPolyCity/Meshes/Buildings/Mesh_Buildings_Gas_Station_01.uasset" 1172
"/Users/emmanuelwestfield/Documents/Unreal Projects/VelocityImpact/RUN_EWestfield 5.6/Content/LowPolyCity/Meshes/Buildings/Mesh_Buildings_Gas_Station_02.uasset" 1173
"/Users/emmanuelwestfield/Documents/Unreal Projects/VelocityImpact/RUN_EWestfield 5.6/Content/LowPolyCity/Meshes/Buildings/Mesh_Buildings_Gas_Station_02.uexp" 1174
"/Users/emmanuelwestfield/Documents/Unreal Projects/VelocityImpact/RUN_EWestfield 5.6/Content/LowPolyCity/Meshes/Buildings/Mesh_Buildings_Hospital.uexp" 1175
"/Users/emmanuelwestfield/Documents/Unreal Projects/VelocityImpact/RUN_EWestfield 5.6/Content/LowPolyCity/Meshes/Buildings/Mesh_Buildings_Hospital.uasset" 1176
"/Users/emmanuelwestfield/Documents/Unreal Projects/VelocityImpact/RUN_EWestfield 5.6/Content/LowPolyCity/Meshes/Buildings/Mesh_Buildings_Hotel.uasset" 1177
"/Users/emmanuelwestfield/Documents/Unreal Projects/VelocityImpact/RUN_EWestfield 5.6/Content/LowPolyCity/Meshes/Buildings/Mesh_Buildings_Hotel.uexp" 1178
"/Users/emmanuelwestfield/Documents/Unreal Projects/VelocityImpact/RUN_EWestfield 5.6/Content/LowPolyCity/Meshes/Buildings/Mesh_Buildings_House_10.uasset" 1179
"/Users/emmanuelwestfield/Documents/Unreal Projects/VelocityImpact/RUN_EWestfield 5.6/Content/LowPolyCity/Meshes/Buildings/Mesh_Buildings_House_10.uexp" 1180
"/Users/emmanuelwestfield/Documents/Unreal Projects/VelocityImpact/RUN_EWestfield 5.6/Content/LowPolyCity/Meshes/Buildings/Mesh_Buildings_House_11.uexp" 1181
"/Users/emmanuelwestfield/Documents/Unreal Projects/VelocityImpact/RUN_EWestfield 5.6/Content/LowPolyCity/Meshes/Buildings/Mesh_Buildings_House_11.uasset" 1182
"/Users/emmanuelwestfield/Documents/Unreal Projects/VelocityImpact/RUN_EWestfield 5.6/Content/LowPolyCity/Meshes/Buildings/Mesh_Buildings_House_12.uasset" 1183
"/Users/emmanuelwestfield/Documents/Unreal Projects/VelocityImpact/RUN_EWestfield 5.6/Content/LowPolyCity/Meshes/Buildings/Mesh_Buildings_House_12.uexp" 1184
"/Users/emmanuelwestfield/Documents/Unreal Projects/VelocityImpact/RUN_EWestfield 5.6/Content/LowPolyCity/Meshes/Buildings/Mesh_Buildings_House_13.uasset" 1185
"/Users/emmanuelwestfield/Documents/Unreal Projects/VelocityImpact/RUN_EWestfield 5.6/Content/LowPolyCity/Meshes/Buildings/Mesh_Buildings_House_13.uexp" 1186
"/Users/emmanuelwestfield/Documents/Unreal Projects/VelocityImpact/RUN_EWestfield 5.6/Content/LowPolyCity/Meshes/Buildings/Mesh_Buildings_House_14.uasset" 1187
"/Users/emmanuelwestfield/Documents/Unreal Projects/VelocityImpact/RUN_EWestfield 5.6/Content/LowPolyCity/Meshes/Buildings/Mesh_Buildings_House_14.uexp" 1188
"/Users/emmanuelwestfield/Documents/Unreal Projects/VelocityImpact/RUN_EWestfield 5.6/Content/LowPolyCity/Meshes/Buildings/Mesh_Buildings_House_15.uexp" 1189
"/Users/emmanuelwestfield/Documents/Unreal Projects/VelocityImpact/RUN_EWestfield 5.6/Content/LowPolyCity/Meshes/Buildings/Mesh_Buildings_House_15.uasset" 1190
"/Users/emmanuelwestfield/Documents/Unreal Projects/VelocityImpact/RUN_EWestfield 5.6/Content/LowPolyCity/Meshes/Buildings/Mesh_Buildings_House_16.uasset" 1191
"/Users/emmanuelwestfield/Documents/Unreal Projects/VelocityImpact/RUN_EWestfield 5.6/Content/LowPolyCity/Meshes/Buildings/Mesh_Buildings_House_16.uexp" 1192
"/Users/emmanuelwestfield/Documents/Unreal Projects/VelocityImpact/RUN_EWestfield 5.6/Content/LowPolyCity/Meshes/Buildings/Mesh_Buildings_House_17.uexp" 1193
"/Users/emmanuelwestfield/Documents/Unreal Projects/VelocityImpact/RUN_EWestfield 5.6/Content/LowPolyCity/Meshes/Buildings/Mesh_Buildings_House_17.uasset" 1194
"/Users/emmanuelwestfield/Documents/Unreal Projects/VelocityImpact/RUN_EWestfield 5.6/Content/LowPolyCity/Meshes/Buildings/Mesh_Buildings_House_18.uasset" 1195
"/Users/emmanuelwestfield/Documents/Unreal Projects/VelocityImpact/RUN_EWestfield 5.6/Content/LowPolyCity/Meshes/Buildings/Mesh_Buildings_House_18.uexp" 1196
"/Users/emmanuelwestfield/Documents/Unreal Projects/VelocityImpact/RUN_EWestfield 5.6/Content/LowPolyCity/Meshes/Buildings/Mesh_Buildings_House_19.uexp" 1197
"/Users/emmanuelwestfield/Documents/Unreal Projects/VelocityImpact/RUN_EWestfield 5.6/Content/LowPolyCity/Meshes/Buildings/Mesh_Buildings_House_19.uasset" 1198
"/Users/emmanuelwestfield/Documents/Unreal Projects/VelocityImpact/RUN_EWestfield 5.6/Content/LowPolyCity/Meshes/Buildings/Mesh_Buildings_House_20.uasset" 1199
"/Users/emmanuelwestfield/Documents/Unreal Projects/VelocityImpact/RUN_EWestfield 5.6/Content/LowPolyCity/Meshes/Buildings/Mesh_Buildings_House_20.uexp" 1200
"/Users/emmanuelwestfield/Documents/Unreal Projects/VelocityImpact/RUN_EWestfield 5.6/Content/LowPolyCity/Meshes/Buildings/Mesh_Buildings_House_21.uexp" 1201
"/Users/emmanuelwestfield/Documents/Unreal Projects/VelocityImpact/RUN_EWestfield 5.6/Content/LowPolyCity/Meshes/Buildings/Mesh_Buildings_House_21.uasset" 1202
"/Users/emmanuelwestfield/Documents/Unreal Projects/VelocityImpact/RUN_EWestfield 5.6/Content/LowPolyCity/Meshes/Buildings/Mesh_Buildings_House_01.uexp" 1203
"/Users/emmanuelwestfield/Documents/Unreal Projects/VelocityImpact/RUN_EWestfield 5.6/Content/LowPolyCity/Meshes/Buildings/Mesh_Buildings_House_01.uasset" 1204
"/Users/emmanuelwestfield/Documents/Unreal Projects/VelocityImpact/RUN_EWestfield 5.6/Content/LowPolyCity/Meshes/Buildings/Mesh_Buildings_House_02.uasset" 1205
"/Users/emmanuelwestfield/Documents/Unreal Projects/VelocityImpact/RUN_EWestfield 5.6/Content/LowPolyCity/Meshes/Buildings/Mesh_Buildings_House_02.uexp" 1206
"/Users/emmanuelwestfield/Documents/Unreal Projects/VelocityImpact/RUN_EWestfield 5.6/Content/LowPolyCity/Meshes/Buildings/Mesh_Buildings_House_03.uasset" 1207
"/Users/emmanuelwestfield/Documents/Unreal Projects/VelocityImpact/RUN_EWestfield 5.6/Content/LowPolyCity/Meshes/Buildings/Mesh_Buildings_House_03.uexp" 1208
"/Users/emmanuelwestfield/Documents/Unreal Projects/VelocityImpact/RUN_EWestfield 5.6/Content/LowPolyCity/Meshes/Buildings/Mesh_Buildings_House_04.uasset" 1209
"/Users/emmanuelwestfield/Documents/Unreal Projects/VelocityImpact/RUN_EWestfield 5.6/Content/LowPolyCity/Meshes/Buildings/Mesh_Buildings_House_04.uexp" 1210
"/Users/emmanuelwestfield/Documents/Unreal Projects/VelocityImpact/RUN_EWestfield 5.6/Content/LowPolyCity/Meshes/Buildings/Mesh_Buildings_House_05.uexp" 1211
"/Users/emmanuelwestfield/Documents/Unreal Projects/VelocityImpact/RUN_EWestfield 5.6/Content/LowPolyCity/Meshes/Buildings/Mesh_Buildings_House_05.uasset" 1212
"/Users/emmanuelwestfield/Documents/Unreal Projects/VelocityImpact/RUN_EWestfield 5.6/Content/LowPolyCity/Meshes/Buildings/Mesh_Buildings_House_06.uexp" 1213
"/Users/emmanuelwestfield/Documents/Unreal Projects/VelocityImpact/RUN_EWestfield 5.6/Content/LowPolyCity/Meshes/Buildings/Mesh_Buildings_House_06.uasset" 1214
"/Users/emmanuelwestfield/Documents/Unreal Projects/VelocityImpact/RUN_EWestfield 5.6/Content/LowPolyCity/Meshes/Buildings/Mesh_Buildings_House_07.uexp" 1215
"/Users/emmanuelwestfield/Documents/Unreal Projects/VelocityImpact/RUN_EWestfield 5.6/Content/LowPolyCity/Meshes/Buildings/Mesh_Buildings_House_07.uasset" 1216
"/Users/emmanuelwestfield/Documents/Unreal Projects/VelocityImpact/RUN_EWestfield 5.6/Content/LowPolyCity/Meshes/Buildings/Mesh_Buildings_House_08.uasset" 1217
"/Users/emmanuelwestfield/Documents/Unreal Projects/VelocityImpact/RUN_EWestfield 5.6/Content/LowPolyCity/Meshes/Buildings/Mesh_Buildings_House_08.uexp" 1218
"/Users/emmanuelwestfield/Documents/Unreal Projects/VelocityImpact/RUN_EWestfield 5.6/Content/LowPolyCity/Meshes/Buildings/Mesh_Buildings_House_09.uasset" 1219
"/Users/emmanuelwestfield/Documents/Unreal Projects/VelocityImpact/RUN_EWestfield 5.6/Content/LowPolyCity/Meshes/Buildings/Mesh_Buildings_House_09.uexp" 1220
"/Users/emmanuelwestfield/Documents/Unreal Projects/VelocityImpact/RUN_EWestfield 5.6/Content/LowPolyCity/Meshes/Buildings/Mesh_Buildings_Pizza.uasset" 1221
"/Users/emmanuelwestfield/Documents/Unreal Projects/VelocityImpact/RUN_EWestfield 5.6/Content/LowPolyCity/Meshes/Buildings/Mesh_Buildings_Pizza.uexp" 1222
"/Users/emmanuelwestfield/Documents/Unreal Projects/VelocityImpact/RUN_EWestfield 5.6/Content/LowPolyCity/Meshes/Buildings/Mesh_Buildings_Police.uexp" 1223
"/Users/emmanuelwestfield/Documents/Unreal Projects/VelocityImpact/RUN_EWestfield 5.6/Content/LowPolyCity/Meshes/Buildings/Mesh_Buildings_Police.uasset" 1224
"/Users/emmanuelwestfield/Documents/Unreal Projects/VelocityImpact/RUN_EWestfield 5.6/Content/LowPolyCity/Meshes/Buildings/Mesh_Buildings_Supermarket.uasset" 1225
"/Users/emmanuelwestfield/Documents/Unreal Projects/VelocityImpact/RUN_EWestfield 5.6/Content/LowPolyCity/Meshes/Buildings/Mesh_Buildings_Supermarket.uexp" 1226
"/Users/emmanuelwestfield/Documents/Unreal Projects/VelocityImpact/RUN_EWestfield 5.6/Content/LowPolyCity/Meshes/Nature/Mesh_Nature_Cloud_01.uasset" 1227
"/Users/emmanuelwestfield/Documents/Unreal Projects/VelocityImpact/RUN_EWestfield 5.6/Content/LowPolyCity/Meshes/Nature/Mesh_Nature_Cloud_01.uexp" 1228
"/Users/emmanuelwestfield/Documents/Unreal Projects/VelocityImpact/RUN_EWestfield 5.6/Content/LowPolyCity/Meshes/Nature/Mesh_Nature_Cloud_04.uexp" 1229
"/Users/emmanuelwestfield/Documents/Unreal Projects/VelocityImpact/RUN_EWestfield 5.6/Content/LowPolyCity/Meshes/Nature/Mesh_Nature_Cloud_04.uasset" 1230
"/Users/emmanuelwestfield/Documents/Unreal Projects/VelocityImpact/RUN_EWestfield 5.6/Content/LowPolyCity/Meshes/Nature/Mesh_Nature_Grass_01.uexp" 1231
"/Users/emmanuelwestfield/Documents/Unreal Projects/VelocityImpact/RUN_EWestfield 5.6/Content/LowPolyCity/Meshes/Nature/Mesh_Nature_Grass_01.uasset" 1232
"/Users/emmanuelwestfield/Documents/Unreal Projects/VelocityImpact/RUN_EWestfield 5.6/Content/LowPolyCity/Meshes/Nature/Mesh_Nature_Grass_02.uasset" 1233
"/Users/emmanuelwestfield/Documents/Unreal Projects/VelocityImpact/RUN_EWestfield 5.6/Content/LowPolyCity/Meshes/Nature/Mesh_Nature_Grass_02.uexp" 1234
"/Users/emmanuelwestfield/Documents/Unreal Projects/VelocityImpact/RUN_EWestfield 5.6/Content/LowPolyCity/Meshes/Nature/Mesh_Nature_Rock_01.uexp" 1235
"/Users/emmanuelwestfield/Documents/Unreal Projects/VelocityImpact/RUN_EWestfield 5.6/Content/LowPolyCity/Meshes/Nature/Mesh_Nature_Rock_01.uasset" 1236
"/Users/emmanuelwestfield/Documents/Unreal Projects/VelocityImpact/RUN_EWestfield 5.6/Content/LowPolyCity/Meshes/Nature/Mesh_Nature_Rock_02.uasset" 1237
"/Users/emmanuelwestfield/Documents/Unreal Projects/VelocityImpact/RUN_EWestfield 5.6/Content/LowPolyCity/Meshes/Nature/Mesh_Nature_Rock_02.uexp" 1238
"/Users/emmanuelwestfield/Documents/Unreal Projects/VelocityImpact/RUN_EWestfield 5.6/Content/LowPolyCity/Meshes/Nature/Mesh_Nature_Tree_01.uasset" 1239
"/Users/emmanuelwestfield/Documents/Unreal Projects/VelocityImpact/RUN_EWestfield 5.6/Content/LowPolyCity/Meshes/Nature/Mesh_Nature_Tree_01.uexp" 1240
"/Users/emmanuelwestfield/Documents/Unreal Projects/VelocityImpact/RUN_EWestfield 5.6/Content/LowPolyCity/Meshes/Nature/Mesh_Nature_Tree_02.uexp" 1241
"/Users/emmanuelwestfield/Documents/Unreal Projects/VelocityImpact/RUN_EWestfield 5.6/Content/LowPolyCity/Meshes/Nature/Mesh_Nature_Tree_02.uasset" 1242
"/Users/emmanuelwestfield/Documents/Unreal Projects/VelocityImpact/RUN_EWestfield 5.6/Content/LowPolyCity/Meshes/Nature/Mesh_Nature_Tree_03.uasset" 1243
"/Users/emmanuelwestfield/Documents/Unreal Projects/VelocityImpact/RUN_EWestfield 5.6/Content/LowPolyCity/Meshes/Nature/Mesh_Nature_Tree_03.uexp" 1244
"/Users/emmanuelwestfield/Documents/Unreal Projects/VelocityImpact/RUN_EWestfield 5.6/Content/LowPolyCity/Meshes/Props/Mesh_Props_Bench_01.uasset" 1245
"/Users/emmanuelwestfield/Documents/Unreal Projects/VelocityImpact/RUN_EWestfield 5.6/Content/LowPolyCity/Meshes/Props/Mesh_Props_Bench_01.uexp" 1246
"/Users/emmanuelwestfield/Documents/Unreal Projects/VelocityImpact/RUN_EWestfield 5.6/Content/LowPolyCity/Meshes/Props/Mesh_Props_Bench_02.uexp" 1247
"/Users/emmanuelwestfield/Documents/Unreal Projects/VelocityImpact/RUN_EWestfield 5.6/Content/LowPolyCity/Meshes/Props/Mesh_Props_Bench_02.uasset" 1248
"/Users/emmanuelwestfield/Documents/Unreal Projects/VelocityImpact/RUN_EWestfield 5.6/Content/LowPolyCity/Meshes/Props/Mesh_Props_Bench_03.uexp" 1249
"/Users/emmanuelwestfield/Documents/Unreal Projects/VelocityImpact/RUN_EWestfield 5.6/Content/LowPolyCity/Meshes/Props/Mesh_Props_Bench_03.uasset" 1250
"/Users/emmanuelwestfield/Documents/Unreal Projects/VelocityImpact/RUN_EWestfield 5.6/Content/LowPolyCity/Meshes/Props/Mesh_Props_Fence_01.uasset" 1251
"/Users/emmanuelwestfield/Documents/Unreal Projects/VelocityImpact/RUN_EWestfield 5.6/Content/LowPolyCity/Meshes/Props/Mesh_Props_Fence_01.uexp" 1252
"/Users/emmanuelwestfield/Documents/Unreal Projects/VelocityImpact/RUN_EWestfield 5.6/Content/LowPolyCity/Meshes/Props/Mesh_Props_Fence_02.uexp" 1253
"/Users/emmanuelwestfield/Documents/Unreal Projects/VelocityImpact/RUN_EWestfield 5.6/Content/LowPolyCity/Meshes/Props/Mesh_Props_Fence_02.uasset" 1254
"/Users/emmanuelwestfield/Documents/Unreal Projects/VelocityImpact/RUN_EWestfield 5.6/Content/LowPolyCity/Meshes/Props/Mesh_Props_FootballFence_01.uexp" 1255
"/Users/emmanuelwestfield/Documents/Unreal Projects/VelocityImpact/RUN_EWestfield 5.6/Content/LowPolyCity/Meshes/Props/Mesh_Props_FootballFence_01.uasset" 1256
"/Users/emmanuelwestfield/Documents/Unreal Projects/VelocityImpact/RUN_EWestfield 5.6/Content/LowPolyCity/Meshes/Props/Mesh_Props_Fountain_01.uexp" 1257
"/Users/emmanuelwestfield/Documents/Unreal Projects/VelocityImpact/RUN_EWestfield 5.6/Content/LowPolyCity/Meshes/Props/Mesh_Props_Fountain_01.uasset" 1258
"/Users/emmanuelwestfield/Documents/Unreal Projects/VelocityImpact/RUN_EWestfield 5.6/Content/LowPolyCity/Meshes/Props/Mesh_Props_GrassPart_01.uexp" 1259
"/Users/emmanuelwestfield/Documents/Unreal Projects/VelocityImpact/RUN_EWestfield 5.6/Content/LowPolyCity/Meshes/Props/Mesh_Props_GrassPart_01.uasset" 1260
"/Users/emmanuelwestfield/Documents/Unreal Projects/VelocityImpact/RUN_EWestfield 5.6/Content/LowPolyCity/Meshes/Props/Mesh_Props_HousePart_03.uasset" 1261
"/Users/emmanuelwestfield/Documents/Unreal Projects/VelocityImpact/RUN_EWestfield 5.6/Content/LowPolyCity/Meshes/Props/Mesh_Props_HousePart_03.uexp" 1262
"/Users/emmanuelwestfield/Documents/Unreal Projects/VelocityImpact/RUN_EWestfield 5.6/Content/LowPolyCity/Meshes/Props/Mesh_Props_HousePart_06.uexp" 1263
"/Users/emmanuelwestfield/Documents/Unreal Projects/VelocityImpact/RUN_EWestfield 5.6/Content/LowPolyCity/Meshes/Props/Mesh_Props_HousePart_06.uasset" 1264
"/Users/emmanuelwestfield/Documents/Unreal Projects/VelocityImpact/RUN_EWestfield 5.6/Content/LowPolyCity/Meshes/Props/Mesh_Props_Light_02.uasset" 1265
"/Users/emmanuelwestfield/Documents/Unreal Projects/VelocityImpact/RUN_EWestfield 5.6/Content/LowPolyCity/Meshes/Props/Mesh_Props_Light_02.uexp" 1266
"/Users/emmanuelwestfield/Documents/Unreal Projects/VelocityImpact/RUN_EWestfield 5.6/Content/LowPolyCity/Meshes/Props/Mesh_Props_RoadSign_01.uasset" 1267
"/Users/emmanuelwestfield/Documents/Unreal Projects/VelocityImpact/RUN_EWestfield 5.6/Content/LowPolyCity/Meshes/Props/Mesh_Props_RoadSign_01.uexp" 1268
"/Users/emmanuelwestfield/Documents/Unreal Projects/VelocityImpact/RUN_EWestfield 5.6/Content/LowPolyCity/Meshes/Props/Mesh_Props_RoadSign_02.uasset" 1269
"/Users/emmanuelwestfield/Documents/Unreal Projects/VelocityImpact/RUN_EWestfield 5.6/Content/LowPolyCity/Meshes/Props/Mesh_Props_RoadSign_02.uexp" 1270
"/Users/emmanuelwestfield/Documents/Unreal Projects/VelocityImpact/RUN_EWestfield 5.6/Content/LowPolyCity/Meshes/Props/Mesh_Props_RoadSign_03.uexp" 1271
"/Users/emmanuelwestfield/Documents/Unreal Projects/VelocityImpact/RUN_EWestfield 5.6/Content/LowPolyCity/Meshes/Props/Mesh_Props_RoadSign_03.uasset" 1272
"/Users/emmanuelwestfield/Documents/Unreal Projects/VelocityImpact/RUN_EWestfield 5.6/Content/LowPolyCity/Meshes/Props/Mesh_Props_TableSet_01.uexp" 1273
"/Users/emmanuelwestfield/Documents/Unreal Projects/VelocityImpact/RUN_EWestfield 5.6/Content/LowPolyCity/Meshes/Props/Mesh_Props_TableSet_01.uasset" 1274
"/Users/emmanuelwestfield/Documents/Unreal Projects/VelocityImpact/RUN_EWestfield 5.6/Content/LowPolyCity/Meshes/Props/Mesh_Props_Trash_01.uexp" 1275
"/Users/emmanuelwestfield/Documents/Unreal Projects/VelocityImpact/RUN_EWestfield 5.6/Content/LowPolyCity/Meshes/Props/Mesh_Props_Trash_01.uasset" 1276
"/Users/emmanuelwestfield/Documents/Unreal Projects/VelocityImpact/RUN_EWestfield 5.6/Content/LowPolyCity/Meshes/Props/Mesh_Props_Trash_02.uasset" 1277
"/Users/emmanuelwestfield/Documents/Unreal Projects/VelocityImpact/RUN_EWestfield 5.6/Content/LowPolyCity/Meshes/Props/Mesh_Props_Trash_02.uexp" 1278
"/Users/emmanuelwestfield/Documents/Unreal Projects/VelocityImpact/RUN_EWestfield 5.6/Content/LowPolyCity/Meshes/Road/Mesh_Road_10.uasset" 1279
"/Users/emmanuelwestfield/Documents/Unreal Projects/VelocityImpact/RUN_EWestfield 5.6/Content/LowPolyCity/Meshes/Road/Mesh_Road_10.uexp" 1280
"/Users/emmanuelwestfield/Documents/Unreal Projects/VelocityImpact/RUN_EWestfield 5.6/Content/LowPolyCity/Meshes/Road/Mesh_Road_11.uexp" 1281
"/Users/emmanuelwestfield/Documents/Unreal Projects/VelocityImpact/RUN_EWestfield 5.6/Content/LowPolyCity/Meshes/Road/Mesh_Road_11.uasset" 1282
"/Users/emmanuelwestfield/Documents/Unreal Projects/VelocityImpact/RUN_EWestfield 5.6/Content/LowPolyCity/Meshes/Road/Mesh_Road_18.uasset" 1283
"/Users/emmanuelwestfield/Documents/Unreal Projects/VelocityImpact/RUN_EWestfield 5.6/Content/LowPolyCity/Meshes/Road/Mesh_Road_18.uexp" 1284
"/Users/emmanuelwestfield/Documents/Unreal Projects/VelocityImpact/RUN_EWestfield 5.6/Content/LowPolyCity/Meshes/Road/Mesh_Road_01.uexp" 1285
"/Users/emmanuelwestfield/Documents/Unreal Projects/VelocityImpact/RUN_EWestfield 5.6/Content/LowPolyCity/Meshes/Road/Mesh_Road_01.uasset" 1286
"/Users/emmanuelwestfield/Documents/Unreal Projects/VelocityImpact/RUN_EWestfield 5.6/Content/LowPolyCity/Meshes/Road/Mesh_Road_02.uasset" 1287
"/Users/emmanuelwestfield/Documents/Unreal Projects/VelocityImpact/RUN_EWestfield 5.6/Content/LowPolyCity/Meshes/Road/Mesh_Road_02.uexp" 1288
"/Users/emmanuelwestfield/Documents/Unreal Projects/VelocityImpact/RUN_EWestfield 5.6/Content/LowPolyCity/Meshes/Road/Mesh_Road_06.uasset" 1289
"/Users/emmanuelwestfield/Documents/Unreal Projects/VelocityImpact/RUN_EWestfield 5.6/Content/LowPolyCity/Meshes/Road/Mesh_Road_06.uexp" 1290
"/Users/emmanuelwestfield/Documents/Unreal Projects/VelocityImpact/RUN_EWestfield 5.6/Content/LowPolyCity/Meshes/Road/Mesh_Road_09.uexp" 1291
"/Users/emmanuelwestfield/Documents/Unreal Projects/VelocityImpact/RUN_EWestfield 5.6/Content/LowPolyCity/Meshes/Road/Mesh_Road_09.uasset" 1292
"/Users/emmanuelwestfield/Documents/Unreal Projects/VelocityImpact/RUN_EWestfield 5.6/Content/LowPolyCity/Meshes/Road/Mesh_Road_BG.uasset" 1293
"/Users/emmanuelwestfield/Documents/Unreal Projects/VelocityImpact/RUN_EWestfield 5.6/Content/LowPolyCity/Meshes/Road/Mesh_Road_BG.uexp" 1294
"/Users/emmanuelwestfield/Documents/Unreal Projects/VelocityImpact/RUN_EWestfield 5.6/Content/LowPolyCity/Meshes/Road/Mesh_Road_GrassPlane_01.uexp" 1295
"/Users/emmanuelwestfield/Documents/Unreal Projects/VelocityImpact/RUN_EWestfield 5.6/Content/LowPolyCity/Meshes/Road/Mesh_Road_GrassPlane_01.uasset" 1296
"/Users/emmanuelwestfield/Documents/Unreal Projects/VelocityImpact/RUN_EWestfield 5.6/Content/LowPolyCity/Meshes/Road/Mesh_Road_GrassPlane_04.uasset" 1297
"/Users/emmanuelwestfield/Documents/Unreal Projects/VelocityImpact/RUN_EWestfield 5.6/Content/LowPolyCity/Meshes/Road/Mesh_Road_GrassPlane_04.uexp" 1298
"/Users/emmanuelwestfield/Documents/Unreal Projects/VelocityImpact/RUN_EWestfield 5.6/Content/LowPolyCity/Meshes/Road/Mesh_Road_GrassPlane_05.uasset" 1299
"/Users/emmanuelwestfield/Documents/Unreal Projects/VelocityImpact/RUN_EWestfield 5.6/Content/LowPolyCity/Meshes/Road/Mesh_Road_GrassPlane_05.uexp" 1300
"/Users/emmanuelwestfield/Documents/Unreal Projects/VelocityImpact/RUN_EWestfield 5.6/Content/LowPolyCity/Meshes/Road/Mesh_Road_Tile_01.uexp" 1301
"/Users/emmanuelwestfield/Documents/Unreal Projects/VelocityImpact/RUN_EWestfield 5.6/Content/LowPolyCity/Meshes/Road/Mesh_Road_Tile_01.uasset" 1302
"/Users/emmanuelwestfield/Documents/Unreal Projects/VelocityImpact/RUN_EWestfield 5.6/Content/ThirdPersonBP/Blueprints/health/TimerWidget.uasset" 1303
"/Users/emmanuelwestfield/Documents/Unreal Projects/VelocityImpact/RUN_EWestfield 5.6/Content/ThirdPersonBP/Blueprints/health/TimerWidget.uexp" 1304
"/Users/emmanuelwestfield/Documents/Unreal Projects/VelocityImpact/RUN_EWestfield 5.6/Content/ThirdPersonBP/Blueprints/ThirdPersonGameMode.uasset" 1305
"/Users/emmanuelwestfield/Documents/Unreal Projects/VelocityImpact/RUN_EWestfield 5.6/Content/ThirdPersonBP/Blueprints/ThirdPersonGameMode.uexp" 1306
"../../../Engine/Content/Functions/Engine_MaterialFunctions01/Texturing/ComputeMipLevel.uexp" 1307
"../../../Engine/Content/Functions/Engine_MaterialFunctions01/Texturing/ComputeMipLevel.uasset" 1308
"../../../Engine/Content/Functions/Engine_MaterialFunctions02/ExampleContent/Textures/DebugNumberPeriod.uasset" 1309
"../../../Engine/Content/Functions/Engine_MaterialFunctions02/ExampleContent/Textures/DebugNumberPeriod.uexp" 1310
"../../../Engine/Content/Functions/Engine_MaterialFunctions02/Utility/DebugScalarValues.uexp" 1311
"../../../Engine/Content/Functions/Engine_MaterialFunctions02/Utility/DebugScalarValues.uasset" 1312
"../../../Engine/Content/Functions/Engine_MaterialFunctions01/Volumetrics/SchlickPhase.uasset" 1313
"../../../Engine/Content/Functions/Engine_MaterialFunctions01/Volumetrics/SchlickPhase.uexp" 1314
"../../../Engine/Plugins/Experimental/Water/Content/Materials/Functions/ComputeWavesAttenuationFactor.uasset" 1315
"../../../Engine/Plugins/Experimental/Water/Content/Materials/Functions/ComputeWavesAttenuationFactor.uexp" 1316
"../../../Engine/Plugins/Experimental/Water/Content/Textures/BlackTexture2DArray.uexp" 1317
"../../../Engine/Plugins/Experimental/Water/Content/Textures/BlackTexture2DArray.uasset" 1318
"../../../Engine/Plugins/Experimental/Water/Content/Materials/Functions/HighQualityTextureFiltering.uexp" 1319
"../../../Engine/Plugins/Experimental/Water/Content/Materials/Functions/HighQualityTextureFiltering.uasset" 1320
"../../../Engine/Plugins/Experimental/Water/Content/Materials/Functions/SampleBakedFluidSimulation.uasset" 1321
"../../../Engine/Plugins/Experimental/Water/Content/Materials/Functions/SampleBakedFluidSimulation.uexp" 1322
"../../../Engine/Plugins/Experimental/Water/Content/Materials/Functions/WaterZoneData.uasset" 1323
"../../../Engine/Plugins/Experimental/Water/Content/Materials/Functions/WaterZoneData.uexp" 1324
"../../../Engine/Plugins/Experimental/Water/Content/Materials/Functions/WaterBodyData.uasset" 1325
"../../../Engine/Plugins/Experimental/Water/Content/Materials/Functions/WaterBodyData.uexp" 1326
"../../../Engine/Plugins/Experimental/Water/Content/Materials/Functions/WaveDepthFalloff_Overrides.uexp" 1327
"../../../Engine/Plugins/Experimental/Water/Content/Materials/Functions/WaveDepthFalloff_Overrides.uasset" 1328
"../../../Engine/Plugins/Experimental/Water/Content/Materials/Functions/ComputeGerstnerWaves.uexp" 1329
"../../../Engine/Plugins/Experimental/Water/Content/Materials/Functions/ComputeGerstnerWaves.uasset" 1330
"../../../Engine/Plugins/Experimental/Water/Content/Materials/MPC/MPC_Water.uexp" 1331
"../../../Engine/Plugins/Experimental/Water/Content/Materials/MPC/MPC_Water.uasset" 1332
"../../../Engine/Plugins/Experimental/Water/Content/Materials/Functions/GetWaterTime.uasset" 1333
"../../../Engine/Plugins/Experimental/Water/Content/Materials/Functions/GetWaterTime.uexp" 1334
"../../../Engine/Plugins/Experimental/Water/Content/Materials/PostProcessing/M_UnderWater_PostProcess_Volume.uexp" 1335
"../../../Engine/Plugins/Experimental/Water/Content/Materials/PostProcessing/M_UnderWater_PostProcess_Volume.uasset" 1336
"../../../Engine/Plugins/Experimental/Water/Content/Caustics/Materials/Functions/GetDistortionUV.uexp" 1337
"../../../Engine/Plugins/Experimental/Water/Content/Caustics/Materials/Functions/GetDistortionUV.uasset" 1338
"../../../Engine/Plugins/Experimental/Water/Content/Materials/Functions/WorldNormalBehindWater.uexp" 1339
"../../../Engine/Plugins/Experimental/Water/Content/Materials/Functions/WorldNormalBehindWater.uasset" 1340
"../../../Engine/Plugins/Experimental/Water/Content/Materials/Functions/WorldPositionBehindWater.uasset" 1341
"../../../Engine/Plugins/Experimental/Water/Content/Materials/Functions/WorldPositionBehindWater.uexp" 1342
"../../../Engine/Plugins/Experimental/Water/Content/Caustics/Materials/Functions/WaterCaustics_GerstnerWaves.uexp" 1343
"../../../Engine/Plugins/Experimental/Water/Content/Caustics/Materials/Functions/WaterCaustics_GerstnerWaves.uasset" 1344
"../../../Engine/Plugins/Experimental/Water/Content/Textures/Normals/T_Water_TilingNormal_With_Height_02_Softened.uexp" 1345
"../../../Engine/Plugins/Experimental/Water/Content/Textures/Normals/T_Water_TilingNormal_With_Height_02_Softened.uasset" 1346
"../../../Engine/Plugins/Experimental/Water/Content/Textures/Normals/T_Water_TilingNormal_With_Height_02_Softened.ubulk" 1347
"../../../Engine/Content/Functions/Engine_MaterialFunctions02/Math/TimeWithSpeedVariable.uexp" 1348
"../../../Engine/Content/Functions/Engine_MaterialFunctions02/Math/TimeWithSpeedVariable.uasset" 1349
"../../../Engine/Plugins/Experimental/Water/Content/Materials/Functions/WaterTextureWaves.uexp" 1350
"../../../Engine/Plugins/Experimental/Water/Content/Materials/Functions/WaterTextureWaves.uasset" 1351
"../../../Engine/Plugins/Experimental/Water/Content/Materials/Functions/WaterTextureSurface.uasset" 1352
"../../../Engine/Plugins/Experimental/Water/Content/Materials/Functions/WaterTextureSurface.uexp" 1353
"../../../Engine/Plugins/Experimental/Water/Content/Materials/Layers/WaterAttributes.uasset" 1354
"../../../Engine/Plugins/Experimental/Water/Content/Materials/Layers/WaterAttributes.uexp" 1355
"../../../Engine/Content/Functions/Engine_MaterialFunctions03/Procedurals/NormalFromHeightmap.uexp" 1356
"../../../Engine/Content/Functions/Engine_MaterialFunctions03/Procedurals/NormalFromHeightmap.uasset" 1357
"../../../Engine/Content/Functions/Engine_MaterialFunctions01/Gradient/BoxMask-2D.uasset" 1358
"../../../Engine/Content/Functions/Engine_MaterialFunctions01/Gradient/BoxMask-2D.uexp" 1359
"../../../Engine/Content/EngineSky/VolumetricClouds/T_VolumeNoiseShape128.uexp" 1360
"../../../Engine/Content/EngineSky/VolumetricClouds/T_VolumeNoiseShape128.uasset" 1361
"../../../Engine/Plugins/Experimental/Water/Content/Textures/Foam/T_WaterFlow_01_Foam_Tiled.ubulk" 1362
"../../../Engine/Plugins/Experimental/Water/Content/Textures/Foam/T_WaterFlow_01_Foam_Tiled.uexp" 1363
"../../../Engine/Plugins/Experimental/Water/Content/Textures/Foam/T_WaterFlow_01_Foam_Tiled.uasset" 1364
"../../../Engine/Plugins/Experimental/Water/Content/Textures/Foam/T_WaterFlow_01_Foam_Tiled_N.ubulk" 1365
"../../../Engine/Plugins/Experimental/Water/Content/Textures/Foam/T_WaterFlow_01_Foam_Tiled_N.uasset" 1366
"../../../Engine/Plugins/Experimental/Water/Content/Textures/Foam/T_WaterFlow_01_Foam_Tiled_N.uexp" 1367
"../../../Engine/Plugins/Experimental/Water/Content/FluidSimulation/WaveFoam/FoamRT.uexp" 1368
"../../../Engine/Plugins/Experimental/Water/Content/FluidSimulation/WaveFoam/FoamRT.uasset" 1369
"../../../Engine/Content/Functions/Engine_MaterialFunctions01/Gradient/LinearGradient.uasset" 1370
"../../../Engine/Content/Functions/Engine_MaterialFunctions01/Gradient/LinearGradient.uexp" 1371
"../../../Engine/Content/Functions/Engine_MaterialFunctions01/ImageAdjustment/CheapContrast.uasset" 1372
"../../../Engine/Content/Functions/Engine_MaterialFunctions01/ImageAdjustment/CheapContrast.uexp" 1373
"../../../Engine/Content/Functions/Engine_MaterialFunctions02/Texturing/HeightLerp.uexp" 1374
"../../../Engine/Content/Functions/Engine_MaterialFunctions02/Texturing/HeightLerp.uasset" 1375
"../../../Engine/Plugins/Experimental/Water/Content/Materials/Layers/BeachFoam.uexp" 1376
"../../../Engine/Plugins/Experimental/Water/Content/Materials/Layers/BeachFoam.uasset" 1377
"../../../Engine/Plugins/Experimental/Water/Content/Materials/Functions/WaterCoefficientMask.uexp" 1378
"../../../Engine/Plugins/Experimental/Water/Content/Materials/Functions/WaterCoefficientMask.uasset" 1379
"../../../Engine/Content/Functions/Engine_MaterialFunctions01/Opacity/AlphaOffset.uasset" 1380
"../../../Engine/Content/Functions/Engine_MaterialFunctions01/Opacity/AlphaOffset.uexp" 1381
"../../../Engine/Plugins/Experimental/Water/Content/FluidSimulation/WaveFoam/WaterDistanceField.uasset" 1382
"../../../Engine/Plugins/Experimental/Water/Content/FluidSimulation/WaveFoam/WaterDistanceField.uexp" 1383
"../../../Engine/Content/EngineMaterials/DefaultNormal.uasset" 1384
"../../../Engine/Content/EngineMaterials/DefaultNormal.ubulk" 1385
"../../../Engine/Content/EngineMaterials/DefaultNormal.uexp" 1386
"../../../Engine/Content/Functions/Engine_MaterialFunctions02/Utility/LinearSine.uexp" 1387
"../../../Engine/Content/Functions/Engine_MaterialFunctions02/Utility/LinearSine.uasset" 1388
"../../../Engine/Content/Functions/Engine_MaterialFunctions02/Math/MakeVectorsOrthogonal.uexp" 1389
"../../../Engine/Content/Functions/Engine_MaterialFunctions02/Math/MakeVectorsOrthogonal.uasset" 1390
"../../../Engine/Content/Functions/Engine_MaterialFunctions02/ExampleContent/Textures/LowResBlurredNoise.uexp" 1391
"../../../Engine/Content/Functions/Engine_MaterialFunctions02/ExampleContent/Textures/LowResBlurredNoise.uasset" 1392
"../../../Engine/Content/Functions/Engine_MaterialFunctions02/Texturing/Flowmaps.uasset" 1393
"../../../Engine/Content/Functions/Engine_MaterialFunctions02/Texturing/Flowmaps.uexp" 1394
"../../../Engine/Plugins/Experimental/Water/Content/FluidSimulation/Materials/Functions/Fluidsim_WorldPosition_to_UV.uexp" 1395
"../../../Engine/Plugins/Experimental/Water/Content/FluidSimulation/Materials/Functions/Fluidsim_WorldPosition_to_UV.uasset" 1396
"../../../Engine/Plugins/Experimental/Water/Content/Materials/Functions/SampleFluidSimulation.uexp" 1397
"../../../Engine/Plugins/Experimental/Water/Content/Materials/Functions/SampleFluidSimulation.uasset" 1398
"../../../Engine/Plugins/Experimental/Water/Content/Materials/Functions/WaterOpacityMaskFromDepth.uexp" 1399
"../../../Engine/Plugins/Experimental/Water/Content/Materials/Functions/WaterOpacityMaskFromDepth.uasset" 1400
"../../../Engine/Plugins/Experimental/Water/Content/Materials/Functions/Water_Underside.uexp" 1401
"../../../Engine/Plugins/Experimental/Water/Content/Materials/Functions/Water_Underside.uasset" 1402
"../../../Engine/Plugins/Experimental/Water/Content/Materials/Functions/SetWaveAttributes.uasset" 1403
"../../../Engine/Plugins/Experimental/Water/Content/Materials/Functions/SetWaveAttributes.uexp" 1404
"../../../Engine/Plugins/Experimental/Water/Content/Materials/Functions/WaterHeightMappingVS.uexp" 1405
"../../../Engine/Plugins/Experimental/Water/Content/Materials/Functions/WaterHeightMappingVS.uasset" 1406
"../../../Engine/Plugins/Experimental/Water/Content/Materials/Functions/WaveVelocityMask.uexp" 1407
"../../../Engine/Plugins/Experimental/Water/Content/Materials/Functions/WaveVelocityMask.uasset" 1408
"../../../Engine/Plugins/Experimental/Water/Content/Materials/Functions/ClipDynamicBounds.uasset" 1409
"../../../Engine/Plugins/Experimental/Water/Content/Materials/Functions/ClipDynamicBounds.uexp" 1410
"../../../Engine/Plugins/Experimental/Water/Content/Textures/Flowmaps/RiverFlowmap_Normal.ubulk" 1411
"../../../Engine/Plugins/Experimental/Water/Content/Textures/Flowmaps/RiverFlowmap_Normal.uexp" 1412
"../../../Engine/Plugins/Experimental/Water/Content/Textures/Flowmaps/RiverFlowmap_Normal.uasset" 1413
"../../../Engine/Plugins/Experimental/Water/Content/Textures/Flowmaps/RiverFlowmap_Diffuse.uexp" 1414
"../../../Engine/Plugins/Experimental/Water/Content/Textures/Flowmaps/RiverFlowmap_Diffuse.uasset" 1415
"../../../Engine/Plugins/Experimental/Water/Content/Textures/Flowmaps/RiverFlowmap_Diffuse.ubulk" 1416
"../../../Engine/Content/Functions/Engine_MaterialFunctions01/Coordinates/WorldPosition-XY.uexp" 1417
"../../../Engine/Content/Functions/Engine_MaterialFunctions01/Coordinates/WorldPosition-XY.uasset" 1418
"../../../Engine/Plugins/Experimental/Water/Content/Materials/Functions/WaterRiverFlowmaps.uasset" 1419
"../../../Engine/Plugins/Experimental/Water/Content/Materials/Functions/WaterRiverFlowmaps.uexp" 1420
"../../../Engine/Plugins/Experimental/Water/Content/Materials/WaterSurface/Water_Material.uexp" 1421
"../../../Engine/Plugins/Experimental/Water/Content/Materials/WaterSurface/Water_Material.uasset" 1422
"../../../Engine/Plugins/Experimental/Water/Content/Materials/WaterSurface/Water_Material_CustomMesh.uexp" 1423
"../../../Engine/Plugins/Experimental/Water/Content/Materials/WaterSurface/Water_Material_CustomMesh.uasset" 1424
"../../../Engine/Plugins/Experimental/Water/Content/Meshes/S_WaterPlane_256.uasset" 1425
"../../../Engine/Plugins/Experimental/Water/Content/Meshes/S_WaterPlane_256.uexp" 1426
"/Users/emmanuelwestfield/Documents/Unreal Projects/VelocityImpact/RUN_EWestfield 5.6/Content/ThirdPersonExampleMap_Auto9.uexp" 1427
"/Users/emmanuelwestfield/Documents/Unreal Projects/VelocityImpact/RUN_EWestfield 5.6/Content/ThirdPersonExampleMap_Auto9.umap" 1428
