"/Users/emmanuelwestfield/Desktop/New_Level_Layout/Content/Charaters/Mannaquin/Ch36_nonPBR_PhysicsAsset.uasset" 0
"/Users/emmanuelwestfield/Desktop/New_Level_Layout/Content/Charaters/Mannaquin/Ch36_nonPBR_PhysicsAsset.uexp" 1
"/Users/emmanuelwestfield/Desktop/New_Level_Layout/Content/Charaters/Mannaquin/Ch36_1001_Specular.uasset" 2
"/Users/emmanuelwestfield/Desktop/New_Level_Layout/Content/Charaters/Mannaquin/Ch36_1001_Specular.uexp" 3
"/Users/emmanuelwestfield/Desktop/New_Level_Layout/Content/Charaters/Mannaquin/Ch36_1001_Specular.ubulk" 4
"/Users/emmanuelwestfield/Desktop/New_Level_Layout/Content/Charaters/Mannaquin/Ch36_1001_Normal.uasset" 5
"/Users/emmanuelwestfield/Desktop/New_Level_Layout/Content/Charaters/Mannaquin/Ch36_1001_Normal.uexp" 6
"/Users/emmanuelwestfield/Desktop/New_Level_Layout/Content/Charaters/Mannaquin/Ch36_1001_Normal.ubulk" 7
"/Users/emmanuelwestfield/Desktop/New_Level_Layout/Content/Charaters/Mannaquin/Ch36_1001_Glossiness.uasset" 8
"/Users/emmanuelwestfield/Desktop/New_Level_Layout/Content/Charaters/Mannaquin/Ch36_1001_Glossiness.uexp" 9
"/Users/emmanuelwestfield/Desktop/New_Level_Layout/Content/Charaters/Mannaquin/Ch36_1001_Glossiness.ubulk" 10
"/Users/emmanuelwestfield/Desktop/New_Level_Layout/Content/Charaters/Mannaquin/Ch36_1001_Diffuse.uasset" 11
"/Users/emmanuelwestfield/Desktop/New_Level_Layout/Content/Charaters/Mannaquin/Ch36_1001_Diffuse.uexp" 12
"/Users/emmanuelwestfield/Desktop/New_Level_Layout/Content/Charaters/Mannaquin/Ch36_1001_Diffuse.ubulk" 13
"/Users/emmanuelwestfield/Desktop/New_Level_Layout/Content/Charaters/Mannaquin/Ch36_Body.uasset" 14
"/Users/emmanuelwestfield/Desktop/New_Level_Layout/Content/Charaters/Mannaquin/Ch36_Body.uexp" 15
"/Users/emmanuelwestfield/Desktop/New_Level_Layout/Content/Charaters/Mannaquin/Mannaquin_Skeleton.uasset" 16
"/Users/emmanuelwestfield/Desktop/New_Level_Layout/Content/Charaters/Mannaquin/Mannaquin_Skeleton.uexp" 17
"/Users/emmanuelwestfield/Desktop/New_Level_Layout/Content/Charaters/Mannaquin/Ch36_nonPBR.uasset" 18
"/Users/emmanuelwestfield/Desktop/New_Level_Layout/Content/Charaters/Mannaquin/Ch36_nonPBR.uexp" 19
"/Users/emmanuelwestfield/Desktop/New_Level_Layout/Content/ThirdPersonBP/Blueprints/ThirdPersonCharacter6.uasset" 20
"/Users/emmanuelwestfield/Desktop/New_Level_Layout/Content/ThirdPersonBP/Blueprints/ThirdPersonCharacter6.uexp" 21
"/Users/emmanuelwestfield/Desktop/New_Level_Layout/Content/Charaters/Jackie_29/Ch29_1001_Normal.uasset" 22
"/Users/emmanuelwestfield/Desktop/New_Level_Layout/Content/Charaters/Jackie_29/Ch29_1001_Normal.uexp" 23
"/Users/emmanuelwestfield/Desktop/New_Level_Layout/Content/Charaters/Jackie_29/Ch29_1001_Normal.ubulk" 24
"/Users/emmanuelwestfield/Desktop/New_Level_Layout/Content/Charaters/Jackie_29/Ch29_1001_Diffuse.uasset" 25
"/Users/emmanuelwestfield/Desktop/New_Level_Layout/Content/Charaters/Jackie_29/Ch29_1001_Diffuse.uexp" 26
"/Users/emmanuelwestfield/Desktop/New_Level_Layout/Content/Charaters/Jackie_29/Ch29_1001_Diffuse.ubulk" 27
"/Users/emmanuelwestfield/Desktop/New_Level_Layout/Content/Charaters/Jackie_29/Ch29_1001_Glossiness.uasset" 28
"/Users/emmanuelwestfield/Desktop/New_Level_Layout/Content/Charaters/Jackie_29/Ch29_1001_Glossiness.uexp" 29
"/Users/emmanuelwestfield/Desktop/New_Level_Layout/Content/Charaters/Jackie_29/Ch29_1001_Glossiness.ubulk" 30
"/Users/emmanuelwestfield/Desktop/New_Level_Layout/Content/Charaters/Jackie_29/Ch29_1001_Specular.uasset" 31
"/Users/emmanuelwestfield/Desktop/New_Level_Layout/Content/Charaters/Jackie_29/Ch29_1001_Specular.uexp" 32
"/Users/emmanuelwestfield/Desktop/New_Level_Layout/Content/Charaters/Jackie_29/Ch29_1001_Specular.ubulk" 33
"/Users/emmanuelwestfield/Desktop/New_Level_Layout/Content/Charaters/Jackie_29/Ch29_Body.uasset" 34
"/Users/emmanuelwestfield/Desktop/New_Level_Layout/Content/Charaters/Jackie_29/Ch29_Body.uexp" 35
"/Users/emmanuelwestfield/Desktop/New_Level_Layout/Content/Charaters/Jackie_29/character_3__PhysicsAsset.uasset" 36
"/Users/emmanuelwestfield/Desktop/New_Level_Layout/Content/Charaters/Jackie_29/character_3__PhysicsAsset.uexp" 37
"/Users/emmanuelwestfield/Desktop/New_Level_Layout/Content/Charaters/Jackie_29/Jackie__Skeleton.uasset" 38
"/Users/emmanuelwestfield/Desktop/New_Level_Layout/Content/Charaters/Jackie_29/Jackie__Skeleton.uexp" 39
"/Users/emmanuelwestfield/Desktop/New_Level_Layout/Content/Charaters/Jackie_29/character_3_.uasset" 40
"/Users/emmanuelwestfield/Desktop/New_Level_Layout/Content/Charaters/Jackie_29/character_3_.uexp" 41
"../../../Engine/Content/Animation/DefaultAnimCurveCompressionSettings.uasset" 42
"../../../Engine/Content/Animation/DefaultAnimCurveCompressionSettings.uexp" 43
"../../../Engine/Content/Animation/DefaultAnimBoneCompressionSettings.uasset" 44
"../../../Engine/Content/Animation/DefaultAnimBoneCompressionSettings.uexp" 45
"/Users/emmanuelwestfield/Desktop/New_Level_Layout/Content/Animation/Jackie_Motion_Ch3/walking.uasset" 46
"/Users/emmanuelwestfield/Desktop/New_Level_Layout/Content/Animation/Jackie_Motion_Ch3/walking.uexp" 47
"/Users/emmanuelwestfield/Desktop/New_Level_Layout/Content/Animation/Jackie_Motion_Ch3/Goalie_Throw.uasset" 48
"/Users/emmanuelwestfield/Desktop/New_Level_Layout/Content/Animation/Jackie_Motion_Ch3/Goalie_Throw.uexp" 49
"/Users/emmanuelwestfield/Desktop/New_Level_Layout/Content/Animation/Jackie_Motion_Ch3/idle.uasset" 50
"/Users/emmanuelwestfield/Desktop/New_Level_Layout/Content/Animation/Jackie_Motion_Ch3/idle.uexp" 51
"/Users/emmanuelwestfield/Desktop/New_Level_Layout/Content/Charaters/Jackie_29/Character_3_Ani_Blueprint.uasset" 52
"/Users/emmanuelwestfield/Desktop/New_Level_Layout/Content/Charaters/Jackie_29/Character_3_Ani_Blueprint.uexp" 53
"/Users/emmanuelwestfield/Desktop/New_Level_Layout/Content/ThirdPersonBP/Blueprints/ThirdPersonCharacter4.uasset" 54
"/Users/emmanuelwestfield/Desktop/New_Level_Layout/Content/ThirdPersonBP/Blueprints/ThirdPersonCharacter4.uexp" 55
"/Users/emmanuelwestfield/Desktop/New_Level_Layout/Content/Charaters/Jolleen_34/character_1__PhysicsAsset.uasset" 56
"/Users/emmanuelwestfield/Desktop/New_Level_Layout/Content/Charaters/Jolleen_34/character_1__PhysicsAsset.uexp" 57
"/Users/emmanuelwestfield/Desktop/New_Level_Layout/Content/Charaters/Jolleen_34/Ch34_1001_Normal.uasset" 58
"/Users/emmanuelwestfield/Desktop/New_Level_Layout/Content/Charaters/Jolleen_34/Ch34_1001_Normal.uexp" 59
"/Users/emmanuelwestfield/Desktop/New_Level_Layout/Content/Charaters/Jolleen_34/Ch34_1001_Normal.ubulk" 60
"/Users/emmanuelwestfield/Desktop/New_Level_Layout/Content/Charaters/Jolleen_34/Ch34_1001_Glossiness.uasset" 61
"/Users/emmanuelwestfield/Desktop/New_Level_Layout/Content/Charaters/Jolleen_34/Ch34_1001_Glossiness.uexp" 62
"/Users/emmanuelwestfield/Desktop/New_Level_Layout/Content/Charaters/Jolleen_34/Ch34_1001_Glossiness.ubulk" 63
"/Users/emmanuelwestfield/Desktop/New_Level_Layout/Content/Charaters/Jolleen_34/Ch34_1001_Diffuse.uasset" 64
"/Users/emmanuelwestfield/Desktop/New_Level_Layout/Content/Charaters/Jolleen_34/Ch34_1001_Diffuse.uexp" 65
"/Users/emmanuelwestfield/Desktop/New_Level_Layout/Content/Charaters/Jolleen_34/Ch34_1001_Diffuse.ubulk" 66
"/Users/emmanuelwestfield/Desktop/New_Level_Layout/Content/Charaters/Jolleen_34/Ch34_1001_Specular.uasset" 67
"/Users/emmanuelwestfield/Desktop/New_Level_Layout/Content/Charaters/Jolleen_34/Ch34_1001_Specular.uexp" 68
"/Users/emmanuelwestfield/Desktop/New_Level_Layout/Content/Charaters/Jolleen_34/Ch34_1001_Specular.ubulk" 69
"/Users/emmanuelwestfield/Desktop/New_Level_Layout/Content/Charaters/Jolleen_34/phong1.uasset" 70
"/Users/emmanuelwestfield/Desktop/New_Level_Layout/Content/Charaters/Jolleen_34/phong1.uexp" 71
"/Users/emmanuelwestfield/Desktop/New_Level_Layout/Content/Charaters/Jolleen_34/Jolleen__Skeleton.uasset" 72
"/Users/emmanuelwestfield/Desktop/New_Level_Layout/Content/Charaters/Jolleen_34/Jolleen__Skeleton.uexp" 73
"/Users/emmanuelwestfield/Desktop/New_Level_Layout/Content/Charaters/Jolleen_34/character_1_.uasset" 74
"/Users/emmanuelwestfield/Desktop/New_Level_Layout/Content/Charaters/Jolleen_34/character_1_.uexp" 75
"/Users/emmanuelwestfield/Desktop/New_Level_Layout/Content/Animation/Jolleen_Motion_Ch1/Standing_2H_Magic_Attack_01.uasset" 76
"/Users/emmanuelwestfield/Desktop/New_Level_Layout/Content/Animation/Jolleen_Motion_Ch1/Standing_2H_Magic_Attack_01.uexp" 77
"/Users/emmanuelwestfield/Desktop/New_Level_Layout/Content/Animation/Jolleen_Motion_Ch1/walking.uasset" 78
"/Users/emmanuelwestfield/Desktop/New_Level_Layout/Content/Animation/Jolleen_Motion_Ch1/walking.uexp" 79
"/Users/emmanuelwestfield/Desktop/New_Level_Layout/Content/Animation/Jolleen_Motion_Ch1/idle.uasset" 80
"/Users/emmanuelwestfield/Desktop/New_Level_Layout/Content/Animation/Jolleen_Motion_Ch1/idle.uexp" 81
"/Users/emmanuelwestfield/Desktop/New_Level_Layout/Content/Charaters/Jolleen_34/Character_1_Ani_Blueprint.uasset" 82
"/Users/emmanuelwestfield/Desktop/New_Level_Layout/Content/Charaters/Jolleen_34/Character_1_Ani_Blueprint.uexp" 83
"/Users/emmanuelwestfield/Desktop/New_Level_Layout/Content/ThirdPersonBP/Blueprints/ThirdPersonCharacter2.uasset" 84
"/Users/emmanuelwestfield/Desktop/New_Level_Layout/Content/ThirdPersonBP/Blueprints/ThirdPersonCharacter2.uexp" 85
"/Users/emmanuelwestfield/Desktop/New_Level_Layout/Content/Mannequin/Character/Mesh/UE4_Mannequin_Skeleton.uasset" 86
"/Users/emmanuelwestfield/Desktop/New_Level_Layout/Content/Mannequin/Character/Mesh/UE4_Mannequin_Skeleton.uexp" 87
"/Users/emmanuelwestfield/Desktop/New_Level_Layout/Content/Mannequin/Character/Mesh/SK_Mannequin_PhysicsAsset.uasset" 88
"/Users/emmanuelwestfield/Desktop/New_Level_Layout/Content/Mannequin/Character/Mesh/SK_Mannequin_PhysicsAsset.uexp" 89
"/Users/emmanuelwestfield/Desktop/New_Level_Layout/Content/Mannequin/Character/Materials/MaterialLayers/T_ML_Rubber_Blue_01_N.uasset" 90
"/Users/emmanuelwestfield/Desktop/New_Level_Layout/Content/Mannequin/Character/Materials/MaterialLayers/T_ML_Rubber_Blue_01_N.uexp" 91
"/Users/emmanuelwestfield/Desktop/New_Level_Layout/Content/Mannequin/Character/Materials/MaterialLayers/T_ML_Rubber_Blue_01_N.ubulk" 92
"/Users/emmanuelwestfield/Desktop/New_Level_Layout/Content/Mannequin/Character/Materials/MaterialLayers/T_ML_Rubber_Blue_01_D.uasset" 93
"/Users/emmanuelwestfield/Desktop/New_Level_Layout/Content/Mannequin/Character/Materials/MaterialLayers/T_ML_Rubber_Blue_01_D.uexp" 94
"/Users/emmanuelwestfield/Desktop/New_Level_Layout/Content/Mannequin/Character/Materials/MaterialLayers/T_ML_Rubber_Blue_01_D.ubulk" 95
"/Users/emmanuelwestfield/Desktop/New_Level_Layout/Content/Mannequin/Character/Materials/MaterialLayers/T_ML_Aluminum01_N.uasset" 96
"/Users/emmanuelwestfield/Desktop/New_Level_Layout/Content/Mannequin/Character/Materials/MaterialLayers/T_ML_Aluminum01_N.uexp" 97
"/Users/emmanuelwestfield/Desktop/New_Level_Layout/Content/Mannequin/Character/Materials/MaterialLayers/T_ML_Aluminum01_N.ubulk" 98
"/Users/emmanuelwestfield/Desktop/New_Level_Layout/Content/Mannequin/Character/Materials/MaterialLayers/T_ML_Aluminum01.uasset" 99
"/Users/emmanuelwestfield/Desktop/New_Level_Layout/Content/Mannequin/Character/Materials/MaterialLayers/T_ML_Aluminum01.uexp" 100
"/Users/emmanuelwestfield/Desktop/New_Level_Layout/Content/Mannequin/Character/Materials/MaterialLayers/T_ML_Aluminum01.ubulk" 101
"/Users/emmanuelwestfield/Desktop/New_Level_Layout/Content/Mannequin/Character/Textures/T_UE4Logo_N.uasset" 102
"/Users/emmanuelwestfield/Desktop/New_Level_Layout/Content/Mannequin/Character/Textures/T_UE4Logo_N.uexp" 103
"/Users/emmanuelwestfield/Desktop/New_Level_Layout/Content/Mannequin/Character/Textures/T_UE4Logo_N.ubulk" 104
"/Users/emmanuelwestfield/Desktop/New_Level_Layout/Content/Mannequin/Character/Textures/T_Male_N.uasset" 105
"/Users/emmanuelwestfield/Desktop/New_Level_Layout/Content/Mannequin/Character/Textures/T_Male_N.uexp" 106
"/Users/emmanuelwestfield/Desktop/New_Level_Layout/Content/Mannequin/Character/Textures/T_Male_N.ubulk" 107
"/Users/emmanuelwestfield/Desktop/New_Level_Layout/Content/Mannequin/Character/Textures/T_UE4Logo_Mask.uasset" 108
"/Users/emmanuelwestfield/Desktop/New_Level_Layout/Content/Mannequin/Character/Textures/T_UE4Logo_Mask.uexp" 109
"/Users/emmanuelwestfield/Desktop/New_Level_Layout/Content/Mannequin/Character/Textures/T_UE4Logo_Mask.ubulk" 110
"/Users/emmanuelwestfield/Desktop/New_Level_Layout/Content/Mannequin/Character/Textures/T_Male_Mask.uasset" 111
"/Users/emmanuelwestfield/Desktop/New_Level_Layout/Content/Mannequin/Character/Textures/T_Male_Mask.uexp" 112
"/Users/emmanuelwestfield/Desktop/New_Level_Layout/Content/Mannequin/Character/Textures/T_Male_Mask.ubulk" 113
"/Users/emmanuelwestfield/Desktop/New_Level_Layout/Content/Mannequin/Character/Materials/MaterialLayers/ML_SoftMetal_UE4.uasset" 114
"/Users/emmanuelwestfield/Desktop/New_Level_Layout/Content/Mannequin/Character/Materials/MaterialLayers/ML_SoftMetal_UE4.uexp" 115
"/Users/emmanuelwestfield/Desktop/New_Level_Layout/Content/Mannequin/Character/Materials/MaterialLayers/ML_Plastic_Shiny_Beige_LOGO.uasset" 116
"/Users/emmanuelwestfield/Desktop/New_Level_Layout/Content/Mannequin/Character/Materials/MaterialLayers/ML_Plastic_Shiny_Beige_LOGO.uexp" 117
"/Users/emmanuelwestfield/Desktop/New_Level_Layout/Content/Mannequin/Character/Materials/MaterialLayers/ML_Plastic_Shiny_Beige.uasset" 118
"/Users/emmanuelwestfield/Desktop/New_Level_Layout/Content/Mannequin/Character/Materials/MaterialLayers/ML_Plastic_Shiny_Beige.uexp" 119
"/Users/emmanuelwestfield/Desktop/New_Level_Layout/Content/Mannequin/Character/Materials/MaterialLayers/ML_GlossyBlack_Latex_UE4.uasset" 120
"/Users/emmanuelwestfield/Desktop/New_Level_Layout/Content/Mannequin/Character/Materials/MaterialLayers/ML_GlossyBlack_Latex_UE4.uexp" 121
"../../../Engine/Content/Functions/MaterialLayerFunctions/MatLayerBlend_Simple.uasset" 122
"../../../Engine/Content/Functions/MaterialLayerFunctions/MatLayerBlend_Simple.uexp" 123
"../../../Engine/Content/Functions/Engine_MaterialFunctions02/Utility/BlendAngleCorrectedNormals.uasset" 124
"../../../Engine/Content/Functions/Engine_MaterialFunctions02/Utility/BlendAngleCorrectedNormals.uexp" 125
"../../../Engine/Content/Functions/MaterialLayerFunctions/MatLayerBlend_NormalBlend.uasset" 126
"../../../Engine/Content/Functions/MaterialLayerFunctions/MatLayerBlend_NormalBlend.uexp" 127
"/Users/emmanuelwestfield/Desktop/New_Level_Layout/Content/Mannequin/Character/Materials/M_Male_Body.uasset" 128
"/Users/emmanuelwestfield/Desktop/New_Level_Layout/Content/Mannequin/Character/Materials/M_Male_Body.uexp" 129
"/Users/emmanuelwestfield/Desktop/New_Level_Layout/Content/Mannequin/Character/Materials/M_UE4Man_ChestLogo.uasset" 130
"/Users/emmanuelwestfield/Desktop/New_Level_Layout/Content/Mannequin/Character/Materials/M_UE4Man_ChestLogo.uexp" 131
"/Users/emmanuelwestfield/Desktop/New_Level_Layout/Content/Mannequin/Character/Mesh/SK_Mannequin.uasset" 132
"/Users/emmanuelwestfield/Desktop/New_Level_Layout/Content/Mannequin/Character/Mesh/SK_Mannequin.uexp" 133
"/Users/emmanuelwestfield/Desktop/New_Level_Layout/Content/Mannequin/Character/Textures/T_Female_N.uasset" 134
"/Users/emmanuelwestfield/Desktop/New_Level_Layout/Content/Mannequin/Character/Textures/T_Female_N.uexp" 135
"/Users/emmanuelwestfield/Desktop/New_Level_Layout/Content/Mannequin/Character/Textures/T_Female_N.ubulk" 136
"/Users/emmanuelwestfield/Desktop/New_Level_Layout/Content/Mannequin/Character/Textures/T_Female_Mask.uasset" 137
"/Users/emmanuelwestfield/Desktop/New_Level_Layout/Content/Mannequin/Character/Textures/T_Female_Mask.uexp" 138
"/Users/emmanuelwestfield/Desktop/New_Level_Layout/Content/Mannequin/Character/Textures/T_Female_Mask.ubulk" 139
"/Users/emmanuelwestfield/Desktop/New_Level_Layout/Content/Mannequin/Character/Materials/MI_Female_Body.uasset" 140
"/Users/emmanuelwestfield/Desktop/New_Level_Layout/Content/Mannequin/Character/Materials/MI_Female_Body.uexp" 141
"/Users/emmanuelwestfield/Desktop/New_Level_Layout/Content/Mannequin/Character/Mesh/SK_Mannequin_Female_PhysicsAsset.uasset" 142
"/Users/emmanuelwestfield/Desktop/New_Level_Layout/Content/Mannequin/Character/Mesh/SK_Mannequin_Female_PhysicsAsset.uexp" 143
"/Users/emmanuelwestfield/Desktop/New_Level_Layout/Content/Mannequin/Character/Mesh/SK_Mannequin_Female.uasset" 144
"/Users/emmanuelwestfield/Desktop/New_Level_Layout/Content/Mannequin/Character/Mesh/SK_Mannequin_Female.uexp" 145
"../../../Engine/Content/EditorBlueprintResources/StandardMacros.uasset" 146
"../../../Engine/Content/EditorBlueprintResources/StandardMacros.uexp" 147
"/Users/emmanuelwestfield/Desktop/New_Level_Layout/Content/Mannequin/Animations/ThirdPersonWalk.uasset" 148
"/Users/emmanuelwestfield/Desktop/New_Level_Layout/Content/Mannequin/Animations/ThirdPersonWalk.uexp" 149
"/Users/emmanuelwestfield/Desktop/New_Level_Layout/Content/Mannequin/Animations/ThirdPersonIdle.uasset" 150
"/Users/emmanuelwestfield/Desktop/New_Level_Layout/Content/Mannequin/Animations/ThirdPersonIdle.uexp" 151
"/Users/emmanuelwestfield/Desktop/New_Level_Layout/Content/Mannequin/Animations/ThirdPersonRun.uasset" 152
"/Users/emmanuelwestfield/Desktop/New_Level_Layout/Content/Mannequin/Animations/ThirdPersonRun.uexp" 153
"/Users/emmanuelwestfield/Desktop/New_Level_Layout/Content/Mannequin/Animations/ThirdPerson_IdleRun_2D.uasset" 154
"/Users/emmanuelwestfield/Desktop/New_Level_Layout/Content/Mannequin/Animations/ThirdPerson_IdleRun_2D.uexp" 155
"/Users/emmanuelwestfield/Desktop/New_Level_Layout/Content/Mannequin/Animations/ThirdPerson_Jump.uasset" 156
"/Users/emmanuelwestfield/Desktop/New_Level_Layout/Content/Mannequin/Animations/ThirdPerson_Jump.uexp" 157
"/Users/emmanuelwestfield/Desktop/New_Level_Layout/Content/Mannequin/Animations/ThirdPersonJump_Loop.uasset" 158
"/Users/emmanuelwestfield/Desktop/New_Level_Layout/Content/Mannequin/Animations/ThirdPersonJump_Loop.uexp" 159
"/Users/emmanuelwestfield/Desktop/New_Level_Layout/Content/Mannequin/Animations/ThirdPersonJump_Start.uasset" 160
"/Users/emmanuelwestfield/Desktop/New_Level_Layout/Content/Mannequin/Animations/ThirdPersonJump_Start.uexp" 161
"/Users/emmanuelwestfield/Desktop/New_Level_Layout/Content/Mannequin/Animations/ThirdPerson_AnimBP.uasset" 162
"/Users/emmanuelwestfield/Desktop/New_Level_Layout/Content/Mannequin/Animations/ThirdPerson_AnimBP.uexp" 163
"/Users/emmanuelwestfield/Desktop/New_Level_Layout/Content/Mannequin/Animations/ThirdPersonJump_End.uasset" 164
"/Users/emmanuelwestfield/Desktop/New_Level_Layout/Content/Mannequin/Animations/ThirdPersonJump_End.uexp" 165
"/Users/emmanuelwestfield/Desktop/New_Level_Layout/Content/Main_Menu/Main_Menu_Images/MenuBackground.uasset" 166
"/Users/emmanuelwestfield/Desktop/New_Level_Layout/Content/Main_Menu/Main_Menu_Images/MenuBackground.uexp" 167
"/Users/emmanuelwestfield/Desktop/New_Level_Layout/Content/Main_Menu/Main_Menu_Images/Super_DodgeBall.uasset" 168
"/Users/emmanuelwestfield/Desktop/New_Level_Layout/Content/Main_Menu/Main_Menu_Images/Super_DodgeBall.uexp" 169
"/Users/emmanuelwestfield/Desktop/New_Level_Layout/Content/Main_Menu/Main_Menu_Images/Background.uasset" 170
"/Users/emmanuelwestfield/Desktop/New_Level_Layout/Content/Main_Menu/Main_Menu_Images/Background.uexp" 171
"/Users/emmanuelwestfield/Desktop/New_Level_Layout/Content/Main_Menu/Main_Menu_Images/Button_About.uasset" 172
"/Users/emmanuelwestfield/Desktop/New_Level_Layout/Content/Main_Menu/Main_Menu_Images/Button_About.uexp" 173
"/Users/emmanuelwestfield/Desktop/New_Level_Layout/Content/Main_Menu/Main_Menu_Images/ButtonTemplate.uasset" 174
"/Users/emmanuelwestfield/Desktop/New_Level_Layout/Content/Main_Menu/Main_Menu_Images/ButtonTemplate.uexp" 175
"/Users/emmanuelwestfield/Desktop/New_Level_Layout/Content/Animation/Jolleen_Motion_Ch1/right_turn__2_.uasset" 176
"/Users/emmanuelwestfield/Desktop/New_Level_Layout/Content/Animation/Jolleen_Motion_Ch1/right_turn__2_.uexp" 177
"/Users/emmanuelwestfield/Desktop/New_Level_Layout/Content/Animation/Jolleen_Motion_Ch1/left_turn.uasset" 178
"/Users/emmanuelwestfield/Desktop/New_Level_Layout/Content/Animation/Jolleen_Motion_Ch1/left_turn.uexp" 179
"/Users/emmanuelwestfield/Desktop/New_Level_Layout/Content/Animation/Jolleen_Motion_Ch1/left_strafe_walk.uasset" 180
"/Users/emmanuelwestfield/Desktop/New_Level_Layout/Content/Animation/Jolleen_Motion_Ch1/left_strafe_walk.uexp" 181
"/Users/emmanuelwestfield/Desktop/New_Level_Layout/Content/Animation/Jolleen_Motion_Ch1/running.uasset" 182
"/Users/emmanuelwestfield/Desktop/New_Level_Layout/Content/Animation/Jolleen_Motion_Ch1/running.uexp" 183
"/Users/emmanuelwestfield/Desktop/New_Level_Layout/Content/Animation/Jolleen_Motion_Ch1/right_strafe.uasset" 184
"/Users/emmanuelwestfield/Desktop/New_Level_Layout/Content/Animation/Jolleen_Motion_Ch1/right_strafe.uexp" 185
"/Users/emmanuelwestfield/Desktop/New_Level_Layout/Content/Animation/Jolleen_Motion_Ch1/right_turn.uasset" 186
"/Users/emmanuelwestfield/Desktop/New_Level_Layout/Content/Animation/Jolleen_Motion_Ch1/right_turn.uexp" 187
"/Users/emmanuelwestfield/Desktop/New_Level_Layout/Content/Animation/Jolleen_Motion_Ch1/right_strafe_walk.uasset" 188
"/Users/emmanuelwestfield/Desktop/New_Level_Layout/Content/Animation/Jolleen_Motion_Ch1/right_strafe_walk.uexp" 189
"/Users/emmanuelwestfield/Desktop/New_Level_Layout/Content/Animation/Jolleen_Motion_Ch1/Standing_2H_Magic_Attack_05.uasset" 190
"/Users/emmanuelwestfield/Desktop/New_Level_Layout/Content/Animation/Jolleen_Motion_Ch1/Standing_2H_Magic_Attack_05.uexp" 191
"/Users/emmanuelwestfield/Desktop/New_Level_Layout/Content/Animation/Jolleen_Motion_Ch1/jump.uasset" 192
"/Users/emmanuelwestfield/Desktop/New_Level_Layout/Content/Animation/Jolleen_Motion_Ch1/jump.uexp" 193
"/Users/emmanuelwestfield/Desktop/New_Level_Layout/Content/Animation/Jolleen_Motion_Ch1/left_turn__2_.uasset" 194
"/Users/emmanuelwestfield/Desktop/New_Level_Layout/Content/Animation/Jolleen_Motion_Ch1/left_turn__2_.uexp" 195
"/Users/emmanuelwestfield/Desktop/New_Level_Layout/Content/Animation/Jolleen_Motion_Ch1/left_strafe.uasset" 196
"/Users/emmanuelwestfield/Desktop/New_Level_Layout/Content/Animation/Jolleen_Motion_Ch1/left_strafe.uexp" 197
"/Users/emmanuelwestfield/Desktop/New_Level_Layout/Content/Animation/Jolleen_Motion_Ch1/New_Jolleen/Quick_Roll_To_Run_1_.uasset" 198
"/Users/emmanuelwestfield/Desktop/New_Level_Layout/Content/Animation/Jolleen_Motion_Ch1/New_Jolleen/Quick_Roll_To_Run_1_.uexp" 199
"/Users/emmanuelwestfield/Desktop/New_Level_Layout/Content/Animation/Jolleen_Motion_Ch1/New_Jolleen/Left_Turn_1_.uasset" 200
"/Users/emmanuelwestfield/Desktop/New_Level_Layout/Content/Animation/Jolleen_Motion_Ch1/New_Jolleen/Left_Turn_1_.uexp" 201
"/Users/emmanuelwestfield/Desktop/New_Level_Layout/Content/Animation/Jolleen_Motion_Ch1/New_Jolleen/Left_Turn.uasset" 202
"/Users/emmanuelwestfield/Desktop/New_Level_Layout/Content/Animation/Jolleen_Motion_Ch1/New_Jolleen/Left_Turn.uexp" 203
"/Users/emmanuelwestfield/Desktop/New_Level_Layout/Content/Animation/Jolleen_Motion_Ch1/New_Jolleen/Left_Strafe_Walk.uasset" 204
"/Users/emmanuelwestfield/Desktop/New_Level_Layout/Content/Animation/Jolleen_Motion_Ch1/New_Jolleen/Left_Strafe_Walk.uexp" 205
"/Users/emmanuelwestfield/Desktop/New_Level_Layout/Content/Animation/Jolleen_Motion_Ch1/New_Jolleen/Right_Turn_3_.uasset" 206
"/Users/emmanuelwestfield/Desktop/New_Level_Layout/Content/Animation/Jolleen_Motion_Ch1/New_Jolleen/Right_Turn_3_.uexp" 207
"/Users/emmanuelwestfield/Desktop/New_Level_Layout/Content/Animation/Jolleen_Motion_Ch1/New_Jolleen/Right_Strafe_1_.uasset" 208
"/Users/emmanuelwestfield/Desktop/New_Level_Layout/Content/Animation/Jolleen_Motion_Ch1/New_Jolleen/Right_Strafe_1_.uexp" 209
"/Users/emmanuelwestfield/Desktop/New_Level_Layout/Content/Animation/Jolleen_Motion_Ch1/New_Jolleen/Right_Turn_2_.uasset" 210
"/Users/emmanuelwestfield/Desktop/New_Level_Layout/Content/Animation/Jolleen_Motion_Ch1/New_Jolleen/Right_Turn_2_.uexp" 211
"/Users/emmanuelwestfield/Desktop/New_Level_Layout/Content/Animation/Jolleen_Motion_Ch1/New_Jolleen/Pull_Heavy_Object_Start.uasset" 212
"/Users/emmanuelwestfield/Desktop/New_Level_Layout/Content/Animation/Jolleen_Motion_Ch1/New_Jolleen/Pull_Heavy_Object_Start.uexp" 213
"/Users/emmanuelwestfield/Desktop/New_Level_Layout/Content/Animation/Jolleen_Motion_Ch1/New_Jolleen/Quick_Roll_To_Run.uasset" 214
"/Users/emmanuelwestfield/Desktop/New_Level_Layout/Content/Animation/Jolleen_Motion_Ch1/New_Jolleen/Quick_Roll_To_Run.uexp" 215
"/Users/emmanuelwestfield/Desktop/New_Level_Layout/Content/Animation/Jolleen_Motion_Ch1/New_Jolleen/Standing_2H_Magic_Attack_05.uasset" 216
"/Users/emmanuelwestfield/Desktop/New_Level_Layout/Content/Animation/Jolleen_Motion_Ch1/New_Jolleen/Standing_2H_Magic_Attack_05.uexp" 217
"/Users/emmanuelwestfield/Desktop/New_Level_Layout/Content/Animation/Jolleen_Motion_Ch1/New_Jolleen/Dwarf_Walk.uasset" 218
"/Users/emmanuelwestfield/Desktop/New_Level_Layout/Content/Animation/Jolleen_Motion_Ch1/New_Jolleen/Dwarf_Walk.uexp" 219
"/Users/emmanuelwestfield/Desktop/New_Level_Layout/Content/Animation/Jolleen_Motion_Ch1/New_Jolleen/Right_Strafe_Walk_1_.uasset" 220
"/Users/emmanuelwestfield/Desktop/New_Level_Layout/Content/Animation/Jolleen_Motion_Ch1/New_Jolleen/Right_Strafe_Walk_1_.uexp" 221
"/Users/emmanuelwestfield/Desktop/New_Level_Layout/Content/Animation/Jolleen_Motion_Ch1/New_Jolleen/Standing_Idle_03.uasset" 222
"/Users/emmanuelwestfield/Desktop/New_Level_Layout/Content/Animation/Jolleen_Motion_Ch1/New_Jolleen/Standing_Idle_03.uexp" 223
"/Users/emmanuelwestfield/Desktop/New_Level_Layout/Content/Animation/Jolleen_Motion_Ch1/New_Jolleen/Run.uasset" 224
"/Users/emmanuelwestfield/Desktop/New_Level_Layout/Content/Animation/Jolleen_Motion_Ch1/New_Jolleen/Run.uexp" 225
"/Users/emmanuelwestfield/Desktop/New_Level_Layout/Content/Animation/Jolleen_Motion_Ch1/New_Jolleen/Left_Strafe.uasset" 226
"/Users/emmanuelwestfield/Desktop/New_Level_Layout/Content/Animation/Jolleen_Motion_Ch1/New_Jolleen/Left_Strafe.uexp" 227
"/Users/emmanuelwestfield/Desktop/New_Level_Layout/Content/Animation/Jolleen_Motion_Ch1/New_Jolleen/Standing_2H_Magic_Attack_01.uasset" 228
"/Users/emmanuelwestfield/Desktop/New_Level_Layout/Content/Animation/Jolleen_Motion_Ch1/New_Jolleen/Standing_2H_Magic_Attack_01.uexp" 229
"/Users/emmanuelwestfield/Desktop/New_Level_Layout/Content/Animation/Jolleen_Motion_Ch1/New_Jolleen/Blocking.uasset" 230
"/Users/emmanuelwestfield/Desktop/New_Level_Layout/Content/Animation/Jolleen_Motion_Ch1/New_Jolleen/Blocking.uexp" 231
"/Users/emmanuelwestfield/Desktop/New_Level_Layout/Content/Charaters/Mousey/Mousey__Skeleton.uasset" 232
"/Users/emmanuelwestfield/Desktop/New_Level_Layout/Content/Charaters/Mousey/Mousey__Skeleton.uexp" 233
"/Users/emmanuelwestfield/Desktop/New_Level_Layout/Content/Animation/Mousey_Motion_Ch2/Goalie_Throw.uasset" 234
"/Users/emmanuelwestfield/Desktop/New_Level_Layout/Content/Animation/Mousey_Motion_Ch2/Goalie_Throw.uexp" 235
"/Users/emmanuelwestfield/Desktop/New_Level_Layout/Content/Animation/Mousey_Motion_Ch2/NewFolder/Left_Turn_1_.uasset" 236
"/Users/emmanuelwestfield/Desktop/New_Level_Layout/Content/Animation/Mousey_Motion_Ch2/NewFolder/Left_Turn_1_.uexp" 237
"/Users/emmanuelwestfield/Desktop/New_Level_Layout/Content/Animation/Mousey_Motion_Ch2/NewFolder/Picking_Up.uasset" 238
"/Users/emmanuelwestfield/Desktop/New_Level_Layout/Content/Animation/Mousey_Motion_Ch2/NewFolder/Picking_Up.uexp" 239
"/Users/emmanuelwestfield/Desktop/New_Level_Layout/Content/Animation/Mousey_Motion_Ch2/NewFolder/Left_Turn.uasset" 240
"/Users/emmanuelwestfield/Desktop/New_Level_Layout/Content/Animation/Mousey_Motion_Ch2/NewFolder/Left_Turn.uexp" 241
"/Users/emmanuelwestfield/Desktop/New_Level_Layout/Content/Animation/Mousey_Motion_Ch2/NewFolder/Left_Strafe_Walk.uasset" 242
"/Users/emmanuelwestfield/Desktop/New_Level_Layout/Content/Animation/Mousey_Motion_Ch2/NewFolder/Left_Strafe_Walk.uexp" 243
"/Users/emmanuelwestfield/Desktop/New_Level_Layout/Content/Animation/Mousey_Motion_Ch2/NewFolder/Right_Turn_3_.uasset" 244
"/Users/emmanuelwestfield/Desktop/New_Level_Layout/Content/Animation/Mousey_Motion_Ch2/NewFolder/Right_Turn_3_.uexp" 245
"/Users/emmanuelwestfield/Desktop/New_Level_Layout/Content/Animation/Mousey_Motion_Ch2/NewFolder/Goalkeeper_Catch.uasset" 246
"/Users/emmanuelwestfield/Desktop/New_Level_Layout/Content/Animation/Mousey_Motion_Ch2/NewFolder/Goalkeeper_Catch.uexp" 247
"/Users/emmanuelwestfield/Desktop/New_Level_Layout/Content/Animation/Mousey_Motion_Ch2/NewFolder/Right_Strafe_1_.uasset" 248
"/Users/emmanuelwestfield/Desktop/New_Level_Layout/Content/Animation/Mousey_Motion_Ch2/NewFolder/Right_Strafe_1_.uexp" 249
"/Users/emmanuelwestfield/Desktop/New_Level_Layout/Content/Animation/Mousey_Motion_Ch2/NewFolder/Throw.uasset" 250
"/Users/emmanuelwestfield/Desktop/New_Level_Layout/Content/Animation/Mousey_Motion_Ch2/NewFolder/Throw.uexp" 251
"/Users/emmanuelwestfield/Desktop/New_Level_Layout/Content/Animation/Mousey_Motion_Ch2/NewFolder/Right_Turn_2_.uasset" 252
"/Users/emmanuelwestfield/Desktop/New_Level_Layout/Content/Animation/Mousey_Motion_Ch2/NewFolder/Right_Turn_2_.uexp" 253
"/Users/emmanuelwestfield/Desktop/New_Level_Layout/Content/Animation/Mousey_Motion_Ch2/NewFolder/Jump_Away.uasset" 254
"/Users/emmanuelwestfield/Desktop/New_Level_Layout/Content/Animation/Mousey_Motion_Ch2/NewFolder/Jump_Away.uexp" 255
"/Users/emmanuelwestfield/Desktop/New_Level_Layout/Content/Animation/Mousey_Motion_Ch2/NewFolder/Right_Strafe_Walk_1_.uasset" 256
"/Users/emmanuelwestfield/Desktop/New_Level_Layout/Content/Animation/Mousey_Motion_Ch2/NewFolder/Right_Strafe_Walk_1_.uexp" 257
"/Users/emmanuelwestfield/Desktop/New_Level_Layout/Content/Animation/Mousey_Motion_Ch2/NewFolder/Left_Strafe.uasset" 258
"/Users/emmanuelwestfield/Desktop/New_Level_Layout/Content/Animation/Mousey_Motion_Ch2/NewFolder/Left_Strafe.uexp" 259
"/Users/emmanuelwestfield/Desktop/New_Level_Layout/Content/Animation/Mannaquin_Ch36_PBR/Dodging_Right.uasset" 260
"/Users/emmanuelwestfield/Desktop/New_Level_Layout/Content/Animation/Mannaquin_Ch36_PBR/Dodging_Right.uexp" 261
"/Users/emmanuelwestfield/Desktop/New_Level_Layout/Content/Animation/Mannaquin_Ch36_PBR/Dodging_Right_1_.uasset" 262
"/Users/emmanuelwestfield/Desktop/New_Level_Layout/Content/Animation/Mannaquin_Ch36_PBR/Dodging_Right_1_.uexp" 263
"/Users/emmanuelwestfield/Desktop/New_Level_Layout/Content/Animation/Mannaquin_Ch36_PBR/Football_Catch.uasset" 264
"/Users/emmanuelwestfield/Desktop/New_Level_Layout/Content/Animation/Mannaquin_Ch36_PBR/Football_Catch.uexp" 265
"/Users/emmanuelwestfield/Desktop/New_Level_Layout/Content/Animation/Mannaquin_Ch36_PBR/Goalkeeper_Body_Block.uasset" 266
"/Users/emmanuelwestfield/Desktop/New_Level_Layout/Content/Animation/Mannaquin_Ch36_PBR/Goalkeeper_Body_Block.uexp" 267
"/Users/emmanuelwestfield/Desktop/New_Level_Layout/Content/Animation/Mannaquin_Ch36_PBR/Left_Turn.uasset" 268
"/Users/emmanuelwestfield/Desktop/New_Level_Layout/Content/Animation/Mannaquin_Ch36_PBR/Left_Turn.uexp" 269
"/Users/emmanuelwestfield/Desktop/New_Level_Layout/Content/Animation/Mannaquin_Ch36_PBR/Strafe.uasset" 270
"/Users/emmanuelwestfield/Desktop/New_Level_Layout/Content/Animation/Mannaquin_Ch36_PBR/Strafe.uexp" 271
"/Users/emmanuelwestfield/Desktop/New_Level_Layout/Content/Animation/Mannaquin_Ch36_PBR/Silly_Dancing.uasset" 272
"/Users/emmanuelwestfield/Desktop/New_Level_Layout/Content/Animation/Mannaquin_Ch36_PBR/Silly_Dancing.uexp" 273
"/Users/emmanuelwestfield/Desktop/New_Level_Layout/Content/Animation/Mannaquin_Ch36_PBR/Goalkeeper_Scoop_1_.uasset" 274
"/Users/emmanuelwestfield/Desktop/New_Level_Layout/Content/Animation/Mannaquin_Ch36_PBR/Goalkeeper_Scoop_1_.uexp" 275
"/Users/emmanuelwestfield/Desktop/New_Level_Layout/Content/Animation/Mannaquin_Ch36_PBR/Strafe_1_.uasset" 276
"/Users/emmanuelwestfield/Desktop/New_Level_Layout/Content/Animation/Mannaquin_Ch36_PBR/Strafe_1_.uexp" 277
"/Users/emmanuelwestfield/Desktop/New_Level_Layout/Content/Animation/Mannaquin_Ch36_PBR/Drunk_Run_Forward.uasset" 278
"/Users/emmanuelwestfield/Desktop/New_Level_Layout/Content/Animation/Mannaquin_Ch36_PBR/Drunk_Run_Forward.uexp" 279
"/Users/emmanuelwestfield/Desktop/New_Level_Layout/Content/Animation/Mannaquin_Ch36_PBR/Happy_Right_Turn.uasset" 280
"/Users/emmanuelwestfield/Desktop/New_Level_Layout/Content/Animation/Mannaquin_Ch36_PBR/Happy_Right_Turn.uexp" 281
"/Users/emmanuelwestfield/Desktop/New_Level_Layout/Content/Animation/Mannaquin_Ch36_PBR/Drunk_Idle_Variation.uasset" 282
"/Users/emmanuelwestfield/Desktop/New_Level_Layout/Content/Animation/Mannaquin_Ch36_PBR/Drunk_Idle_Variation.uexp" 283
"/Users/emmanuelwestfield/Desktop/New_Level_Layout/Content/Animation/Mannaquin_Ch36_PBR/Right_Turn_2_.uasset" 284
"/Users/emmanuelwestfield/Desktop/New_Level_Layout/Content/Animation/Mannaquin_Ch36_PBR/Right_Turn_2_.uexp" 285
"/Users/emmanuelwestfield/Desktop/New_Level_Layout/Content/Animation/Mannaquin_Ch36_PBR/Side_Step.uasset" 286
"/Users/emmanuelwestfield/Desktop/New_Level_Layout/Content/Animation/Mannaquin_Ch36_PBR/Side_Step.uexp" 287
"/Users/emmanuelwestfield/Desktop/New_Level_Layout/Content/Animation/Mannaquin_Ch36_PBR/Goalie_Throw.uasset" 288
"/Users/emmanuelwestfield/Desktop/New_Level_Layout/Content/Animation/Mannaquin_Ch36_PBR/Goalie_Throw.uexp" 289
"/Users/emmanuelwestfield/Desktop/New_Level_Layout/Content/Animation/Mannaquin_Ch36_PBR/Joyful_Jump.uasset" 290
"/Users/emmanuelwestfield/Desktop/New_Level_Layout/Content/Animation/Mannaquin_Ch36_PBR/Joyful_Jump.uexp" 291
"/Users/emmanuelwestfield/Desktop/New_Level_Layout/Content/Animation/Mannaquin_Ch36_PBR/Walking_5_.uasset" 292
"/Users/emmanuelwestfield/Desktop/New_Level_Layout/Content/Animation/Mannaquin_Ch36_PBR/Walking_5_.uexp" 293
"/Users/emmanuelwestfield/Desktop/New_Level_Layout/Content/Animation/Mannaquin_Ch36_PBR/Side_Step_1_.uasset" 294
"/Users/emmanuelwestfield/Desktop/New_Level_Layout/Content/Animation/Mannaquin_Ch36_PBR/Side_Step_1_.uexp" 295
"/Users/emmanuelwestfield/Desktop/New_Level_Layout/Content/Animation/Mannaquin_Ch36_PBR/Happy_Right_Turn_1_.uasset" 296
"/Users/emmanuelwestfield/Desktop/New_Level_Layout/Content/Animation/Mannaquin_Ch36_PBR/Happy_Right_Turn_1_.uexp" 297
"/Users/emmanuelwestfield/Desktop/New_Level_Layout/Content/Animation/Mannaquin_Ch36_PBR/Goalkeeper_Body_Block_1_.uasset" 298
"/Users/emmanuelwestfield/Desktop/New_Level_Layout/Content/Animation/Mannaquin_Ch36_PBR/Goalkeeper_Body_Block_1_.uexp" 299
"/Users/emmanuelwestfield/Desktop/New_Level_Layout/Content/Animation/Mannaquin_Ch36_PBR/Jump_3_.uasset" 300
"/Users/emmanuelwestfield/Desktop/New_Level_Layout/Content/Animation/Mannaquin_Ch36_PBR/Jump_3_.uexp" 301
"/Users/emmanuelwestfield/Desktop/New_Level_Layout/Content/Charaters/Ortiz/Ortiz__Skeleton.uasset" 302
"/Users/emmanuelwestfield/Desktop/New_Level_Layout/Content/Charaters/Ortiz/Ortiz__Skeleton.uexp" 303
"/Users/emmanuelwestfield/Desktop/New_Level_Layout/Content/Animation/Ortiz_Motion_Ch5/Goalkeeper_Scoop.uasset" 304
"/Users/emmanuelwestfield/Desktop/New_Level_Layout/Content/Animation/Ortiz_Motion_Ch5/Goalkeeper_Scoop.uexp" 305
"/Users/emmanuelwestfield/Desktop/New_Level_Layout/Content/Animation/Ortiz_Motion_Ch5/Turning.uasset" 306
"/Users/emmanuelwestfield/Desktop/New_Level_Layout/Content/Animation/Ortiz_Motion_Ch5/Turning.uexp" 307
"/Users/emmanuelwestfield/Desktop/New_Level_Layout/Content/Animation/Ortiz_Motion_Ch5/Left_Turn.uasset" 308
"/Users/emmanuelwestfield/Desktop/New_Level_Layout/Content/Animation/Ortiz_Motion_Ch5/Left_Turn.uexp" 309
"/Users/emmanuelwestfield/Desktop/New_Level_Layout/Content/Animation/Ortiz_Motion_Ch5/Jog_Strafe_Left.uasset" 310
"/Users/emmanuelwestfield/Desktop/New_Level_Layout/Content/Animation/Ortiz_Motion_Ch5/Jog_Strafe_Left.uexp" 311
"/Users/emmanuelwestfield/Desktop/New_Level_Layout/Content/Animation/Ortiz_Motion_Ch5/Goalkeeper_Catch.uasset" 312
"/Users/emmanuelwestfield/Desktop/New_Level_Layout/Content/Animation/Ortiz_Motion_Ch5/Goalkeeper_Catch.uexp" 313
"/Users/emmanuelwestfield/Desktop/New_Level_Layout/Content/Animation/Ortiz_Motion_Ch5/Turning_1_.uasset" 314
"/Users/emmanuelwestfield/Desktop/New_Level_Layout/Content/Animation/Ortiz_Motion_Ch5/Turning_1_.uexp" 315
"/Users/emmanuelwestfield/Desktop/New_Level_Layout/Content/Animation/Ortiz_Motion_Ch5/Side_Step.uasset" 316
"/Users/emmanuelwestfield/Desktop/New_Level_Layout/Content/Animation/Ortiz_Motion_Ch5/Side_Step.uexp" 317
"/Users/emmanuelwestfield/Desktop/New_Level_Layout/Content/Animation/Ortiz_Motion_Ch5/Turning_Right.uasset" 318
"/Users/emmanuelwestfield/Desktop/New_Level_Layout/Content/Animation/Ortiz_Motion_Ch5/Turning_Right.uexp" 319
"/Users/emmanuelwestfield/Desktop/New_Level_Layout/Content/Animation/Ortiz_Motion_Ch5/Side_Step_1_.uasset" 320
"/Users/emmanuelwestfield/Desktop/New_Level_Layout/Content/Animation/Ortiz_Motion_Ch5/Side_Step_1_.uexp" 321
"/Users/emmanuelwestfield/Desktop/New_Level_Layout/Content/Animation/Ortiz_Motion_Ch5/Walk_Strafe_Right.uasset" 322
"/Users/emmanuelwestfield/Desktop/New_Level_Layout/Content/Animation/Ortiz_Motion_Ch5/Walk_Strafe_Right.uexp" 323
"/Users/emmanuelwestfield/Desktop/New_Level_Layout/Content/Animation/Ortiz_Motion_Ch5/Walk_Strafe_Left.uasset" 324
"/Users/emmanuelwestfield/Desktop/New_Level_Layout/Content/Animation/Ortiz_Motion_Ch5/Walk_Strafe_Left.uexp" 325
"/Users/emmanuelwestfield/Desktop/New_Level_Layout/Content/Animation/Ortiz_Motion_Ch5/Corkscrew_Evade.uasset" 326
"/Users/emmanuelwestfield/Desktop/New_Level_Layout/Content/Animation/Ortiz_Motion_Ch5/Corkscrew_Evade.uexp" 327
"/Users/emmanuelwestfield/Desktop/New_Level_Layout/Content/Animation/Ortiz_Motion_Ch5/Jog_Strafe_Right_1_.uasset" 328
"/Users/emmanuelwestfield/Desktop/New_Level_Layout/Content/Animation/Ortiz_Motion_Ch5/Jog_Strafe_Right_1_.uexp" 329
"/Users/emmanuelwestfield/Desktop/New_Level_Layout/Content/Animation/Jackie_Motion_Ch3/right_turn__2_.uasset" 330
"/Users/emmanuelwestfield/Desktop/New_Level_Layout/Content/Animation/Jackie_Motion_Ch3/right_turn__2_.uexp" 331
"/Users/emmanuelwestfield/Desktop/New_Level_Layout/Content/Animation/Jackie_Motion_Ch3/left_turn.uasset" 332
"/Users/emmanuelwestfield/Desktop/New_Level_Layout/Content/Animation/Jackie_Motion_Ch3/left_turn.uexp" 333
"/Users/emmanuelwestfield/Desktop/New_Level_Layout/Content/Animation/Jackie_Motion_Ch3/left_strafe_walk.uasset" 334
"/Users/emmanuelwestfield/Desktop/New_Level_Layout/Content/Animation/Jackie_Motion_Ch3/left_strafe_walk.uexp" 335
"/Users/emmanuelwestfield/Desktop/New_Level_Layout/Content/Animation/Jackie_Motion_Ch3/running.uasset" 336
"/Users/emmanuelwestfield/Desktop/New_Level_Layout/Content/Animation/Jackie_Motion_Ch3/running.uexp" 337
"/Users/emmanuelwestfield/Desktop/New_Level_Layout/Content/Animation/Jackie_Motion_Ch3/right_strafe.uasset" 338
"/Users/emmanuelwestfield/Desktop/New_Level_Layout/Content/Animation/Jackie_Motion_Ch3/right_strafe.uexp" 339
"/Users/emmanuelwestfield/Desktop/New_Level_Layout/Content/Animation/Jackie_Motion_Ch3/right_turn.uasset" 340
"/Users/emmanuelwestfield/Desktop/New_Level_Layout/Content/Animation/Jackie_Motion_Ch3/right_turn.uexp" 341
"/Users/emmanuelwestfield/Desktop/New_Level_Layout/Content/Animation/Jackie_Motion_Ch3/right_strafe_walk.uasset" 342
"/Users/emmanuelwestfield/Desktop/New_Level_Layout/Content/Animation/Jackie_Motion_Ch3/right_strafe_walk.uexp" 343
"/Users/emmanuelwestfield/Desktop/New_Level_Layout/Content/Animation/Jackie_Motion_Ch3/jump.uasset" 344
"/Users/emmanuelwestfield/Desktop/New_Level_Layout/Content/Animation/Jackie_Motion_Ch3/jump.uexp" 345
"/Users/emmanuelwestfield/Desktop/New_Level_Layout/Content/Animation/Jackie_Motion_Ch3/left_turn__2_.uasset" 346
"/Users/emmanuelwestfield/Desktop/New_Level_Layout/Content/Animation/Jackie_Motion_Ch3/left_turn__2_.uexp" 347
"/Users/emmanuelwestfield/Desktop/New_Level_Layout/Content/Animation/Jackie_Motion_Ch3/left_strafe.uasset" 348
"/Users/emmanuelwestfield/Desktop/New_Level_Layout/Content/Animation/Jackie_Motion_Ch3/left_strafe.uexp" 349
"/Users/emmanuelwestfield/Desktop/New_Level_Layout/Content/Animation/Jackie_Motion_Ch3/New_Jackie/Goalkeeper_Scoop.uasset" 350
"/Users/emmanuelwestfield/Desktop/New_Level_Layout/Content/Animation/Jackie_Motion_Ch3/New_Jackie/Goalkeeper_Scoop.uexp" 351
"/Users/emmanuelwestfield/Desktop/New_Level_Layout/Content/Animation/Jackie_Motion_Ch3/New_Jackie/Left_Turn.uasset" 352
"/Users/emmanuelwestfield/Desktop/New_Level_Layout/Content/Animation/Jackie_Motion_Ch3/New_Jackie/Left_Turn.uexp" 353
"/Users/emmanuelwestfield/Desktop/New_Level_Layout/Content/Animation/Jackie_Motion_Ch3/New_Jackie/Corkscrew_Evade_1_.uasset" 354
"/Users/emmanuelwestfield/Desktop/New_Level_Layout/Content/Animation/Jackie_Motion_Ch3/New_Jackie/Corkscrew_Evade_1_.uexp" 355
"/Users/emmanuelwestfield/Desktop/New_Level_Layout/Content/Animation/Jackie_Motion_Ch3/New_Jackie/Running_2_.uasset" 356
"/Users/emmanuelwestfield/Desktop/New_Level_Layout/Content/Animation/Jackie_Motion_Ch3/New_Jackie/Running_2_.uexp" 357
"/Users/emmanuelwestfield/Desktop/New_Level_Layout/Content/Animation/Jackie_Motion_Ch3/New_Jackie/Jog_Strafe_Left.uasset" 358
"/Users/emmanuelwestfield/Desktop/New_Level_Layout/Content/Animation/Jackie_Motion_Ch3/New_Jackie/Jog_Strafe_Left.uexp" 359
"/Users/emmanuelwestfield/Desktop/New_Level_Layout/Content/Animation/Jackie_Motion_Ch3/New_Jackie/Right_Turn_3_.uasset" 360
"/Users/emmanuelwestfield/Desktop/New_Level_Layout/Content/Animation/Jackie_Motion_Ch3/New_Jackie/Right_Turn_3_.uexp" 361
"/Users/emmanuelwestfield/Desktop/New_Level_Layout/Content/Animation/Jackie_Motion_Ch3/New_Jackie/Goalkeeper_Catch.uasset" 362
"/Users/emmanuelwestfield/Desktop/New_Level_Layout/Content/Animation/Jackie_Motion_Ch3/New_Jackie/Goalkeeper_Catch.uexp" 363
"/Users/emmanuelwestfield/Desktop/New_Level_Layout/Content/Animation/Jackie_Motion_Ch3/New_Jackie/Right_Strafe_1_.uasset" 364
"/Users/emmanuelwestfield/Desktop/New_Level_Layout/Content/Animation/Jackie_Motion_Ch3/New_Jackie/Right_Strafe_1_.uexp" 365
"/Users/emmanuelwestfield/Desktop/New_Level_Layout/Content/Animation/Jackie_Motion_Ch3/New_Jackie/Right_Turn_2_.uasset" 366
"/Users/emmanuelwestfield/Desktop/New_Level_Layout/Content/Animation/Jackie_Motion_Ch3/New_Jackie/Right_Turn_2_.uexp" 367
"/Users/emmanuelwestfield/Desktop/New_Level_Layout/Content/Animation/Jackie_Motion_Ch3/New_Jackie/Goalkeeper_Diving_Save.uasset" 368
"/Users/emmanuelwestfield/Desktop/New_Level_Layout/Content/Animation/Jackie_Motion_Ch3/New_Jackie/Goalkeeper_Diving_Save.uexp" 369
"/Users/emmanuelwestfield/Desktop/New_Level_Layout/Content/Animation/Jackie_Motion_Ch3/New_Jackie/Standard_Walk.uasset" 370
"/Users/emmanuelwestfield/Desktop/New_Level_Layout/Content/Animation/Jackie_Motion_Ch3/New_Jackie/Standard_Walk.uexp" 371
"/Users/emmanuelwestfield/Desktop/New_Level_Layout/Content/Animation/Jackie_Motion_Ch3/New_Jackie/Left_Strafe.uasset" 372
"/Users/emmanuelwestfield/Desktop/New_Level_Layout/Content/Animation/Jackie_Motion_Ch3/New_Jackie/Left_Strafe.uexp" 373
"/Users/emmanuelwestfield/Desktop/New_Level_Layout/Content/Animation/Jackie_Motion_Ch3/New_Jackie/Right_Turn_4_.uasset" 374
"/Users/emmanuelwestfield/Desktop/New_Level_Layout/Content/Animation/Jackie_Motion_Ch3/New_Jackie/Right_Turn_4_.uexp" 375
"/Users/emmanuelwestfield/Desktop/New_Level_Layout/Content/Animation/Jackie_Motion_Ch3/New_Jackie/Goalkeeper_Diving_Save_1_.uasset" 376
"/Users/emmanuelwestfield/Desktop/New_Level_Layout/Content/Animation/Jackie_Motion_Ch3/New_Jackie/Goalkeeper_Diving_Save_1_.uexp" 377
"/Users/emmanuelwestfield/Desktop/New_Level_Layout/Content/Animation/Jackie_Motion_Ch3/New_Jackie/Corkscrew_Evade.uasset" 378
"/Users/emmanuelwestfield/Desktop/New_Level_Layout/Content/Animation/Jackie_Motion_Ch3/New_Jackie/Corkscrew_Evade.uexp" 379
"/Users/emmanuelwestfield/Desktop/New_Level_Layout/Content/Animation/Jackie_Motion_Ch3/New_Jackie/Jog_Strafe_Right_1_.uasset" 380
"/Users/emmanuelwestfield/Desktop/New_Level_Layout/Content/Animation/Jackie_Motion_Ch3/New_Jackie/Jog_Strafe_Right_1_.uexp" 381
"/Users/emmanuelwestfield/Desktop/New_Level_Layout/Content/Animation/Jackie_Motion_Ch3/New_Jackie/Sad_Idle.uasset" 382
"/Users/emmanuelwestfield/Desktop/New_Level_Layout/Content/Animation/Jackie_Motion_Ch3/New_Jackie/Sad_Idle.uexp" 383
"/Users/emmanuelwestfield/Desktop/New_Level_Layout/Content/Charaters/Michelle_4/Michelle__Skeleton.uasset" 384
"/Users/emmanuelwestfield/Desktop/New_Level_Layout/Content/Charaters/Michelle_4/Michelle__Skeleton.uexp" 385
"/Users/emmanuelwestfield/Desktop/New_Level_Layout/Content/Animation/Michelle_Motion_Ch4/New_Michelle/Idle.uasset" 386
"/Users/emmanuelwestfield/Desktop/New_Level_Layout/Content/Animation/Michelle_Motion_Ch4/New_Michelle/Idle.uexp" 387
"/Users/emmanuelwestfield/Desktop/New_Level_Layout/Content/Animation/Michelle_Motion_Ch4/New_Michelle/Baseball_Pitching.uasset" 388
"/Users/emmanuelwestfield/Desktop/New_Level_Layout/Content/Animation/Michelle_Motion_Ch4/New_Michelle/Baseball_Pitching.uexp" 389
"/Users/emmanuelwestfield/Desktop/New_Level_Layout/Content/Animation/Michelle_Motion_Ch4/New_Michelle/Walking_5_.uasset" 390
"/Users/emmanuelwestfield/Desktop/New_Level_Layout/Content/Animation/Michelle_Motion_Ch4/New_Michelle/Walking_5_.uexp" 391
"/Users/emmanuelwestfield/Desktop/New_Level_Layout/Content/Animation/Michelle_Motion_Ch4/New_Michelle/Jump_Away.uasset" 392
"/Users/emmanuelwestfield/Desktop/New_Level_Layout/Content/Animation/Michelle_Motion_Ch4/New_Michelle/Jump_Away.uexp" 393
"/Users/emmanuelwestfield/Desktop/New_Level_Layout/Content/Animation/Michelle_Motion_Ch4/New_Michelle/Jump_Away_Right_Montage.uasset" 394
"/Users/emmanuelwestfield/Desktop/New_Level_Layout/Content/Animation/Michelle_Motion_Ch4/New_Michelle/Jump_Away_Right_Montage.uexp" 395
"/Users/emmanuelwestfield/Desktop/New_Level_Layout/Content/Animation/Michelle_Motion_Ch4/New_Michelle/Left_Turn_1_.uasset" 396
"/Users/emmanuelwestfield/Desktop/New_Level_Layout/Content/Animation/Michelle_Motion_Ch4/New_Michelle/Left_Turn_1_.uexp" 397
"/Users/emmanuelwestfield/Desktop/New_Level_Layout/Content/Animation/Michelle_Motion_Ch4/New_Michelle/Picking_Up.uasset" 398
"/Users/emmanuelwestfield/Desktop/New_Level_Layout/Content/Animation/Michelle_Motion_Ch4/New_Michelle/Picking_Up.uexp" 399
"/Users/emmanuelwestfield/Desktop/New_Level_Layout/Content/Animation/Michelle_Motion_Ch4/New_Michelle/Walking_Backward.uasset" 400
"/Users/emmanuelwestfield/Desktop/New_Level_Layout/Content/Animation/Michelle_Motion_Ch4/New_Michelle/Walking_Backward.uexp" 401
"/Users/emmanuelwestfield/Desktop/New_Level_Layout/Content/Animation/Michelle_Motion_Ch4/New_Michelle/Walking_Backward_Montage.uasset" 402
"/Users/emmanuelwestfield/Desktop/New_Level_Layout/Content/Animation/Michelle_Motion_Ch4/New_Michelle/Walking_Backward_Montage.uexp" 403
"/Users/emmanuelwestfield/Desktop/New_Level_Layout/Content/Animation/Michelle_Motion_Ch4/New_Michelle/Left_Turn.uasset" 404
"/Users/emmanuelwestfield/Desktop/New_Level_Layout/Content/Animation/Michelle_Motion_Ch4/New_Michelle/Left_Turn.uexp" 405
"/Users/emmanuelwestfield/Desktop/New_Level_Layout/Content/Animation/Michelle_Motion_Ch4/New_Michelle/Left_Strafe_Walk.uasset" 406
"/Users/emmanuelwestfield/Desktop/New_Level_Layout/Content/Animation/Michelle_Motion_Ch4/New_Michelle/Left_Strafe_Walk.uexp" 407
"/Users/emmanuelwestfield/Desktop/New_Level_Layout/Content/Animation/Michelle_Motion_Ch4/New_Michelle/Right_Turn_3_.uasset" 408
"/Users/emmanuelwestfield/Desktop/New_Level_Layout/Content/Animation/Michelle_Motion_Ch4/New_Michelle/Right_Turn_3_.uexp" 409
"/Users/emmanuelwestfield/Desktop/New_Level_Layout/Content/Animation/Michelle_Motion_Ch4/New_Michelle/Goalkeeper_Catch.uasset" 410
"/Users/emmanuelwestfield/Desktop/New_Level_Layout/Content/Animation/Michelle_Motion_Ch4/New_Michelle/Goalkeeper_Catch.uexp" 411
"/Users/emmanuelwestfield/Desktop/New_Level_Layout/Content/Animation/Michelle_Motion_Ch4/New_Michelle/Right_Strafe_1_.uasset" 412
"/Users/emmanuelwestfield/Desktop/New_Level_Layout/Content/Animation/Michelle_Motion_Ch4/New_Michelle/Right_Strafe_1_.uexp" 413
"/Users/emmanuelwestfield/Desktop/New_Level_Layout/Content/Animation/Michelle_Motion_Ch4/New_Michelle/Right_Turn_2_.uasset" 414
"/Users/emmanuelwestfield/Desktop/New_Level_Layout/Content/Animation/Michelle_Motion_Ch4/New_Michelle/Right_Turn_2_.uexp" 415
"/Users/emmanuelwestfield/Desktop/New_Level_Layout/Content/Animation/Michelle_Motion_Ch4/New_Michelle/Jump_Away_1_.uasset" 416
"/Users/emmanuelwestfield/Desktop/New_Level_Layout/Content/Animation/Michelle_Motion_Ch4/New_Michelle/Jump_Away_1_.uexp" 417
"/Users/emmanuelwestfield/Desktop/New_Level_Layout/Content/Animation/Michelle_Motion_Ch4/New_Michelle/Jump_Away_Left__Montage.uasset" 418
"/Users/emmanuelwestfield/Desktop/New_Level_Layout/Content/Animation/Michelle_Motion_Ch4/New_Michelle/Jump_Away_Left__Montage.uexp" 419
"/Users/emmanuelwestfield/Desktop/New_Level_Layout/Content/Animation/Michelle_Motion_Ch4/New_Michelle/Right_Strafe_Walk_1_.uasset" 420
"/Users/emmanuelwestfield/Desktop/New_Level_Layout/Content/Animation/Michelle_Motion_Ch4/New_Michelle/Right_Strafe_Walk_1_.uexp" 421
"/Users/emmanuelwestfield/Desktop/New_Level_Layout/Content/Animation/Michelle_Motion_Ch4/New_Michelle/Crouch_Idle.uasset" 422
"/Users/emmanuelwestfield/Desktop/New_Level_Layout/Content/Animation/Michelle_Motion_Ch4/New_Michelle/Crouch_Idle.uexp" 423
"/Users/emmanuelwestfield/Desktop/New_Level_Layout/Content/Animation/Michelle_Motion_Ch4/New_Michelle/Left_Strafe.uasset" 424
"/Users/emmanuelwestfield/Desktop/New_Level_Layout/Content/Animation/Michelle_Motion_Ch4/New_Michelle/Left_Strafe.uexp" 425
"/Users/emmanuelwestfield/Desktop/New_Level_Layout/Content/Charaters/Amy_46/Amy_Skeleton.uasset" 426
"/Users/emmanuelwestfield/Desktop/New_Level_Layout/Content/Charaters/Amy_46/Amy_Skeleton.uexp" 427
"/Users/emmanuelwestfield/Desktop/New_Level_Layout/Content/Animation/Amy_Motion_Ch/Left_Turn_1_.uasset" 428
"/Users/emmanuelwestfield/Desktop/New_Level_Layout/Content/Animation/Amy_Motion_Ch/Left_Turn_1_.uexp" 429
"/Users/emmanuelwestfield/Desktop/New_Level_Layout/Content/Animation/Amy_Motion_Ch/Goalkeeper_Body_Block.uasset" 430
"/Users/emmanuelwestfield/Desktop/New_Level_Layout/Content/Animation/Amy_Motion_Ch/Goalkeeper_Body_Block.uexp" 431
"/Users/emmanuelwestfield/Desktop/New_Level_Layout/Content/Animation/Amy_Motion_Ch/Goalkeeper_Overhand_Throw_1_.uasset" 432
"/Users/emmanuelwestfield/Desktop/New_Level_Layout/Content/Animation/Amy_Motion_Ch/Goalkeeper_Overhand_Throw_1_.uexp" 433
"/Users/emmanuelwestfield/Desktop/New_Level_Layout/Content/Animation/Amy_Motion_Ch/Left_Turn.uasset" 434
"/Users/emmanuelwestfield/Desktop/New_Level_Layout/Content/Animation/Amy_Motion_Ch/Left_Turn.uexp" 435
"/Users/emmanuelwestfield/Desktop/New_Level_Layout/Content/Animation/Amy_Motion_Ch/Left_Strafe_Walk.uasset" 436
"/Users/emmanuelwestfield/Desktop/New_Level_Layout/Content/Animation/Amy_Motion_Ch/Left_Strafe_Walk.uexp" 437
"/Users/emmanuelwestfield/Desktop/New_Level_Layout/Content/Animation/Amy_Motion_Ch/Goalkeeper_Scoop_1_.uasset" 438
"/Users/emmanuelwestfield/Desktop/New_Level_Layout/Content/Animation/Amy_Motion_Ch/Goalkeeper_Scoop_1_.uexp" 439
"/Users/emmanuelwestfield/Desktop/New_Level_Layout/Content/Animation/Amy_Motion_Ch/Right_Turn_3_.uasset" 440
"/Users/emmanuelwestfield/Desktop/New_Level_Layout/Content/Animation/Amy_Motion_Ch/Right_Turn_3_.uexp" 441
"/Users/emmanuelwestfield/Desktop/New_Level_Layout/Content/Animation/Amy_Motion_Ch/Goalkeeper_Catch.uasset" 442
"/Users/emmanuelwestfield/Desktop/New_Level_Layout/Content/Animation/Amy_Motion_Ch/Goalkeeper_Catch.uexp" 443
"/Users/emmanuelwestfield/Desktop/New_Level_Layout/Content/Animation/Amy_Motion_Ch/Right_Strafe_1_.uasset" 444
"/Users/emmanuelwestfield/Desktop/New_Level_Layout/Content/Animation/Amy_Motion_Ch/Right_Strafe_1_.uexp" 445
"/Users/emmanuelwestfield/Desktop/New_Level_Layout/Content/Animation/Amy_Motion_Ch/Right_Turn_2_.uasset" 446
"/Users/emmanuelwestfield/Desktop/New_Level_Layout/Content/Animation/Amy_Motion_Ch/Right_Turn_2_.uexp" 447
"/Users/emmanuelwestfield/Desktop/New_Level_Layout/Content/Animation/Amy_Motion_Ch/Goalkeeper_Catch_1_.uasset" 448
"/Users/emmanuelwestfield/Desktop/New_Level_Layout/Content/Animation/Amy_Motion_Ch/Goalkeeper_Catch_1_.uexp" 449
"/Users/emmanuelwestfield/Desktop/New_Level_Layout/Content/Animation/Amy_Motion_Ch/Right_Strafe_Walk_1_.uasset" 450
"/Users/emmanuelwestfield/Desktop/New_Level_Layout/Content/Animation/Amy_Motion_Ch/Right_Strafe_Walk_1_.uexp" 451
"/Users/emmanuelwestfield/Desktop/New_Level_Layout/Content/Animation/Amy_Motion_Ch/Goalkeeper_Body_Block_1_.uasset" 452
"/Users/emmanuelwestfield/Desktop/New_Level_Layout/Content/Animation/Amy_Motion_Ch/Goalkeeper_Body_Block_1_.uexp" 453
"/Users/emmanuelwestfield/Desktop/New_Level_Layout/Content/Animation/Amy_Motion_Ch/Roll_Kicking.uasset" 454
"/Users/emmanuelwestfield/Desktop/New_Level_Layout/Content/Animation/Amy_Motion_Ch/Roll_Kicking.uexp" 455
"/Users/emmanuelwestfield/Desktop/New_Level_Layout/Content/Animation/Amy_Motion_Ch/Left_Strafe.uasset" 456
"/Users/emmanuelwestfield/Desktop/New_Level_Layout/Content/Animation/Amy_Motion_Ch/Left_Strafe.uexp" 457
"/Users/emmanuelwestfield/Desktop/New_Level_Layout/Content/Animation/Amy_Motion_Ch/Roll_Kicking_1_.uasset" 458
"/Users/emmanuelwestfield/Desktop/New_Level_Layout/Content/Animation/Amy_Motion_Ch/Roll_Kicking_1_.uexp" 459
"/Users/emmanuelwestfield/Desktop/New_Level_Layout/Content/Alienboy/mesh/SK_Alienboy_body_Skeleton.uasset" 460
"/Users/emmanuelwestfield/Desktop/New_Level_Layout/Content/Alienboy/mesh/SK_Alienboy_body_Skeleton.uexp" 461
"/Users/emmanuelwestfield/Desktop/New_Level_Layout/Content/Alienboy/Demo/Demo_anim/ThirdPersonWalk.uasset" 462
"/Users/emmanuelwestfield/Desktop/New_Level_Layout/Content/Alienboy/Demo/Demo_anim/ThirdPersonWalk.uexp" 463
"/Users/emmanuelwestfield/Desktop/New_Level_Layout/Content/Alienboy/Demo/Demo_anim/ThirdPersonIdle.uasset" 464
"/Users/emmanuelwestfield/Desktop/New_Level_Layout/Content/Alienboy/Demo/Demo_anim/ThirdPersonIdle.uexp" 465
"/Users/emmanuelwestfield/Desktop/New_Level_Layout/Content/Alienboy/Demo/Demo_anim/ThirdPersonRun.uasset" 466
"/Users/emmanuelwestfield/Desktop/New_Level_Layout/Content/Alienboy/Demo/Demo_anim/ThirdPersonRun.uexp" 467
"/Users/emmanuelwestfield/Desktop/New_Level_Layout/Content/Alienboy/Demo/Demo_anim/ThirdPerson_IdleRun_2D.uasset" 468
"/Users/emmanuelwestfield/Desktop/New_Level_Layout/Content/Alienboy/Demo/Demo_anim/ThirdPerson_IdleRun_2D.uexp" 469
"/Users/emmanuelwestfield/Desktop/New_Level_Layout/Content/Alienboy/Demo/Demo_anim/ThirdPerson_Jump.uasset" 470
"/Users/emmanuelwestfield/Desktop/New_Level_Layout/Content/Alienboy/Demo/Demo_anim/ThirdPerson_Jump.uexp" 471
"/Users/emmanuelwestfield/Desktop/New_Level_Layout/Content/Alienboy/Demo/Demo_anim/ThirdPersonJump_Loop.uasset" 472
"/Users/emmanuelwestfield/Desktop/New_Level_Layout/Content/Alienboy/Demo/Demo_anim/ThirdPersonJump_Loop.uexp" 473
"/Users/emmanuelwestfield/Desktop/New_Level_Layout/Content/Alienboy/Demo/Demo_anim/ThirdPersonJump_Start.uasset" 474
"/Users/emmanuelwestfield/Desktop/New_Level_Layout/Content/Alienboy/Demo/Demo_anim/ThirdPersonJump_Start.uexp" 475
"/Users/emmanuelwestfield/Desktop/New_Level_Layout/Content/Alienboy/Demo/Demo_anim/ThirdPerson_AnimBP.uasset" 476
"/Users/emmanuelwestfield/Desktop/New_Level_Layout/Content/Alienboy/Demo/Demo_anim/ThirdPerson_AnimBP.uexp" 477
"../../../Engine/Content/EditorMeshes/ColorCalibrator/T_ColorGrid.uasset" 478
"../../../Engine/Content/EditorMeshes/ColorCalibrator/T_ColorGrid.uexp" 479
"../../../Engine/Content/EditorMeshes/ColorCalibrator/T_ColorGrid.ubulk" 480
"/Users/emmanuelwestfield/Desktop/New_Level_Layout/Content/Alienboy/Demo/StarterContent/Materials/M_ColorGrid_LowSpec.uasset" 481
"/Users/emmanuelwestfield/Desktop/New_Level_Layout/Content/Alienboy/Demo/StarterContent/Materials/M_ColorGrid_LowSpec.uexp" 482
"../../../Engine/Content/Functions/Engine_MaterialFunctions01/Gradient/RadialGradient.uasset" 483
"../../../Engine/Content/Functions/Engine_MaterialFunctions01/Gradient/RadialGradient.uexp" 484
"/Users/emmanuelwestfield/Desktop/New_Level_Layout/Content/Alienboy/Demo/StarterContent/Particles/Materials/M_radial_ramp.uasset" 485
"/Users/emmanuelwestfield/Desktop/New_Level_Layout/Content/Alienboy/Demo/StarterContent/Particles/Materials/M_radial_ramp.uexp" 486
"/Users/emmanuelwestfield/Desktop/New_Level_Layout/Content/Alienboy/Demo/StarterContent/Particles/Materials/m_flare_01.uasset" 487
"/Users/emmanuelwestfield/Desktop/New_Level_Layout/Content/Alienboy/Demo/StarterContent/Particles/Materials/m_flare_01.uexp" 488
"/Users/emmanuelwestfield/Desktop/New_Level_Layout/Content/Alienboy/Demo/StarterContent/Textures/T_Explosion_SubUV.uasset" 489
"/Users/emmanuelwestfield/Desktop/New_Level_Layout/Content/Alienboy/Demo/StarterContent/Textures/T_Explosion_SubUV.uexp" 490
"/Users/emmanuelwestfield/Desktop/New_Level_Layout/Content/Alienboy/Demo/StarterContent/Textures/T_Explosion_SubUV.ubulk" 491
"/Users/emmanuelwestfield/Desktop/New_Level_Layout/Content/Alienboy/Demo/StarterContent/Particles/Materials/M_explosion_subUV.uasset" 492
"/Users/emmanuelwestfield/Desktop/New_Level_Layout/Content/Alienboy/Demo/StarterContent/Particles/Materials/M_explosion_subUV.uexp" 493
"/Users/emmanuelwestfield/Desktop/New_Level_Layout/Content/Alienboy/Demo/StarterContent/Textures/T_Burst_M.uasset" 494
"/Users/emmanuelwestfield/Desktop/New_Level_Layout/Content/Alienboy/Demo/StarterContent/Textures/T_Burst_M.uexp" 495
"/Users/emmanuelwestfield/Desktop/New_Level_Layout/Content/Alienboy/Demo/StarterContent/Textures/T_Burst_M.ubulk" 496
"/Users/emmanuelwestfield/Desktop/New_Level_Layout/Content/Alienboy/Demo/StarterContent/Particles/Materials/M_Burst.uasset" 497
"/Users/emmanuelwestfield/Desktop/New_Level_Layout/Content/Alienboy/Demo/StarterContent/Particles/Materials/M_Burst.uexp" 498
"/Users/emmanuelwestfield/Desktop/New_Level_Layout/Content/Alienboy/Demo/StarterContent/Textures/T_Smoke_SubUV.uasset" 499
"/Users/emmanuelwestfield/Desktop/New_Level_Layout/Content/Alienboy/Demo/StarterContent/Textures/T_Smoke_SubUV.uexp" 500
"/Users/emmanuelwestfield/Desktop/New_Level_Layout/Content/Alienboy/Demo/StarterContent/Textures/T_Smoke_SubUV.ubulk" 501
"/Users/emmanuelwestfield/Desktop/New_Level_Layout/Content/Alienboy/Demo/StarterContent/Textures/T_Smoke_Tiled_D.uasset" 502
"/Users/emmanuelwestfield/Desktop/New_Level_Layout/Content/Alienboy/Demo/StarterContent/Textures/T_Smoke_Tiled_D.uexp" 503
"/Users/emmanuelwestfield/Desktop/New_Level_Layout/Content/Alienboy/Demo/StarterContent/Textures/T_Smoke_Tiled_D.ubulk" 504
"/Users/emmanuelwestfield/Desktop/New_Level_Layout/Content/Alienboy/Demo/StarterContent/Particles/Materials/M_smoke_subUV.uasset" 505
"/Users/emmanuelwestfield/Desktop/New_Level_Layout/Content/Alienboy/Demo/StarterContent/Particles/Materials/M_smoke_subUV.uexp" 506
"/Users/emmanuelwestfield/Desktop/New_Level_Layout/Content/Alienboy/Demo/StarterContent/Particles/P_Explosion.uasset" 507
"/Users/emmanuelwestfield/Desktop/New_Level_Layout/Content/Alienboy/Demo/StarterContent/Particles/P_Explosion.uexp" 508
"/Users/emmanuelwestfield/Desktop/New_Level_Layout/Content/Alienboy/Demo/StarterContent/Audio/Explosion01.uasset" 509
"/Users/emmanuelwestfield/Desktop/New_Level_Layout/Content/Alienboy/Demo/StarterContent/Audio/Explosion01.uexp" 510
"/Users/emmanuelwestfield/Desktop/New_Level_Layout/Content/Alienboy/Demo/StarterContent/Audio/Explosion02.uasset" 511
"/Users/emmanuelwestfield/Desktop/New_Level_Layout/Content/Alienboy/Demo/StarterContent/Audio/Explosion02.uexp" 512
"/Users/emmanuelwestfield/Desktop/New_Level_Layout/Content/Alienboy/Demo/StarterContent/Audio/Explosion_Cue.uasset" 513
"/Users/emmanuelwestfield/Desktop/New_Level_Layout/Content/Alienboy/Demo/StarterContent/Audio/Explosion_Cue.uexp" 514
"/Users/emmanuelwestfield/Desktop/New_Level_Layout/Content/Alienboy/Demo/StarterContent/Blueprints/Blueprint_Effect_Explosion.uasset" 515
"/Users/emmanuelwestfield/Desktop/New_Level_Layout/Content/Alienboy/Demo/StarterContent/Blueprints/Blueprint_Effect_Explosion.uexp" 516
"/Users/emmanuelwestfield/Desktop/New_Level_Layout/Content/Alienboy/Demo/StarterContent/Textures/T_Door_M.uasset" 517
"/Users/emmanuelwestfield/Desktop/New_Level_Layout/Content/Alienboy/Demo/StarterContent/Textures/T_Door_M.uexp" 518
"/Users/emmanuelwestfield/Desktop/New_Level_Layout/Content/Alienboy/Demo/StarterContent/Textures/T_Door_M.ubulk" 519
"/Users/emmanuelwestfield/Desktop/New_Level_Layout/Content/Alienboy/Demo/StarterContent/Textures/T_Door_N.uasset" 520
"/Users/emmanuelwestfield/Desktop/New_Level_Layout/Content/Alienboy/Demo/StarterContent/Textures/T_Door_N.uexp" 521
"/Users/emmanuelwestfield/Desktop/New_Level_Layout/Content/Alienboy/Demo/StarterContent/Textures/T_Door_N.ubulk" 522
"/Users/emmanuelwestfield/Desktop/New_Level_Layout/Content/Alienboy/Demo/StarterContent/Props/Materials/M_Door.uasset" 523
"/Users/emmanuelwestfield/Desktop/New_Level_Layout/Content/Alienboy/Demo/StarterContent/Props/Materials/M_Door.uexp" 524
"/Users/emmanuelwestfield/Desktop/New_Level_Layout/Content/Alienboy/Demo/StarterContent/Materials/M_Glass.uasset" 525
"/Users/emmanuelwestfield/Desktop/New_Level_Layout/Content/Alienboy/Demo/StarterContent/Materials/M_Glass.uexp" 526
"/Users/emmanuelwestfield/Desktop/New_Level_Layout/Content/Alienboy/Demo/StarterContent/Props/SM_Door.uasset" 527
"/Users/emmanuelwestfield/Desktop/New_Level_Layout/Content/Alienboy/Demo/StarterContent/Props/SM_Door.uexp" 528
"/Users/emmanuelwestfield/Desktop/New_Level_Layout/Content/Alienboy/Demo/StarterContent/Props/Materials/M_MaterialSphere_Plain.uasset" 529
"/Users/emmanuelwestfield/Desktop/New_Level_Layout/Content/Alienboy/Demo/StarterContent/Props/Materials/M_MaterialSphere_Plain.uexp" 530
"/Users/emmanuelwestfield/Desktop/New_Level_Layout/Content/Alienboy/Demo/StarterContent/Props/Materials/M_MaterialSphere.uasset" 531
"/Users/emmanuelwestfield/Desktop/New_Level_Layout/Content/Alienboy/Demo/StarterContent/Props/Materials/M_MaterialSphere.uexp" 532
"/Users/emmanuelwestfield/Desktop/New_Level_Layout/Content/Alienboy/Demo/StarterContent/Props/SM_MatPreviewMesh_02.uasset" 533
"/Users/emmanuelwestfield/Desktop/New_Level_Layout/Content/Alienboy/Demo/StarterContent/Props/SM_MatPreviewMesh_02.uexp" 534
"/Users/emmanuelwestfield/Desktop/New_Level_Layout/Content/Alienboy/Demo/StarterContent/Textures/T_Chair_N.uasset" 535
"/Users/emmanuelwestfield/Desktop/New_Level_Layout/Content/Alienboy/Demo/StarterContent/Textures/T_Chair_N.uexp" 536
"/Users/emmanuelwestfield/Desktop/New_Level_Layout/Content/Alienboy/Demo/StarterContent/Textures/T_Chair_N.ubulk" 537
"/Users/emmanuelwestfield/Desktop/New_Level_Layout/Content/Alienboy/Demo/StarterContent/Textures/T_Chair_M.uasset" 538
"/Users/emmanuelwestfield/Desktop/New_Level_Layout/Content/Alienboy/Demo/StarterContent/Textures/T_Chair_M.uexp" 539
"/Users/emmanuelwestfield/Desktop/New_Level_Layout/Content/Alienboy/Demo/StarterContent/Textures/T_Chair_M.ubulk" 540
"/Users/emmanuelwestfield/Desktop/New_Level_Layout/Content/Alienboy/Demo/StarterContent/Props/Materials/M_Chair.uasset" 541
"/Users/emmanuelwestfield/Desktop/New_Level_Layout/Content/Alienboy/Demo/StarterContent/Props/Materials/M_Chair.uexp" 542
"/Users/emmanuelwestfield/Desktop/New_Level_Layout/Content/Alienboy/Demo/StarterContent/Props/SM_Couch.uasset" 543
"/Users/emmanuelwestfield/Desktop/New_Level_Layout/Content/Alienboy/Demo/StarterContent/Props/SM_Couch.uexp" 544
"/Users/emmanuelwestfield/Desktop/New_Level_Layout/Content/Alienboy/Demo/StarterContent/Textures/T_Shelf_N.uasset" 545
"/Users/emmanuelwestfield/Desktop/New_Level_Layout/Content/Alienboy/Demo/StarterContent/Textures/T_Shelf_N.uexp" 546
"/Users/emmanuelwestfield/Desktop/New_Level_Layout/Content/Alienboy/Demo/StarterContent/Textures/T_Shelf_N.ubulk" 547
"/Users/emmanuelwestfield/Desktop/New_Level_Layout/Content/Alienboy/Demo/StarterContent/Textures/T_Shelf_M.uasset" 548
"/Users/emmanuelwestfield/Desktop/New_Level_Layout/Content/Alienboy/Demo/StarterContent/Textures/T_Shelf_M.uexp" 549
"/Users/emmanuelwestfield/Desktop/New_Level_Layout/Content/Alienboy/Demo/StarterContent/Textures/T_Shelf_M.ubulk" 550
"/Users/emmanuelwestfield/Desktop/New_Level_Layout/Content/Alienboy/Demo/StarterContent/Props/Materials/M_Shelf.uasset" 551
"/Users/emmanuelwestfield/Desktop/New_Level_Layout/Content/Alienboy/Demo/StarterContent/Props/Materials/M_Shelf.uexp" 552
"/Users/emmanuelwestfield/Desktop/New_Level_Layout/Content/Alienboy/Demo/StarterContent/Props/SM_Shelf.uasset" 553
"/Users/emmanuelwestfield/Desktop/New_Level_Layout/Content/Alienboy/Demo/StarterContent/Props/SM_Shelf.uexp" 554
"/Users/emmanuelwestfield/Desktop/New_Level_Layout/Content/Alienboy/Demo/StarterContent/Textures/T_Rock_Basalt_D.uasset" 555
"/Users/emmanuelwestfield/Desktop/New_Level_Layout/Content/Alienboy/Demo/StarterContent/Textures/T_Rock_Basalt_D.uexp" 556
"/Users/emmanuelwestfield/Desktop/New_Level_Layout/Content/Alienboy/Demo/StarterContent/Textures/T_Rock_Basalt_D.ubulk" 557
"/Users/emmanuelwestfield/Desktop/New_Level_Layout/Content/Alienboy/Demo/StarterContent/Textures/T_RockMesh_M.uasset" 558
"/Users/emmanuelwestfield/Desktop/New_Level_Layout/Content/Alienboy/Demo/StarterContent/Textures/T_RockMesh_M.uexp" 559
"/Users/emmanuelwestfield/Desktop/New_Level_Layout/Content/Alienboy/Demo/StarterContent/Textures/T_RockMesh_M.ubulk" 560
"/Users/emmanuelwestfield/Desktop/New_Level_Layout/Content/Alienboy/Demo/StarterContent/Textures/T_Detail_Rocky_N.uasset" 561
"/Users/emmanuelwestfield/Desktop/New_Level_Layout/Content/Alienboy/Demo/StarterContent/Textures/T_Detail_Rocky_N.uexp" 562
"/Users/emmanuelwestfield/Desktop/New_Level_Layout/Content/Alienboy/Demo/StarterContent/Textures/T_Detail_Rocky_N.ubulk" 563
"/Users/emmanuelwestfield/Desktop/New_Level_Layout/Content/Alienboy/Demo/StarterContent/Textures/T_RockMesh_N.uasset" 564
"/Users/emmanuelwestfield/Desktop/New_Level_Layout/Content/Alienboy/Demo/StarterContent/Textures/T_RockMesh_N.uexp" 565
"/Users/emmanuelwestfield/Desktop/New_Level_Layout/Content/Alienboy/Demo/StarterContent/Textures/T_RockMesh_N.ubulk" 566
"/Users/emmanuelwestfield/Desktop/New_Level_Layout/Content/Alienboy/Demo/StarterContent/Props/Materials/M_Rock.uasset" 567
"/Users/emmanuelwestfield/Desktop/New_Level_Layout/Content/Alienboy/Demo/StarterContent/Props/Materials/M_Rock.uexp" 568
"/Users/emmanuelwestfield/Desktop/New_Level_Layout/Content/Alienboy/Demo/StarterContent/Props/SM_Rock.uasset" 569
"/Users/emmanuelwestfield/Desktop/New_Level_Layout/Content/Alienboy/Demo/StarterContent/Props/SM_Rock.uexp" 570
"/Users/emmanuelwestfield/Desktop/New_Level_Layout/Content/Alienboy/Demo/StarterContent/Materials/M_Basic_Wall.uasset" 571
"/Users/emmanuelwestfield/Desktop/New_Level_Layout/Content/Alienboy/Demo/StarterContent/Materials/M_Basic_Wall.uexp" 572
"/Users/emmanuelwestfield/Desktop/New_Level_Layout/Content/Alienboy/Demo/StarterContent/Materials/M_Basic_Floor.uasset" 573
"/Users/emmanuelwestfield/Desktop/New_Level_Layout/Content/Alienboy/Demo/StarterContent/Materials/M_Basic_Floor.uexp" 574
"/Users/emmanuelwestfield/Desktop/New_Level_Layout/Content/Alienboy/Demo/StarterContent/Props/SM_Stairs.uasset" 575
"/Users/emmanuelwestfield/Desktop/New_Level_Layout/Content/Alienboy/Demo/StarterContent/Props/SM_Stairs.uexp" 576
"/Users/emmanuelwestfield/Desktop/New_Level_Layout/Content/Alienboy/Demo/StarterContent/Textures/T_Bush_N.uasset" 577
"/Users/emmanuelwestfield/Desktop/New_Level_Layout/Content/Alienboy/Demo/StarterContent/Textures/T_Bush_N.uexp" 578
"/Users/emmanuelwestfield/Desktop/New_Level_Layout/Content/Alienboy/Demo/StarterContent/Textures/T_Bush_N.ubulk" 579
"/Users/emmanuelwestfield/Desktop/New_Level_Layout/Content/Alienboy/Demo/StarterContent/Textures/T_Bush_D.uasset" 580
"/Users/emmanuelwestfield/Desktop/New_Level_Layout/Content/Alienboy/Demo/StarterContent/Textures/T_Bush_D.uexp" 581
"/Users/emmanuelwestfield/Desktop/New_Level_Layout/Content/Alienboy/Demo/StarterContent/Textures/T_Bush_D.ubulk" 582
"/Users/emmanuelwestfield/Desktop/New_Level_Layout/Content/Alienboy/Demo/StarterContent/Props/Materials/M_Bush.uasset" 583
"/Users/emmanuelwestfield/Desktop/New_Level_Layout/Content/Alienboy/Demo/StarterContent/Props/Materials/M_Bush.uexp" 584
"/Users/emmanuelwestfield/Desktop/New_Level_Layout/Content/Alienboy/Demo/StarterContent/Props/SM_Bush.uasset" 585
"/Users/emmanuelwestfield/Desktop/New_Level_Layout/Content/Alienboy/Demo/StarterContent/Props/SM_Bush.uexp" 586
"/Users/emmanuelwestfield/Desktop/New_Level_Layout/Content/Alienboy/Demo/StarterContent/Shapes/Shape_Wedge_A.uasset" 587
"/Users/emmanuelwestfield/Desktop/New_Level_Layout/Content/Alienboy/Demo/StarterContent/Shapes/Shape_Wedge_A.uexp" 588
"/Users/emmanuelwestfield/Desktop/New_Level_Layout/Content/Alienboy/Demo/StarterContent/Shapes/Shape_WideCapsule.uasset" 589
"/Users/emmanuelwestfield/Desktop/New_Level_Layout/Content/Alienboy/Demo/StarterContent/Shapes/Shape_WideCapsule.uexp" 590
"/Users/emmanuelwestfield/Desktop/New_Level_Layout/Content/Alienboy/Demo/StarterContent/Shapes/Shape_Tube.uasset" 591
"/Users/emmanuelwestfield/Desktop/New_Level_Layout/Content/Alienboy/Demo/StarterContent/Shapes/Shape_Tube.uexp" 592
"/Users/emmanuelwestfield/Desktop/New_Level_Layout/Content/Alienboy/Demo/StarterContent/Shapes/Shape_Cylinder.uasset" 593
"/Users/emmanuelwestfield/Desktop/New_Level_Layout/Content/Alienboy/Demo/StarterContent/Shapes/Shape_Cylinder.uexp" 594
"/Users/emmanuelwestfield/Desktop/New_Level_Layout/Content/Alienboy/Demo/StarterContent/Shapes/Shape_TriPyramid.uasset" 595
"/Users/emmanuelwestfield/Desktop/New_Level_Layout/Content/Alienboy/Demo/StarterContent/Shapes/Shape_TriPyramid.uexp" 596
"/Users/emmanuelwestfield/Desktop/New_Level_Layout/Content/Alienboy/Demo/StarterContent/Shapes/Shape_Trim.uasset" 597
"/Users/emmanuelwestfield/Desktop/New_Level_Layout/Content/Alienboy/Demo/StarterContent/Shapes/Shape_Trim.uexp" 598
"/Users/emmanuelwestfield/Desktop/New_Level_Layout/Content/Alienboy/Demo/StarterContent/Shapes/Shape_Plane.uasset" 599
"/Users/emmanuelwestfield/Desktop/New_Level_Layout/Content/Alienboy/Demo/StarterContent/Shapes/Shape_Plane.uexp" 600
"/Users/emmanuelwestfield/Desktop/New_Level_Layout/Content/Alienboy/Demo/StarterContent/Shapes/Shape_Trim_90_Out.uasset" 601
"/Users/emmanuelwestfield/Desktop/New_Level_Layout/Content/Alienboy/Demo/StarterContent/Shapes/Shape_Trim_90_Out.uexp" 602
"/Users/emmanuelwestfield/Desktop/New_Level_Layout/Content/Alienboy/Demo/StarterContent/Shapes/Shape_Pipe_90.uasset" 603
"/Users/emmanuelwestfield/Desktop/New_Level_Layout/Content/Alienboy/Demo/StarterContent/Shapes/Shape_Pipe_90.uexp" 604
"/Users/emmanuelwestfield/Desktop/New_Level_Layout/Content/Alienboy/Demo/StarterContent/Shapes/Shape_Pipe_180.uasset" 605
"/Users/emmanuelwestfield/Desktop/New_Level_Layout/Content/Alienboy/Demo/StarterContent/Shapes/Shape_Pipe_180.uexp" 606
"/Users/emmanuelwestfield/Desktop/New_Level_Layout/Content/Alienboy/Demo/StarterContent/Shapes/Shape_Pipe.uasset" 607
"/Users/emmanuelwestfield/Desktop/New_Level_Layout/Content/Alienboy/Demo/StarterContent/Shapes/Shape_Pipe.uexp" 608
"/Users/emmanuelwestfield/Desktop/New_Level_Layout/Content/Alienboy/Demo/StarterContent/Shapes/Shape_Cone.uasset" 609
"/Users/emmanuelwestfield/Desktop/New_Level_Layout/Content/Alienboy/Demo/StarterContent/Shapes/Shape_Cone.uexp" 610
"/Users/emmanuelwestfield/Desktop/New_Level_Layout/Content/Alienboy/Demo/StarterContent/Shapes/Shape_Wedge_B.uasset" 611
"/Users/emmanuelwestfield/Desktop/New_Level_Layout/Content/Alienboy/Demo/StarterContent/Shapes/Shape_Wedge_B.uexp" 612
"/Users/emmanuelwestfield/Desktop/New_Level_Layout/Content/Alienboy/Demo/StarterContent/Shapes/Shape_NarrowCapsule.uasset" 613
"/Users/emmanuelwestfield/Desktop/New_Level_Layout/Content/Alienboy/Demo/StarterContent/Shapes/Shape_NarrowCapsule.uexp" 614
"/Users/emmanuelwestfield/Desktop/New_Level_Layout/Content/Alienboy/Demo/StarterContent/Shapes/Shape_Trim_90_In.uasset" 615
"/Users/emmanuelwestfield/Desktop/New_Level_Layout/Content/Alienboy/Demo/StarterContent/Shapes/Shape_Trim_90_In.uexp" 616
"/Users/emmanuelwestfield/Desktop/New_Level_Layout/Content/Alienboy/Demo/StarterContent/Shapes/Shape_Torus.uasset" 617
"/Users/emmanuelwestfield/Desktop/New_Level_Layout/Content/Alienboy/Demo/StarterContent/Shapes/Shape_Torus.uexp" 618
"/Users/emmanuelwestfield/Desktop/New_Level_Layout/Content/Alienboy/Demo/StarterContent/Architecture/Wall_Door_400x400.uasset" 619
"/Users/emmanuelwestfield/Desktop/New_Level_Layout/Content/Alienboy/Demo/StarterContent/Architecture/Wall_Door_400x400.uexp" 620
"/Users/emmanuelwestfield/Desktop/New_Level_Layout/Content/Alienboy/Demo/StarterContent/Architecture/Wall_500x500.uasset" 621
"/Users/emmanuelwestfield/Desktop/New_Level_Layout/Content/Alienboy/Demo/StarterContent/Architecture/Wall_500x500.uexp" 622
"/Users/emmanuelwestfield/Desktop/New_Level_Layout/Content/Alienboy/Demo/StarterContent/Architecture/Pillar_50x500.uasset" 623
"/Users/emmanuelwestfield/Desktop/New_Level_Layout/Content/Alienboy/Demo/StarterContent/Architecture/Pillar_50x500.uexp" 624
"/Users/emmanuelwestfield/Desktop/New_Level_Layout/Content/Alienboy/Demo/StarterContent/Architecture/Wall_400x300.uasset" 625
"/Users/emmanuelwestfield/Desktop/New_Level_Layout/Content/Alienboy/Demo/StarterContent/Architecture/Wall_400x300.uexp" 626
"/Users/emmanuelwestfield/Desktop/New_Level_Layout/Content/Alienboy/Demo/StarterContent/Architecture/Wall_Window_400x400.uasset" 627
"/Users/emmanuelwestfield/Desktop/New_Level_Layout/Content/Alienboy/Demo/StarterContent/Architecture/Wall_Window_400x400.uexp" 628
"/Users/emmanuelwestfield/Desktop/New_Level_Layout/Content/Alienboy/Demo/StarterContent/Audio/Light02.uasset" 629
"/Users/emmanuelwestfield/Desktop/New_Level_Layout/Content/Alienboy/Demo/StarterContent/Audio/Light02.uexp" 630
"/Users/emmanuelwestfield/Desktop/New_Level_Layout/Content/Alienboy/Demo/StarterContent/Audio/Light02_Cue.uasset" 631
"/Users/emmanuelwestfield/Desktop/New_Level_Layout/Content/Alienboy/Demo/StarterContent/Audio/Light02_Cue.uexp" 632
"/Users/emmanuelwestfield/Desktop/New_Level_Layout/Content/Alienboy/Demo/StarterContent/Audio/Light01.uasset" 633
"/Users/emmanuelwestfield/Desktop/New_Level_Layout/Content/Alienboy/Demo/StarterContent/Audio/Light01.uexp" 634
"/Users/emmanuelwestfield/Desktop/New_Level_Layout/Content/Alienboy/Demo/StarterContent/Audio/Light01_Cue.uasset" 635
"/Users/emmanuelwestfield/Desktop/New_Level_Layout/Content/Alienboy/Demo/StarterContent/Audio/Light01_Cue.uexp" 636
"/Users/emmanuelwestfield/Desktop/New_Level_Layout/Content/ThirdPerson/FirstPerson/Meshes/BaseMaterial.uasset" 637
"/Users/emmanuelwestfield/Desktop/New_Level_Layout/Content/ThirdPerson/FirstPerson/Meshes/BaseMaterial.uexp" 638
"/Users/emmanuelwestfield/Desktop/New_Level_Layout/Content/FirstPerson/Meshes/BaseMaterial.uasset" 639
"/Users/emmanuelwestfield/Desktop/New_Level_Layout/Content/FirstPerson/Meshes/BaseMaterial.uexp" 640
"/Users/emmanuelwestfield/Desktop/New_Level_Layout/Content/ThirdPerson/FirstPerson/Meshes/FirstPersonProjectileMaterial.uasset" 641
"/Users/emmanuelwestfield/Desktop/New_Level_Layout/Content/ThirdPerson/FirstPerson/Meshes/FirstPersonProjectileMaterial.uexp" 642
"../../../Engine/Content/EngineMaterials/PhysMat_Rubber.uasset" 643
"../../../Engine/Content/EngineMaterials/PhysMat_Rubber.uexp" 644
"/Users/emmanuelwestfield/Desktop/New_Level_Layout/Content/ThirdPerson/FirstPerson/Meshes/FirstPersonProjectileMesh.uasset" 645
"/Users/emmanuelwestfield/Desktop/New_Level_Layout/Content/ThirdPerson/FirstPerson/Meshes/FirstPersonProjectileMesh.uexp" 646
"/Users/emmanuelwestfield/Desktop/New_Level_Layout/Content/ThirdPerson/Meshes/RampMaterial.uasset" 647
"/Users/emmanuelwestfield/Desktop/New_Level_Layout/Content/ThirdPerson/Meshes/RampMaterial.uexp" 648
"/Users/emmanuelwestfield/Desktop/New_Level_Layout/Content/ThirdPerson/Meshes/Bump_StaticMesh.uasset" 649
"/Users/emmanuelwestfield/Desktop/New_Level_Layout/Content/ThirdPerson/Meshes/Bump_StaticMesh.uexp" 650
"/Users/emmanuelwestfield/Desktop/New_Level_Layout/Content/ThirdPerson/Meshes/Ramp_StaticMesh.uasset" 651
"/Users/emmanuelwestfield/Desktop/New_Level_Layout/Content/ThirdPerson/Meshes/Ramp_StaticMesh.uexp" 652
"/Users/emmanuelwestfield/Desktop/New_Level_Layout/Content/ThirdPerson/Meshes/RightArm_StaticMesh.uasset" 653
"/Users/emmanuelwestfield/Desktop/New_Level_Layout/Content/ThirdPerson/Meshes/RightArm_StaticMesh.uexp" 654
"/Users/emmanuelwestfield/Desktop/New_Level_Layout/Content/ThirdPerson/Meshes/Linear_Stair_StaticMesh.uasset" 655
"/Users/emmanuelwestfield/Desktop/New_Level_Layout/Content/ThirdPerson/Meshes/Linear_Stair_StaticMesh.uexp" 656
"/Users/emmanuelwestfield/Desktop/New_Level_Layout/Content/ThirdPerson/Meshes/LeftArm_StaticMesh.uasset" 657
"/Users/emmanuelwestfield/Desktop/New_Level_Layout/Content/ThirdPerson/Meshes/LeftArm_StaticMesh.uexp" 658
"/Users/emmanuelwestfield/Desktop/New_Level_Layout/Content/Cinematic/Shot_1.uasset" 659
"/Users/emmanuelwestfield/Desktop/New_Level_Layout/Content/Cinematic/Shot_1.uexp" 660
"/Users/emmanuelwestfield/Desktop/New_Level_Layout/Content/Cinematic/Shot_2.uasset" 661
"/Users/emmanuelwestfield/Desktop/New_Level_Layout/Content/Cinematic/Shot_2.uexp" 662
"/Users/emmanuelwestfield/Desktop/New_Level_Layout/Content/Cinematic/Master.uasset" 663
"/Users/emmanuelwestfield/Desktop/New_Level_Layout/Content/Cinematic/Master.uexp" 664
"/Users/emmanuelwestfield/Desktop/New_Level_Layout/Content/Toony_Tiny_Citizens/Meshes/Female_Skeleton.uasset" 665
"/Users/emmanuelwestfield/Desktop/New_Level_Layout/Content/Toony_Tiny_Citizens/Meshes/Female_Skeleton.uexp" 666
"/Users/emmanuelwestfield/Desktop/New_Level_Layout/Content/Toony_Tiny_Citizens/Meshes/Characters_PhysicsAsset.uasset" 667
"/Users/emmanuelwestfield/Desktop/New_Level_Layout/Content/Toony_Tiny_Citizens/Meshes/Characters_PhysicsAsset.uexp" 668
"/Users/emmanuelwestfield/Desktop/New_Level_Layout/Content/Toony_Tiny_Citizens/Textures/T_Citizens_A.uasset" 669
"/Users/emmanuelwestfield/Desktop/New_Level_Layout/Content/Toony_Tiny_Citizens/Textures/T_Citizens_A.uexp" 670
"/Users/emmanuelwestfield/Desktop/New_Level_Layout/Content/Toony_Tiny_Citizens/Textures/T_Citizens_A.ubulk" 671
"/Users/emmanuelwestfield/Desktop/New_Level_Layout/Content/Toony_Tiny_Citizens/Materials/M_Citizens_A.uasset" 672
"/Users/emmanuelwestfield/Desktop/New_Level_Layout/Content/Toony_Tiny_Citizens/Materials/M_Citizens_A.uexp" 673
"/Users/emmanuelwestfield/Desktop/New_Level_Layout/Content/Toony_Tiny_Citizens/Meshes/Character_Parts/Females/f_head_12.uasset" 674
"/Users/emmanuelwestfield/Desktop/New_Level_Layout/Content/Toony_Tiny_Citizens/Meshes/Character_Parts/Females/f_head_12.uexp" 675
"/Users/emmanuelwestfield/Desktop/New_Level_Layout/Content/Toony_Tiny_Citizens/Meshes/Character_Parts/Females/f_body_31_farmer.uasset" 676
"/Users/emmanuelwestfield/Desktop/New_Level_Layout/Content/Toony_Tiny_Citizens/Meshes/Character_Parts/Females/f_body_31_farmer.uexp" 677
"/Users/emmanuelwestfield/Desktop/New_Level_Layout/Content/Toony_Tiny_Citizens/Meshes/Character_Parts/Females/f_body_39_punk.uasset" 678
"/Users/emmanuelwestfield/Desktop/New_Level_Layout/Content/Toony_Tiny_Citizens/Meshes/Character_Parts/Females/f_body_39_punk.uexp" 679
"/Users/emmanuelwestfield/Desktop/New_Level_Layout/Content/Toony_Tiny_Citizens/Meshes/Character_Parts/Females/f_head_36.uasset" 680
"/Users/emmanuelwestfield/Desktop/New_Level_Layout/Content/Toony_Tiny_Citizens/Meshes/Character_Parts/Females/f_head_36.uexp" 681
"/Users/emmanuelwestfield/Desktop/New_Level_Layout/Content/Toony_Tiny_Citizens/Meshes/Character_Parts/Females/f_body_26_police.uasset" 682
"/Users/emmanuelwestfield/Desktop/New_Level_Layout/Content/Toony_Tiny_Citizens/Meshes/Character_Parts/Females/f_body_26_police.uexp" 683
"/Users/emmanuelwestfield/Desktop/New_Level_Layout/Content/Toony_Tiny_Citizens/Meshes/Character_Parts/Females/f_head_28.uasset" 684
"/Users/emmanuelwestfield/Desktop/New_Level_Layout/Content/Toony_Tiny_Citizens/Meshes/Character_Parts/Females/f_head_28.uexp" 685
"/Users/emmanuelwestfield/Desktop/New_Level_Layout/Content/Toony_Tiny_Citizens/Meshes/Character_Parts/Females/f_head_60_punk.uasset" 686
"/Users/emmanuelwestfield/Desktop/New_Level_Layout/Content/Toony_Tiny_Citizens/Meshes/Character_Parts/Females/f_head_60_punk.uexp" 687
"/Users/emmanuelwestfield/Desktop/New_Level_Layout/Content/Toony_Tiny_Citizens/Meshes/Character_Parts/Females/f_head_24.uasset" 688
"/Users/emmanuelwestfield/Desktop/New_Level_Layout/Content/Toony_Tiny_Citizens/Meshes/Character_Parts/Females/f_head_24.uexp" 689
"/Users/emmanuelwestfield/Desktop/New_Level_Layout/Content/Toony_Tiny_Citizens/Meshes/Character_Parts/Females/f_body_04_casual_dress.uasset" 690
"/Users/emmanuelwestfield/Desktop/New_Level_Layout/Content/Toony_Tiny_Citizens/Meshes/Character_Parts/Females/f_body_04_casual_dress.uexp" 691
"/Users/emmanuelwestfield/Desktop/New_Level_Layout/Content/Toony_Tiny_Citizens/Meshes/Character_Parts/Females/f_body_02_black.uasset" 692
"/Users/emmanuelwestfield/Desktop/New_Level_Layout/Content/Toony_Tiny_Citizens/Meshes/Character_Parts/Females/f_body_02_black.uexp" 693
"/Users/emmanuelwestfield/Desktop/New_Level_Layout/Content/Toony_Tiny_Citizens/Meshes/Character_Parts/Females/f_head_66_nun.uasset" 694
"/Users/emmanuelwestfield/Desktop/New_Level_Layout/Content/Toony_Tiny_Citizens/Meshes/Character_Parts/Females/f_head_66_nun.uexp" 695
"/Users/emmanuelwestfield/Desktop/New_Level_Layout/Content/Toony_Tiny_Citizens/Meshes/Character_Parts/Females/f_body_17_white_dress.uasset" 696
"/Users/emmanuelwestfield/Desktop/New_Level_Layout/Content/Toony_Tiny_Citizens/Meshes/Character_Parts/Females/f_body_17_white_dress.uexp" 697
"/Users/emmanuelwestfield/Desktop/New_Level_Layout/Content/Toony_Tiny_Citizens/Meshes/Character_Parts/Females/f_body_13_suit_grey.uasset" 698
"/Users/emmanuelwestfield/Desktop/New_Level_Layout/Content/Toony_Tiny_Citizens/Meshes/Character_Parts/Females/f_body_13_suit_grey.uexp" 699
"/Users/emmanuelwestfield/Desktop/New_Level_Layout/Content/Toony_Tiny_Citizens/Meshes/Character_Parts/Females/f_body_25_black_lingerie.uasset" 700
"/Users/emmanuelwestfield/Desktop/New_Level_Layout/Content/Toony_Tiny_Citizens/Meshes/Character_Parts/Females/f_body_25_black_lingerie.uexp" 701
"/Users/emmanuelwestfield/Desktop/New_Level_Layout/Content/Toony_Tiny_Citizens/Meshes/Character_Parts/Females/f_body_16_leather_jacket.uasset" 702
"/Users/emmanuelwestfield/Desktop/New_Level_Layout/Content/Toony_Tiny_Citizens/Meshes/Character_Parts/Females/f_body_16_leather_jacket.uexp" 703
"/Users/emmanuelwestfield/Desktop/New_Level_Layout/Content/Toony_Tiny_Citizens/Meshes/Character_Parts/Females/f_body_03_red.uasset" 704
"/Users/emmanuelwestfield/Desktop/New_Level_Layout/Content/Toony_Tiny_Citizens/Meshes/Character_Parts/Females/f_body_03_red.uexp" 705
"/Users/emmanuelwestfield/Desktop/New_Level_Layout/Content/Toony_Tiny_Citizens/Meshes/Character_Parts/Females/f_head_45_cap.uasset" 706
"/Users/emmanuelwestfield/Desktop/New_Level_Layout/Content/Toony_Tiny_Citizens/Meshes/Character_Parts/Females/f_head_45_cap.uexp" 707
"/Users/emmanuelwestfield/Desktop/New_Level_Layout/Content/Toony_Tiny_Citizens/Meshes/Character_Parts/Females/f_body_32_farmer.uasset" 708
"/Users/emmanuelwestfield/Desktop/New_Level_Layout/Content/Toony_Tiny_Citizens/Meshes/Character_Parts/Females/f_body_32_farmer.uexp" 709
"/Users/emmanuelwestfield/Desktop/New_Level_Layout/Content/Toony_Tiny_Citizens/Meshes/Character_Parts/Females/f_head_02.uasset" 710
"/Users/emmanuelwestfield/Desktop/New_Level_Layout/Content/Toony_Tiny_Citizens/Meshes/Character_Parts/Females/f_head_02.uexp" 711
"/Users/emmanuelwestfield/Desktop/New_Level_Layout/Content/Toony_Tiny_Citizens/Meshes/Character_Parts/Females/f_head_53_hat.uasset" 712
"/Users/emmanuelwestfield/Desktop/New_Level_Layout/Content/Toony_Tiny_Citizens/Meshes/Character_Parts/Females/f_head_53_hat.uexp" 713
"/Users/emmanuelwestfield/Desktop/New_Level_Layout/Content/Toony_Tiny_Citizens/Meshes/Character_Parts/Females/f_head_10.uasset" 714
"/Users/emmanuelwestfield/Desktop/New_Level_Layout/Content/Toony_Tiny_Citizens/Meshes/Character_Parts/Females/f_head_10.uexp" 715
"/Users/emmanuelwestfield/Desktop/New_Level_Layout/Content/Toony_Tiny_Citizens/Meshes/Character_Parts/Females/f_body_10_sports_yellow.uasset" 716
"/Users/emmanuelwestfield/Desktop/New_Level_Layout/Content/Toony_Tiny_Citizens/Meshes/Character_Parts/Females/f_body_10_sports_yellow.uexp" 717
"/Users/emmanuelwestfield/Desktop/New_Level_Layout/Content/Toony_Tiny_Citizens/Meshes/Character_Parts/Females/f_head_38.uasset" 718
"/Users/emmanuelwestfield/Desktop/New_Level_Layout/Content/Toony_Tiny_Citizens/Meshes/Character_Parts/Females/f_head_38.uexp" 719
"/Users/emmanuelwestfield/Desktop/New_Level_Layout/Content/Toony_Tiny_Citizens/Meshes/Character_Parts/Females/f_head_26.uasset" 720
"/Users/emmanuelwestfield/Desktop/New_Level_Layout/Content/Toony_Tiny_Citizens/Meshes/Character_Parts/Females/f_head_26.uexp" 721
"/Users/emmanuelwestfield/Desktop/New_Level_Layout/Content/Toony_Tiny_Citizens/Meshes/Character_Parts/Females/f_body_12_suit_black.uasset" 722
"/Users/emmanuelwestfield/Desktop/New_Level_Layout/Content/Toony_Tiny_Citizens/Meshes/Character_Parts/Females/f_body_12_suit_black.uexp" 723
"/Users/emmanuelwestfield/Desktop/New_Level_Layout/Content/Toony_Tiny_Citizens/Meshes/Character_Parts/Females/f_head_34.uasset" 724
"/Users/emmanuelwestfield/Desktop/New_Level_Layout/Content/Toony_Tiny_Citizens/Meshes/Character_Parts/Females/f_head_34.uexp" 725
"/Users/emmanuelwestfield/Desktop/New_Level_Layout/Content/Toony_Tiny_Citizens/Meshes/Character_Parts/Females/f_body_19_pink_dress.uasset" 726
"/Users/emmanuelwestfield/Desktop/New_Level_Layout/Content/Toony_Tiny_Citizens/Meshes/Character_Parts/Females/f_body_19_pink_dress.uexp" 727
"/Users/emmanuelwestfield/Desktop/New_Level_Layout/Content/Toony_Tiny_Citizens/Meshes/Character_Parts/Females/f_body_08_sports_blue.uasset" 728
"/Users/emmanuelwestfield/Desktop/New_Level_Layout/Content/Toony_Tiny_Citizens/Meshes/Character_Parts/Females/f_body_08_sports_blue.uexp" 729
"/Users/emmanuelwestfield/Desktop/New_Level_Layout/Content/Toony_Tiny_Citizens/Meshes/Character_Parts/Females/f_head_48_hat.uasset" 730
"/Users/emmanuelwestfield/Desktop/New_Level_Layout/Content/Toony_Tiny_Citizens/Meshes/Character_Parts/Females/f_head_48_hat.uexp" 731
"/Users/emmanuelwestfield/Desktop/New_Level_Layout/Content/Toony_Tiny_Citizens/Meshes/Character_Parts/Females/f_head_54_hat.uasset" 732
"/Users/emmanuelwestfield/Desktop/New_Level_Layout/Content/Toony_Tiny_Citizens/Meshes/Character_Parts/Females/f_head_54_hat.uexp" 733
"/Users/emmanuelwestfield/Desktop/New_Level_Layout/Content/Toony_Tiny_Citizens/Meshes/Character_Parts/Females/f_body_24_white_lingerie.uasset" 734
"/Users/emmanuelwestfield/Desktop/New_Level_Layout/Content/Toony_Tiny_Citizens/Meshes/Character_Parts/Females/f_body_24_white_lingerie.uexp" 735
"/Users/emmanuelwestfield/Desktop/New_Level_Layout/Content/Toony_Tiny_Citizens/Meshes/Character_Parts/Females/f_head_30.uasset" 736
"/Users/emmanuelwestfield/Desktop/New_Level_Layout/Content/Toony_Tiny_Citizens/Meshes/Character_Parts/Females/f_head_30.uexp" 737
"/Users/emmanuelwestfield/Desktop/New_Level_Layout/Content/Toony_Tiny_Citizens/Meshes/Character_Parts/Females/f_head_56_police.uasset" 738
"/Users/emmanuelwestfield/Desktop/New_Level_Layout/Content/Toony_Tiny_Citizens/Meshes/Character_Parts/Females/f_head_56_police.uexp" 739
"/Users/emmanuelwestfield/Desktop/New_Level_Layout/Content/Toony_Tiny_Citizens/Meshes/Character_Parts/Females/f_body_01_white.uasset" 740
"/Users/emmanuelwestfield/Desktop/New_Level_Layout/Content/Toony_Tiny_Citizens/Meshes/Character_Parts/Females/f_body_01_white.uexp" 741
"/Users/emmanuelwestfield/Desktop/New_Level_Layout/Content/Toony_Tiny_Citizens/Meshes/Character_Parts/Females/f_head_41.uasset" 742
"/Users/emmanuelwestfield/Desktop/New_Level_Layout/Content/Toony_Tiny_Citizens/Meshes/Character_Parts/Females/f_head_41.uexp" 743
"/Users/emmanuelwestfield/Desktop/New_Level_Layout/Content/Toony_Tiny_Citizens/Meshes/Character_Parts/Females/f_head_22.uasset" 744
"/Users/emmanuelwestfield/Desktop/New_Level_Layout/Content/Toony_Tiny_Citizens/Meshes/Character_Parts/Females/f_head_22.uexp" 745
"/Users/emmanuelwestfield/Desktop/New_Level_Layout/Content/Toony_Tiny_Citizens/Meshes/Character_Parts/Females/f_body_05_tanktop.uasset" 746
"/Users/emmanuelwestfield/Desktop/New_Level_Layout/Content/Toony_Tiny_Citizens/Meshes/Character_Parts/Females/f_body_05_tanktop.uexp" 747
"/Users/emmanuelwestfield/Desktop/New_Level_Layout/Content/Toony_Tiny_Citizens/Meshes/Character_Parts/Females/f_head_14.uasset" 748
"/Users/emmanuelwestfield/Desktop/New_Level_Layout/Content/Toony_Tiny_Citizens/Meshes/Character_Parts/Females/f_head_14.uexp" 749
"/Users/emmanuelwestfield/Desktop/New_Level_Layout/Content/Toony_Tiny_Citizens/Meshes/Character_Parts/Females/f_head_18.uasset" 750
"/Users/emmanuelwestfield/Desktop/New_Level_Layout/Content/Toony_Tiny_Citizens/Meshes/Character_Parts/Females/f_head_18.uexp" 751
"/Users/emmanuelwestfield/Desktop/New_Level_Layout/Content/Toony_Tiny_Citizens/Meshes/Character_Parts/Females/f_head_06.uasset" 752
"/Users/emmanuelwestfield/Desktop/New_Level_Layout/Content/Toony_Tiny_Citizens/Meshes/Character_Parts/Females/f_head_06.uexp" 753
"/Users/emmanuelwestfield/Desktop/New_Level_Layout/Content/Toony_Tiny_Citizens/Meshes/Character_Parts/Females/f_head_20.uasset" 754
"/Users/emmanuelwestfield/Desktop/New_Level_Layout/Content/Toony_Tiny_Citizens/Meshes/Character_Parts/Females/f_head_20.uexp" 755
"/Users/emmanuelwestfield/Desktop/New_Level_Layout/Content/Toony_Tiny_Citizens/Meshes/Character_Parts/Females/f_head_43.uasset" 756
"/Users/emmanuelwestfield/Desktop/New_Level_Layout/Content/Toony_Tiny_Citizens/Meshes/Character_Parts/Females/f_head_43.uexp" 757
"/Users/emmanuelwestfield/Desktop/New_Level_Layout/Content/Toony_Tiny_Citizens/Meshes/Character_Parts/Females/f_head_32.uasset" 758
"/Users/emmanuelwestfield/Desktop/New_Level_Layout/Content/Toony_Tiny_Citizens/Meshes/Character_Parts/Females/f_head_32.uexp" 759
"/Users/emmanuelwestfield/Desktop/New_Level_Layout/Content/Toony_Tiny_Citizens/Meshes/Character_Parts/Females/f_head_47_cap.uasset" 760
"/Users/emmanuelwestfield/Desktop/New_Level_Layout/Content/Toony_Tiny_Citizens/Meshes/Character_Parts/Females/f_head_47_cap.uexp" 761
"/Users/emmanuelwestfield/Desktop/New_Level_Layout/Content/Toony_Tiny_Citizens/Meshes/Character_Parts/Females/f_head_04.uasset" 762
"/Users/emmanuelwestfield/Desktop/New_Level_Layout/Content/Toony_Tiny_Citizens/Meshes/Character_Parts/Females/f_head_04.uexp" 763
"/Users/emmanuelwestfield/Desktop/New_Level_Layout/Content/Toony_Tiny_Citizens/Meshes/Character_Parts/Females/f_body_21_underwear_white.uasset" 764
"/Users/emmanuelwestfield/Desktop/New_Level_Layout/Content/Toony_Tiny_Citizens/Meshes/Character_Parts/Females/f_body_21_underwear_white.uexp" 765
"/Users/emmanuelwestfield/Desktop/New_Level_Layout/Content/Toony_Tiny_Citizens/Meshes/Character_Parts/Females/f_head_16.uasset" 766
"/Users/emmanuelwestfield/Desktop/New_Level_Layout/Content/Toony_Tiny_Citizens/Meshes/Character_Parts/Females/f_head_16.uexp" 767
"/Users/emmanuelwestfield/Desktop/New_Level_Layout/Content/Toony_Tiny_Citizens/Meshes/Character_Parts/Females/f_head_08.uasset" 768
"/Users/emmanuelwestfield/Desktop/New_Level_Layout/Content/Toony_Tiny_Citizens/Meshes/Character_Parts/Females/f_head_08.uexp" 769
"/Users/emmanuelwestfield/Desktop/New_Level_Layout/Content/Toony_Tiny_Citizens/Meshes/Character_Parts/Females/f_body_18_black_dress.uasset" 770
"/Users/emmanuelwestfield/Desktop/New_Level_Layout/Content/Toony_Tiny_Citizens/Meshes/Character_Parts/Females/f_body_18_black_dress.uexp" 771
"/Users/emmanuelwestfield/Desktop/New_Level_Layout/Content/Toony_Tiny_Citizens/Meshes/Character_Parts/Females/f_head_63_punk.uasset" 772
"/Users/emmanuelwestfield/Desktop/New_Level_Layout/Content/Toony_Tiny_Citizens/Meshes/Character_Parts/Females/f_head_63_punk.uexp" 773
"/Users/emmanuelwestfield/Desktop/New_Level_Layout/Content/Toony_Tiny_Citizens/Meshes/Character_Parts/Females/f_body_34_nurse.uasset" 774
"/Users/emmanuelwestfield/Desktop/New_Level_Layout/Content/Toony_Tiny_Citizens/Meshes/Character_Parts/Females/f_body_34_nurse.uexp" 775
"/Users/emmanuelwestfield/Desktop/New_Level_Layout/Content/Toony_Tiny_Citizens/Meshes/Character_Parts/Females/f_body_28_police.uasset" 776
"/Users/emmanuelwestfield/Desktop/New_Level_Layout/Content/Toony_Tiny_Citizens/Meshes/Character_Parts/Females/f_body_28_police.uexp" 777
"/Users/emmanuelwestfield/Desktop/New_Level_Layout/Content/Toony_Tiny_Citizens/Meshes/Character_Parts/Females/f_head_add_glasses_C.uasset" 778
"/Users/emmanuelwestfield/Desktop/New_Level_Layout/Content/Toony_Tiny_Citizens/Meshes/Character_Parts/Females/f_head_add_glasses_C.uexp" 779
"/Users/emmanuelwestfield/Desktop/New_Level_Layout/Content/Toony_Tiny_Citizens/Meshes/Character_Parts/Females/f_head_51_hat.uasset" 780
"/Users/emmanuelwestfield/Desktop/New_Level_Layout/Content/Toony_Tiny_Citizens/Meshes/Character_Parts/Females/f_head_51_hat.uexp" 781
"/Users/emmanuelwestfield/Desktop/New_Level_Layout/Content/Toony_Tiny_Citizens/Meshes/Character_Parts/Females/f_body_11_office.uasset" 782
"/Users/emmanuelwestfield/Desktop/New_Level_Layout/Content/Toony_Tiny_Citizens/Meshes/Character_Parts/Females/f_body_11_office.uexp" 783
"/Users/emmanuelwestfield/Desktop/New_Level_Layout/Content/Toony_Tiny_Citizens/Meshes/Character_Parts/Females/f_head_29.uasset" 784
"/Users/emmanuelwestfield/Desktop/New_Level_Layout/Content/Toony_Tiny_Citizens/Meshes/Character_Parts/Females/f_head_29.uexp" 785
"/Users/emmanuelwestfield/Desktop/New_Level_Layout/Content/Toony_Tiny_Citizens/Meshes/Character_Parts/Females/f_body_30_nun.uasset" 786
"/Users/emmanuelwestfield/Desktop/New_Level_Layout/Content/Toony_Tiny_Citizens/Meshes/Character_Parts/Females/f_body_30_nun.uexp" 787
"/Users/emmanuelwestfield/Desktop/New_Level_Layout/Content/Toony_Tiny_Citizens/Meshes/Character_Parts/Females/f_head_52_hat.uasset" 788
"/Users/emmanuelwestfield/Desktop/New_Level_Layout/Content/Toony_Tiny_Citizens/Meshes/Character_Parts/Females/f_head_52_hat.uexp" 789
"/Users/emmanuelwestfield/Desktop/New_Level_Layout/Content/Toony_Tiny_Citizens/Meshes/Character_Parts/Females/f_head_37.uasset" 790
"/Users/emmanuelwestfield/Desktop/New_Level_Layout/Content/Toony_Tiny_Citizens/Meshes/Character_Parts/Females/f_head_37.uexp" 791
"/Users/emmanuelwestfield/Desktop/New_Level_Layout/Content/Toony_Tiny_Citizens/Meshes/Character_Parts/Females/f_body_29_police.uasset" 792
"/Users/emmanuelwestfield/Desktop/New_Level_Layout/Content/Toony_Tiny_Citizens/Meshes/Character_Parts/Females/f_body_29_police.uexp" 793
"/Users/emmanuelwestfield/Desktop/New_Level_Layout/Content/Toony_Tiny_Citizens/Meshes/Character_Parts/Females/f_head_25.uasset" 794
"/Users/emmanuelwestfield/Desktop/New_Level_Layout/Content/Toony_Tiny_Citizens/Meshes/Character_Parts/Females/f_head_25.uexp" 795
"/Users/emmanuelwestfield/Desktop/New_Level_Layout/Content/Toony_Tiny_Citizens/Meshes/Character_Parts/Females/f_body_20_red_dress.uasset" 796
"/Users/emmanuelwestfield/Desktop/New_Level_Layout/Content/Toony_Tiny_Citizens/Meshes/Character_Parts/Females/f_body_20_red_dress.uexp" 797
"/Users/emmanuelwestfield/Desktop/New_Level_Layout/Content/Toony_Tiny_Citizens/Meshes/Character_Parts/Females/f_head_13.uasset" 798
"/Users/emmanuelwestfield/Desktop/New_Level_Layout/Content/Toony_Tiny_Citizens/Meshes/Character_Parts/Females/f_head_13.uexp" 799
"/Users/emmanuelwestfield/Desktop/New_Level_Layout/Content/Toony_Tiny_Citizens/Meshes/Character_Parts/Females/f_head_01.uasset" 800
"/Users/emmanuelwestfield/Desktop/New_Level_Layout/Content/Toony_Tiny_Citizens/Meshes/Character_Parts/Females/f_head_01.uexp" 801
"/Users/emmanuelwestfield/Desktop/New_Level_Layout/Content/Toony_Tiny_Citizens/Meshes/Character_Parts/Females/f_body_23_underwear_red.uasset" 802
"/Users/emmanuelwestfield/Desktop/New_Level_Layout/Content/Toony_Tiny_Citizens/Meshes/Character_Parts/Females/f_body_23_underwear_red.uexp" 803
"/Users/emmanuelwestfield/Desktop/New_Level_Layout/Content/Toony_Tiny_Citizens/Meshes/Character_Parts/Females/f_head_27.uasset" 804
"/Users/emmanuelwestfield/Desktop/New_Level_Layout/Content/Toony_Tiny_Citizens/Meshes/Character_Parts/Females/f_head_27.uexp" 805
"/Users/emmanuelwestfield/Desktop/New_Level_Layout/Content/Toony_Tiny_Citizens/Meshes/Character_Parts/Females/f_head_39.uasset" 806
"/Users/emmanuelwestfield/Desktop/New_Level_Layout/Content/Toony_Tiny_Citizens/Meshes/Character_Parts/Females/f_head_39.uexp" 807
"/Users/emmanuelwestfield/Desktop/New_Level_Layout/Content/Toony_Tiny_Citizens/Meshes/Character_Parts/Females/f_body_09_sports_pink.uasset" 808
"/Users/emmanuelwestfield/Desktop/New_Level_Layout/Content/Toony_Tiny_Citizens/Meshes/Character_Parts/Females/f_body_09_sports_pink.uexp" 809
"/Users/emmanuelwestfield/Desktop/New_Level_Layout/Content/Toony_Tiny_Citizens/Meshes/Character_Parts/Females/f_head_44.uasset" 810
"/Users/emmanuelwestfield/Desktop/New_Level_Layout/Content/Toony_Tiny_Citizens/Meshes/Character_Parts/Females/f_head_44.uexp" 811
"/Users/emmanuelwestfield/Desktop/New_Level_Layout/Content/Toony_Tiny_Citizens/Meshes/Character_Parts/Females/f_head_35.uasset" 812
"/Users/emmanuelwestfield/Desktop/New_Level_Layout/Content/Toony_Tiny_Citizens/Meshes/Character_Parts/Females/f_head_35.uexp" 813
"/Users/emmanuelwestfield/Desktop/New_Level_Layout/Content/Toony_Tiny_Citizens/Meshes/Character_Parts/Females/f_head_03.uasset" 814
"/Users/emmanuelwestfield/Desktop/New_Level_Layout/Content/Toony_Tiny_Citizens/Meshes/Character_Parts/Females/f_head_03.uexp" 815
"/Users/emmanuelwestfield/Desktop/New_Level_Layout/Content/Toony_Tiny_Citizens/Meshes/Character_Parts/Females/f_head_11.uasset" 816
"/Users/emmanuelwestfield/Desktop/New_Level_Layout/Content/Toony_Tiny_Citizens/Meshes/Character_Parts/Females/f_head_11.uexp" 817
"/Users/emmanuelwestfield/Desktop/New_Level_Layout/Content/Toony_Tiny_Citizens/Meshes/Character_Parts/Females/f_body_36_doctor.uasset" 818
"/Users/emmanuelwestfield/Desktop/New_Level_Layout/Content/Toony_Tiny_Citizens/Meshes/Character_Parts/Females/f_body_36_doctor.uexp" 819
"/Users/emmanuelwestfield/Desktop/New_Level_Layout/Content/Toony_Tiny_Citizens/Meshes/Character_Parts/Females/f_head_57_police.uasset" 820
"/Users/emmanuelwestfield/Desktop/New_Level_Layout/Content/Toony_Tiny_Citizens/Meshes/Character_Parts/Females/f_head_57_police.uexp" 821
"/Users/emmanuelwestfield/Desktop/New_Level_Layout/Content/Toony_Tiny_Citizens/Meshes/Character_Parts/Females/f_body_38_punk.uasset" 822
"/Users/emmanuelwestfield/Desktop/New_Level_Layout/Content/Toony_Tiny_Citizens/Meshes/Character_Parts/Females/f_body_38_punk.uexp" 823
"/Users/emmanuelwestfield/Desktop/New_Level_Layout/Content/Toony_Tiny_Citizens/Meshes/Character_Parts/Females/f_body_14_suit_pink.uasset" 824
"/Users/emmanuelwestfield/Desktop/New_Level_Layout/Content/Toony_Tiny_Citizens/Meshes/Character_Parts/Females/f_body_14_suit_pink.uexp" 825
"/Users/emmanuelwestfield/Desktop/New_Level_Layout/Content/Toony_Tiny_Citizens/Meshes/Character_Parts/Females/f_body_06_tanktop_black.uasset" 826
"/Users/emmanuelwestfield/Desktop/New_Level_Layout/Content/Toony_Tiny_Citizens/Meshes/Character_Parts/Females/f_body_06_tanktop_black.uexp" 827
"/Users/emmanuelwestfield/Desktop/New_Level_Layout/Content/Toony_Tiny_Citizens/Meshes/Character_Parts/Females/f_head_15.uasset" 828
"/Users/emmanuelwestfield/Desktop/New_Level_Layout/Content/Toony_Tiny_Citizens/Meshes/Character_Parts/Females/f_head_15.uexp" 829
"/Users/emmanuelwestfield/Desktop/New_Level_Layout/Content/Toony_Tiny_Citizens/Meshes/Character_Parts/Females/f_head_46_cap.uasset" 830
"/Users/emmanuelwestfield/Desktop/New_Level_Layout/Content/Toony_Tiny_Citizens/Meshes/Character_Parts/Females/f_head_46_cap.uexp" 831
"/Users/emmanuelwestfield/Desktop/New_Level_Layout/Content/Toony_Tiny_Citizens/Meshes/Character_Parts/Females/f_head_07.uasset" 832
"/Users/emmanuelwestfield/Desktop/New_Level_Layout/Content/Toony_Tiny_Citizens/Meshes/Character_Parts/Females/f_head_07.uexp" 833
"/Users/emmanuelwestfield/Desktop/New_Level_Layout/Content/Toony_Tiny_Citizens/Meshes/Character_Parts/Females/f_head_19.uasset" 834
"/Users/emmanuelwestfield/Desktop/New_Level_Layout/Content/Toony_Tiny_Citizens/Meshes/Character_Parts/Females/f_head_19.uexp" 835
"/Users/emmanuelwestfield/Desktop/New_Level_Layout/Content/Toony_Tiny_Citizens/Meshes/Character_Parts/Females/f_body_35_nurse_white.uasset" 836
"/Users/emmanuelwestfield/Desktop/New_Level_Layout/Content/Toony_Tiny_Citizens/Meshes/Character_Parts/Females/f_body_35_nurse_white.uexp" 837
"/Users/emmanuelwestfield/Desktop/New_Level_Layout/Content/Toony_Tiny_Citizens/Meshes/Character_Parts/Females/f_head_58_pilot.uasset" 838
"/Users/emmanuelwestfield/Desktop/New_Level_Layout/Content/Toony_Tiny_Citizens/Meshes/Character_Parts/Females/f_head_58_pilot.uexp" 839
"/Users/emmanuelwestfield/Desktop/New_Level_Layout/Content/Toony_Tiny_Citizens/Meshes/Character_Parts/Females/f_head_64_nurse.uasset" 840
"/Users/emmanuelwestfield/Desktop/New_Level_Layout/Content/Toony_Tiny_Citizens/Meshes/Character_Parts/Females/f_head_64_nurse.uexp" 841
"/Users/emmanuelwestfield/Desktop/New_Level_Layout/Content/Toony_Tiny_Citizens/Meshes/Character_Parts/Females/f_head_31.uasset" 842
"/Users/emmanuelwestfield/Desktop/New_Level_Layout/Content/Toony_Tiny_Citizens/Meshes/Character_Parts/Females/f_head_31.uexp" 843
"/Users/emmanuelwestfield/Desktop/New_Level_Layout/Content/Toony_Tiny_Citizens/Meshes/Character_Parts/Females/f_body_07_sports_skirt.uasset" 844
"/Users/emmanuelwestfield/Desktop/New_Level_Layout/Content/Toony_Tiny_Citizens/Meshes/Character_Parts/Females/f_body_07_sports_skirt.uexp" 845
"/Users/emmanuelwestfield/Desktop/New_Level_Layout/Content/Toony_Tiny_Citizens/Meshes/Character_Parts/Females/f_head_62_punk.uasset" 846
"/Users/emmanuelwestfield/Desktop/New_Level_Layout/Content/Toony_Tiny_Citizens/Meshes/Character_Parts/Females/f_head_62_punk.uexp" 847
"/Users/emmanuelwestfield/Desktop/New_Level_Layout/Content/Toony_Tiny_Citizens/Meshes/Character_Parts/Females/f_body_22_underwear_black.uasset" 848
"/Users/emmanuelwestfield/Desktop/New_Level_Layout/Content/Toony_Tiny_Citizens/Meshes/Character_Parts/Females/f_body_22_underwear_black.uexp" 849
"/Users/emmanuelwestfield/Desktop/New_Level_Layout/Content/Toony_Tiny_Citizens/Meshes/Character_Parts/Females/f_head_23.uasset" 850
"/Users/emmanuelwestfield/Desktop/New_Level_Layout/Content/Toony_Tiny_Citizens/Meshes/Character_Parts/Females/f_head_23.uexp" 851
"/Users/emmanuelwestfield/Desktop/New_Level_Layout/Content/Toony_Tiny_Citizens/Meshes/Character_Parts/Females/f_head_40.uasset" 852
"/Users/emmanuelwestfield/Desktop/New_Level_Layout/Content/Toony_Tiny_Citizens/Meshes/Character_Parts/Females/f_head_40.uexp" 853
"/Users/emmanuelwestfield/Desktop/New_Level_Layout/Content/Toony_Tiny_Citizens/Meshes/Character_Parts/Females/f_head_59_punk.uasset" 854
"/Users/emmanuelwestfield/Desktop/New_Level_Layout/Content/Toony_Tiny_Citizens/Meshes/Character_Parts/Females/f_head_59_punk.uexp" 855
"/Users/emmanuelwestfield/Desktop/New_Level_Layout/Content/Toony_Tiny_Citizens/Meshes/Character_Parts/Females/f_head_50_hat.uasset" 856
"/Users/emmanuelwestfield/Desktop/New_Level_Layout/Content/Toony_Tiny_Citizens/Meshes/Character_Parts/Females/f_head_50_hat.uexp" 857
"/Users/emmanuelwestfield/Desktop/New_Level_Layout/Content/Toony_Tiny_Citizens/Meshes/Character_Parts/Females/f_body_33_farmer.uasset" 858
"/Users/emmanuelwestfield/Desktop/New_Level_Layout/Content/Toony_Tiny_Citizens/Meshes/Character_Parts/Females/f_body_33_farmer.uexp" 859
"/Users/emmanuelwestfield/Desktop/New_Level_Layout/Content/Toony_Tiny_Citizens/Meshes/Character_Parts/Females/f_head_65_nurse.uasset" 860
"/Users/emmanuelwestfield/Desktop/New_Level_Layout/Content/Toony_Tiny_Citizens/Meshes/Character_Parts/Females/f_head_65_nurse.uexp" 861
"/Users/emmanuelwestfield/Desktop/New_Level_Layout/Content/Toony_Tiny_Citizens/Meshes/Character_Parts/Females/f_body_15_black_jacket.uasset" 862
"/Users/emmanuelwestfield/Desktop/New_Level_Layout/Content/Toony_Tiny_Citizens/Meshes/Character_Parts/Females/f_body_15_black_jacket.uexp" 863
"/Users/emmanuelwestfield/Desktop/New_Level_Layout/Content/Toony_Tiny_Citizens/Meshes/Character_Parts/Females/f_body_27_police.uasset" 864
"/Users/emmanuelwestfield/Desktop/New_Level_Layout/Content/Toony_Tiny_Citizens/Meshes/Character_Parts/Females/f_body_27_police.uexp" 865
"/Users/emmanuelwestfield/Desktop/New_Level_Layout/Content/Toony_Tiny_Citizens/Meshes/Character_Parts/Females/f_head_49_hat.uasset" 866
"/Users/emmanuelwestfield/Desktop/New_Level_Layout/Content/Toony_Tiny_Citizens/Meshes/Character_Parts/Females/f_head_49_hat.uexp" 867
"/Users/emmanuelwestfield/Desktop/New_Level_Layout/Content/Toony_Tiny_Citizens/Meshes/Character_Parts/Females/f_body_37_punk.uasset" 868
"/Users/emmanuelwestfield/Desktop/New_Level_Layout/Content/Toony_Tiny_Citizens/Meshes/Character_Parts/Females/f_body_37_punk.uexp" 869
"/Users/emmanuelwestfield/Desktop/New_Level_Layout/Content/Toony_Tiny_Citizens/Meshes/Character_Parts/Females/f_head_add_glasses_B.uasset" 870
"/Users/emmanuelwestfield/Desktop/New_Level_Layout/Content/Toony_Tiny_Citizens/Meshes/Character_Parts/Females/f_head_add_glasses_B.uexp" 871
"/Users/emmanuelwestfield/Desktop/New_Level_Layout/Content/Toony_Tiny_Citizens/Meshes/Character_Parts/Females/f_head_55_hat.uasset" 872
"/Users/emmanuelwestfield/Desktop/New_Level_Layout/Content/Toony_Tiny_Citizens/Meshes/Character_Parts/Females/f_head_55_hat.uexp" 873
"/Users/emmanuelwestfield/Desktop/New_Level_Layout/Content/Toony_Tiny_Citizens/Meshes/Character_Parts/Females/f_head_05.uasset" 874
"/Users/emmanuelwestfield/Desktop/New_Level_Layout/Content/Toony_Tiny_Citizens/Meshes/Character_Parts/Females/f_head_05.uexp" 875
"/Users/emmanuelwestfield/Desktop/New_Level_Layout/Content/Toony_Tiny_Citizens/Meshes/Character_Parts/Females/f_head_09.uasset" 876
"/Users/emmanuelwestfield/Desktop/New_Level_Layout/Content/Toony_Tiny_Citizens/Meshes/Character_Parts/Females/f_head_09.uexp" 877
"/Users/emmanuelwestfield/Desktop/New_Level_Layout/Content/Toony_Tiny_Citizens/Meshes/Character_Parts/Females/f_head_17.uasset" 878
"/Users/emmanuelwestfield/Desktop/New_Level_Layout/Content/Toony_Tiny_Citizens/Meshes/Character_Parts/Females/f_head_17.uexp" 879
"/Users/emmanuelwestfield/Desktop/New_Level_Layout/Content/Toony_Tiny_Citizens/Meshes/Character_Parts/Females/f_head_42.uasset" 880
"/Users/emmanuelwestfield/Desktop/New_Level_Layout/Content/Toony_Tiny_Citizens/Meshes/Character_Parts/Females/f_head_42.uexp" 881
"/Users/emmanuelwestfield/Desktop/New_Level_Layout/Content/Toony_Tiny_Citizens/Meshes/Character_Parts/Females/f_head_21.uasset" 882
"/Users/emmanuelwestfield/Desktop/New_Level_Layout/Content/Toony_Tiny_Citizens/Meshes/Character_Parts/Females/f_head_21.uexp" 883
"/Users/emmanuelwestfield/Desktop/New_Level_Layout/Content/Toony_Tiny_Citizens/Meshes/Character_Parts/Females/f_head_33.uasset" 884
"/Users/emmanuelwestfield/Desktop/New_Level_Layout/Content/Toony_Tiny_Citizens/Meshes/Character_Parts/Females/f_head_33.uexp" 885
"/Users/emmanuelwestfield/Desktop/New_Level_Layout/Content/Toony_Tiny_Citizens/Meshes/Male_Skeleton.uasset" 886
"/Users/emmanuelwestfield/Desktop/New_Level_Layout/Content/Toony_Tiny_Citizens/Meshes/Male_Skeleton.uexp" 887
"/Users/emmanuelwestfield/Desktop/New_Level_Layout/Content/Toony_Tiny_Citizens/Meshes/Character_Parts/Males/m_head_58_farmer_E.uasset" 888
"/Users/emmanuelwestfield/Desktop/New_Level_Layout/Content/Toony_Tiny_Citizens/Meshes/Character_Parts/Males/m_head_58_farmer_E.uexp" 889
"/Users/emmanuelwestfield/Desktop/New_Level_Layout/Content/Toony_Tiny_Citizens/Meshes/Character_Parts/Males/m_head_30_cap_C.uasset" 890
"/Users/emmanuelwestfield/Desktop/New_Level_Layout/Content/Toony_Tiny_Citizens/Meshes/Character_Parts/Males/m_head_30_cap_C.uexp" 891
"/Users/emmanuelwestfield/Desktop/New_Level_Layout/Content/Toony_Tiny_Citizens/Meshes/Character_Parts/Males/m_head_36_hat_A.uasset" 892
"/Users/emmanuelwestfield/Desktop/New_Level_Layout/Content/Toony_Tiny_Citizens/Meshes/Character_Parts/Males/m_head_36_hat_A.uexp" 893
"/Users/emmanuelwestfield/Desktop/New_Level_Layout/Content/Toony_Tiny_Citizens/Meshes/Character_Parts/Males/m_Body_17_yellowTshirt.uasset" 894
"/Users/emmanuelwestfield/Desktop/New_Level_Layout/Content/Toony_Tiny_Citizens/Meshes/Character_Parts/Males/m_Body_17_yellowTshirt.uexp" 895
"/Users/emmanuelwestfield/Desktop/New_Level_Layout/Content/Toony_Tiny_Citizens/Meshes/Character_Parts/Males/m_head_18_longhair_C.uasset" 896
"/Users/emmanuelwestfield/Desktop/New_Level_Layout/Content/Toony_Tiny_Citizens/Meshes/Character_Parts/Males/m_head_18_longhair_C.uexp" 897
"/Users/emmanuelwestfield/Desktop/New_Level_Layout/Content/Toony_Tiny_Citizens/Meshes/Character_Parts/Males/m_Body_39_farmer_C.uasset" 898
"/Users/emmanuelwestfield/Desktop/New_Level_Layout/Content/Toony_Tiny_Citizens/Meshes/Character_Parts/Males/m_Body_39_farmer_C.uexp" 899
"/Users/emmanuelwestfield/Desktop/New_Level_Layout/Content/Toony_Tiny_Citizens/Meshes/Character_Parts/Males/m_head_55_farmer_B.uasset" 900
"/Users/emmanuelwestfield/Desktop/New_Level_Layout/Content/Toony_Tiny_Citizens/Meshes/Character_Parts/Males/m_head_55_farmer_B.uexp" 901
"/Users/emmanuelwestfield/Desktop/New_Level_Layout/Content/Toony_Tiny_Citizens/Meshes/Character_Parts/Males/m_head_17_longhair_B.uasset" 902
"/Users/emmanuelwestfield/Desktop/New_Level_Layout/Content/Toony_Tiny_Citizens/Meshes/Character_Parts/Males/m_head_17_longhair_B.uexp" 903
"/Users/emmanuelwestfield/Desktop/New_Level_Layout/Content/Toony_Tiny_Citizens/Meshes/Character_Parts/Males/m_Body_10_greysuit.uasset" 904
"/Users/emmanuelwestfield/Desktop/New_Level_Layout/Content/Toony_Tiny_Citizens/Meshes/Character_Parts/Males/m_Body_10_greysuit.uexp" 905
"/Users/emmanuelwestfield/Desktop/New_Level_Layout/Content/Toony_Tiny_Citizens/Meshes/Character_Parts/Males/m_Body_49_pilot.uasset" 906
"/Users/emmanuelwestfield/Desktop/New_Level_Layout/Content/Toony_Tiny_Citizens/Meshes/Character_Parts/Males/m_Body_49_pilot.uexp" 907
"/Users/emmanuelwestfield/Desktop/New_Level_Layout/Content/Toony_Tiny_Citizens/Meshes/Character_Parts/Males/m_head_14.uasset" 908
"/Users/emmanuelwestfield/Desktop/New_Level_Layout/Content/Toony_Tiny_Citizens/Meshes/Character_Parts/Males/m_head_14.uexp" 909
"/Users/emmanuelwestfield/Desktop/New_Level_Layout/Content/Toony_Tiny_Citizens/Meshes/Character_Parts/Males/m_Body_20_stripes.uasset" 910
"/Users/emmanuelwestfield/Desktop/New_Level_Layout/Content/Toony_Tiny_Citizens/Meshes/Character_Parts/Males/m_Body_20_stripes.uexp" 911
"/Users/emmanuelwestfield/Desktop/New_Level_Layout/Content/Toony_Tiny_Citizens/Meshes/Character_Parts/Males/m_head_48_police_C.uasset" 912
"/Users/emmanuelwestfield/Desktop/New_Level_Layout/Content/Toony_Tiny_Citizens/Meshes/Character_Parts/Males/m_head_48_police_C.uexp" 913
"/Users/emmanuelwestfield/Desktop/New_Level_Layout/Content/Toony_Tiny_Citizens/Meshes/Character_Parts/Males/m_head_45_cowboyhat_B.uasset" 914
"/Users/emmanuelwestfield/Desktop/New_Level_Layout/Content/Toony_Tiny_Citizens/Meshes/Character_Parts/Males/m_head_45_cowboyhat_B.uexp" 915
"/Users/emmanuelwestfield/Desktop/New_Level_Layout/Content/Toony_Tiny_Citizens/Meshes/Character_Parts/Males/m_head_06.uasset" 916
"/Users/emmanuelwestfield/Desktop/New_Level_Layout/Content/Toony_Tiny_Citizens/Meshes/Character_Parts/Males/m_head_06.uexp" 917
"/Users/emmanuelwestfield/Desktop/New_Level_Layout/Content/Toony_Tiny_Citizens/Meshes/Character_Parts/Males/m_Body_05_tanktop.uasset" 918
"/Users/emmanuelwestfield/Desktop/New_Level_Layout/Content/Toony_Tiny_Citizens/Meshes/Character_Parts/Males/m_Body_05_tanktop.uexp" 919
"/Users/emmanuelwestfield/Desktop/New_Level_Layout/Content/Toony_Tiny_Citizens/Meshes/Character_Parts/Males/m_head_56_farmer_C.uasset" 920
"/Users/emmanuelwestfield/Desktop/New_Level_Layout/Content/Toony_Tiny_Citizens/Meshes/Character_Parts/Males/m_head_56_farmer_C.uexp" 921
"/Users/emmanuelwestfield/Desktop/New_Level_Layout/Content/Toony_Tiny_Citizens/Meshes/Character_Parts/Males/m_head_27_senior_D.uasset" 922
"/Users/emmanuelwestfield/Desktop/New_Level_Layout/Content/Toony_Tiny_Citizens/Meshes/Character_Parts/Males/m_head_27_senior_D.uexp" 923
"/Users/emmanuelwestfield/Desktop/New_Level_Layout/Content/Toony_Tiny_Citizens/Meshes/Character_Parts/Males/m_Body_16_whiteTshirt.uasset" 924
"/Users/emmanuelwestfield/Desktop/New_Level_Layout/Content/Toony_Tiny_Citizens/Meshes/Character_Parts/Males/m_Body_16_whiteTshirt.uexp" 925
"/Users/emmanuelwestfield/Desktop/New_Level_Layout/Content/Toony_Tiny_Citizens/Meshes/Character_Parts/Males/m_Body_36_butcher.uasset" 926
"/Users/emmanuelwestfield/Desktop/New_Level_Layout/Content/Toony_Tiny_Citizens/Meshes/Character_Parts/Males/m_Body_36_butcher.uexp" 927
"/Users/emmanuelwestfield/Desktop/New_Level_Layout/Content/Toony_Tiny_Citizens/Meshes/Character_Parts/Males/m_head_04.uasset" 928
"/Users/emmanuelwestfield/Desktop/New_Level_Layout/Content/Toony_Tiny_Citizens/Meshes/Character_Parts/Males/m_head_04.uexp" 929
"/Users/emmanuelwestfield/Desktop/New_Level_Layout/Content/Toony_Tiny_Citizens/Meshes/Character_Parts/Males/m_head_43_hat_H.uasset" 930
"/Users/emmanuelwestfield/Desktop/New_Level_Layout/Content/Toony_Tiny_Citizens/Meshes/Character_Parts/Males/m_head_43_hat_H.uexp" 931
"/Users/emmanuelwestfield/Desktop/New_Level_Layout/Content/Toony_Tiny_Citizens/Meshes/Character_Parts/Males/m_head_51_pilot_B.uasset" 932
"/Users/emmanuelwestfield/Desktop/New_Level_Layout/Content/Toony_Tiny_Citizens/Meshes/Character_Parts/Males/m_head_51_pilot_B.uexp" 933
"/Users/emmanuelwestfield/Desktop/New_Level_Layout/Content/Toony_Tiny_Citizens/Meshes/Character_Parts/Males/m_head_34_beret_B.uasset" 934
"/Users/emmanuelwestfield/Desktop/New_Level_Layout/Content/Toony_Tiny_Citizens/Meshes/Character_Parts/Males/m_head_34_beret_B.uexp" 935
"/Users/emmanuelwestfield/Desktop/New_Level_Layout/Content/Toony_Tiny_Citizens/Meshes/Character_Parts/Males/m_Body_14_blacksuit.uasset" 936
"/Users/emmanuelwestfield/Desktop/New_Level_Layout/Content/Toony_Tiny_Citizens/Meshes/Character_Parts/Males/m_Body_14_blacksuit.uexp" 937
"/Users/emmanuelwestfield/Desktop/New_Level_Layout/Content/Toony_Tiny_Citizens/Meshes/Character_Parts/Males/m_head_08.uasset" 938
"/Users/emmanuelwestfield/Desktop/New_Level_Layout/Content/Toony_Tiny_Citizens/Meshes/Character_Parts/Males/m_head_08.uexp" 939
"/Users/emmanuelwestfield/Desktop/New_Level_Layout/Content/Toony_Tiny_Citizens/Meshes/Character_Parts/Males/m_Body_31_punk_B.uasset" 940
"/Users/emmanuelwestfield/Desktop/New_Level_Layout/Content/Toony_Tiny_Citizens/Meshes/Character_Parts/Males/m_Body_31_punk_B.uexp" 941
"/Users/emmanuelwestfield/Desktop/New_Level_Layout/Content/Toony_Tiny_Citizens/Meshes/Character_Parts/Males/m_Body_02_blackTshirt.uasset" 942
"/Users/emmanuelwestfield/Desktop/New_Level_Layout/Content/Toony_Tiny_Citizens/Meshes/Character_Parts/Males/m_Body_02_blackTshirt.uexp" 943
"/Users/emmanuelwestfield/Desktop/New_Level_Layout/Content/Toony_Tiny_Citizens/Meshes/Character_Parts/Males/m_Body_04_shirt.uasset" 944
"/Users/emmanuelwestfield/Desktop/New_Level_Layout/Content/Toony_Tiny_Citizens/Meshes/Character_Parts/Males/m_Body_04_shirt.uexp" 945
"/Users/emmanuelwestfield/Desktop/New_Level_Layout/Content/Toony_Tiny_Citizens/Meshes/Character_Parts/Males/m_Body_15_tuxedo.uasset" 946
"/Users/emmanuelwestfield/Desktop/New_Level_Layout/Content/Toony_Tiny_Citizens/Meshes/Character_Parts/Males/m_Body_15_tuxedo.uexp" 947
"/Users/emmanuelwestfield/Desktop/New_Level_Layout/Content/Toony_Tiny_Citizens/Meshes/Character_Parts/Males/m_head_53_worker_B.uasset" 948
"/Users/emmanuelwestfield/Desktop/New_Level_Layout/Content/Toony_Tiny_Citizens/Meshes/Character_Parts/Males/m_head_53_worker_B.uexp" 949
"/Users/emmanuelwestfield/Desktop/New_Level_Layout/Content/Toony_Tiny_Citizens/Meshes/Character_Parts/Males/m_Body_23_swimsuit.uasset" 950
"/Users/emmanuelwestfield/Desktop/New_Level_Layout/Content/Toony_Tiny_Citizens/Meshes/Character_Parts/Males/m_Body_23_swimsuit.uexp" 951
"/Users/emmanuelwestfield/Desktop/New_Level_Layout/Content/Toony_Tiny_Citizens/Meshes/Character_Parts/Males/m_Body_18_pinkpolo.uasset" 952
"/Users/emmanuelwestfield/Desktop/New_Level_Layout/Content/Toony_Tiny_Citizens/Meshes/Character_Parts/Males/m_Body_18_pinkpolo.uexp" 953
"/Users/emmanuelwestfield/Desktop/New_Level_Layout/Content/Toony_Tiny_Citizens/Meshes/Character_Parts/Males/m_head_28_cap_A.uasset" 954
"/Users/emmanuelwestfield/Desktop/New_Level_Layout/Content/Toony_Tiny_Citizens/Meshes/Character_Parts/Males/m_head_28_cap_A.uexp" 955
"/Users/emmanuelwestfield/Desktop/New_Level_Layout/Content/Toony_Tiny_Citizens/Meshes/Character_Parts/Males/m_head_12.uasset" 956
"/Users/emmanuelwestfield/Desktop/New_Level_Layout/Content/Toony_Tiny_Citizens/Meshes/Character_Parts/Males/m_head_12.uexp" 957
"/Users/emmanuelwestfield/Desktop/New_Level_Layout/Content/Toony_Tiny_Citizens/Meshes/Character_Parts/Males/m_Body_45_sailor.uasset" 958
"/Users/emmanuelwestfield/Desktop/New_Level_Layout/Content/Toony_Tiny_Citizens/Meshes/Character_Parts/Males/m_Body_45_sailor.uexp" 959
"/Users/emmanuelwestfield/Desktop/New_Level_Layout/Content/Toony_Tiny_Citizens/Meshes/Character_Parts/Males/m_Body_37_farmer_A.uasset" 960
"/Users/emmanuelwestfield/Desktop/New_Level_Layout/Content/Toony_Tiny_Citizens/Meshes/Character_Parts/Males/m_Body_37_farmer_A.uexp" 961
"/Users/emmanuelwestfield/Desktop/New_Level_Layout/Content/Toony_Tiny_Citizens/Meshes/Character_Parts/Males/m_head_00.uasset" 962
"/Users/emmanuelwestfield/Desktop/New_Level_Layout/Content/Toony_Tiny_Citizens/Meshes/Character_Parts/Males/m_head_00.uexp" 963
"/Users/emmanuelwestfield/Desktop/New_Level_Layout/Content/Toony_Tiny_Citizens/Meshes/Character_Parts/Males/m_Body_41_police_B.uasset" 964
"/Users/emmanuelwestfield/Desktop/New_Level_Layout/Content/Toony_Tiny_Citizens/Meshes/Character_Parts/Males/m_Body_41_police_B.uexp" 965
"/Users/emmanuelwestfield/Desktop/New_Level_Layout/Content/Toony_Tiny_Citizens/Meshes/Character_Parts/Males/m_Body_35_rocker_B.uasset" 966
"/Users/emmanuelwestfield/Desktop/New_Level_Layout/Content/Toony_Tiny_Citizens/Meshes/Character_Parts/Males/m_Body_35_rocker_B.uexp" 967
"/Users/emmanuelwestfield/Desktop/New_Level_Layout/Content/Toony_Tiny_Citizens/Meshes/Character_Parts/Males/m_Body_48_nurse.uasset" 968
"/Users/emmanuelwestfield/Desktop/New_Level_Layout/Content/Toony_Tiny_Citizens/Meshes/Character_Parts/Males/m_Body_48_nurse.uexp" 969
"/Users/emmanuelwestfield/Desktop/New_Level_Layout/Content/Toony_Tiny_Citizens/Meshes/Character_Parts/Males/m_head_46_police_A.uasset" 970
"/Users/emmanuelwestfield/Desktop/New_Level_Layout/Content/Toony_Tiny_Citizens/Meshes/Character_Parts/Males/m_head_46_police_A.uexp" 971
"/Users/emmanuelwestfield/Desktop/New_Level_Layout/Content/Toony_Tiny_Citizens/Meshes/Character_Parts/Males/m_head_65_punk_D.uasset" 972
"/Users/emmanuelwestfield/Desktop/New_Level_Layout/Content/Toony_Tiny_Citizens/Meshes/Character_Parts/Males/m_head_65_punk_D.uexp" 973
"/Users/emmanuelwestfield/Desktop/New_Level_Layout/Content/Toony_Tiny_Citizens/Meshes/Character_Parts/Males/m_head_44_cowboyhat_A.uasset" 974
"/Users/emmanuelwestfield/Desktop/New_Level_Layout/Content/Toony_Tiny_Citizens/Meshes/Character_Parts/Males/m_head_44_cowboyhat_A.uexp" 975
"/Users/emmanuelwestfield/Desktop/New_Level_Layout/Content/Toony_Tiny_Citizens/Meshes/Character_Parts/Males/m_Body_03_redshirt.uasset" 976
"/Users/emmanuelwestfield/Desktop/New_Level_Layout/Content/Toony_Tiny_Citizens/Meshes/Character_Parts/Males/m_Body_03_redshirt.uexp" 977
"/Users/emmanuelwestfield/Desktop/New_Level_Layout/Content/Toony_Tiny_Citizens/Meshes/Character_Parts/Males/m_Body_44_police_E.uasset" 978
"/Users/emmanuelwestfield/Desktop/New_Level_Layout/Content/Toony_Tiny_Citizens/Meshes/Character_Parts/Males/m_Body_44_police_E.uexp" 979
"/Users/emmanuelwestfield/Desktop/New_Level_Layout/Content/Toony_Tiny_Citizens/Meshes/Character_Parts/Males/m_Body_42_police_C.uasset" 980
"/Users/emmanuelwestfield/Desktop/New_Level_Layout/Content/Toony_Tiny_Citizens/Meshes/Character_Parts/Males/m_Body_42_police_C.uexp" 981
"/Users/emmanuelwestfield/Desktop/New_Level_Layout/Content/Toony_Tiny_Citizens/Meshes/Character_Parts/Males/m_Body_30_punk_A.uasset" 982
"/Users/emmanuelwestfield/Desktop/New_Level_Layout/Content/Toony_Tiny_Citizens/Meshes/Character_Parts/Males/m_Body_30_punk_A.uexp" 983
"/Users/emmanuelwestfield/Desktop/New_Level_Layout/Content/Toony_Tiny_Citizens/Meshes/Character_Parts/Males/m_Body_28_worker_A.uasset" 984
"/Users/emmanuelwestfield/Desktop/New_Level_Layout/Content/Toony_Tiny_Citizens/Meshes/Character_Parts/Males/m_Body_28_worker_A.uexp" 985
"/Users/emmanuelwestfield/Desktop/New_Level_Layout/Content/Toony_Tiny_Citizens/Meshes/Character_Parts/Males/m_head_39_hat_D.uasset" 986
"/Users/emmanuelwestfield/Desktop/New_Level_Layout/Content/Toony_Tiny_Citizens/Meshes/Character_Parts/Males/m_head_39_hat_D.uexp" 987
"/Users/emmanuelwestfield/Desktop/New_Level_Layout/Content/Toony_Tiny_Citizens/Meshes/Character_Parts/Males/m_head_21_afro_A.uasset" 988
"/Users/emmanuelwestfield/Desktop/New_Level_Layout/Content/Toony_Tiny_Citizens/Meshes/Character_Parts/Males/m_head_21_afro_A.uexp" 989
"/Users/emmanuelwestfield/Desktop/New_Level_Layout/Content/Toony_Tiny_Citizens/Meshes/Character_Parts/Males/m_Body_06_tanktop.uasset" 990
"/Users/emmanuelwestfield/Desktop/New_Level_Layout/Content/Toony_Tiny_Citizens/Meshes/Character_Parts/Males/m_Body_06_tanktop.uexp" 991
"/Users/emmanuelwestfield/Desktop/New_Level_Layout/Content/Toony_Tiny_Citizens/Meshes/Character_Parts/Males/m_head_02.uasset" 992
"/Users/emmanuelwestfield/Desktop/New_Level_Layout/Content/Toony_Tiny_Citizens/Meshes/Character_Parts/Males/m_head_02.uexp" 993
"/Users/emmanuelwestfield/Desktop/New_Level_Layout/Content/Toony_Tiny_Citizens/Meshes/Character_Parts/Males/m_head_61_sailor.uasset" 994
"/Users/emmanuelwestfield/Desktop/New_Level_Layout/Content/Toony_Tiny_Citizens/Meshes/Character_Parts/Males/m_head_61_sailor.uexp" 995
"/Users/emmanuelwestfield/Desktop/New_Level_Layout/Content/Toony_Tiny_Citizens/Meshes/Character_Parts/Males/m_head_10.uasset" 996
"/Users/emmanuelwestfield/Desktop/New_Level_Layout/Content/Toony_Tiny_Citizens/Meshes/Character_Parts/Males/m_head_10.uexp" 997
"/Users/emmanuelwestfield/Desktop/New_Level_Layout/Content/Toony_Tiny_Citizens/Meshes/Character_Parts/Males/m_head_64_punk_C.uasset" 998
"/Users/emmanuelwestfield/Desktop/New_Level_Layout/Content/Toony_Tiny_Citizens/Meshes/Character_Parts/Males/m_head_64_punk_C.uexp" 999
"/Users/emmanuelwestfield/Desktop/New_Level_Layout/Content/Toony_Tiny_Citizens/Meshes/Character_Parts/Males/m_head_40_hat_E.uasset" 1000
"/Users/emmanuelwestfield/Desktop/New_Level_Layout/Content/Toony_Tiny_Citizens/Meshes/Character_Parts/Males/m_head_40_hat_E.uexp" 1001
"/Users/emmanuelwestfield/Desktop/New_Level_Layout/Content/Toony_Tiny_Citizens/Meshes/Character_Parts/Males/m_head_24_senior_A.uasset" 1002
"/Users/emmanuelwestfield/Desktop/New_Level_Layout/Content/Toony_Tiny_Citizens/Meshes/Character_Parts/Males/m_head_24_senior_A.uexp" 1003
"/Users/emmanuelwestfield/Desktop/New_Level_Layout/Content/Toony_Tiny_Citizens/Meshes/Character_Parts/Males/m_head_57_farmer_D.uasset" 1004
"/Users/emmanuelwestfield/Desktop/New_Level_Layout/Content/Toony_Tiny_Citizens/Meshes/Character_Parts/Males/m_head_57_farmer_D.uexp" 1005
"/Users/emmanuelwestfield/Desktop/New_Level_Layout/Content/Toony_Tiny_Citizens/Meshes/Character_Parts/Males/m_head_37_hat_B.uasset" 1006
"/Users/emmanuelwestfield/Desktop/New_Level_Layout/Content/Toony_Tiny_Citizens/Meshes/Character_Parts/Males/m_head_37_hat_B.uexp" 1007
"/Users/emmanuelwestfield/Desktop/New_Level_Layout/Content/Toony_Tiny_Citizens/Meshes/Character_Parts/Males/m_head_26_senior_C.uasset" 1008
"/Users/emmanuelwestfield/Desktop/New_Level_Layout/Content/Toony_Tiny_Citizens/Meshes/Character_Parts/Males/m_head_26_senior_C.uexp" 1009
"/Users/emmanuelwestfield/Desktop/New_Level_Layout/Content/Toony_Tiny_Citizens/Meshes/Character_Parts/Males/m_head_23_afro_C.uasset" 1010
"/Users/emmanuelwestfield/Desktop/New_Level_Layout/Content/Toony_Tiny_Citizens/Meshes/Character_Parts/Males/m_head_23_afro_C.uexp" 1011
"/Users/emmanuelwestfield/Desktop/New_Level_Layout/Content/Toony_Tiny_Citizens/Meshes/Character_Parts/Males/m_head_38_hat_C.uasset" 1012
"/Users/emmanuelwestfield/Desktop/New_Level_Layout/Content/Toony_Tiny_Citizens/Meshes/Character_Parts/Males/m_head_38_hat_C.uexp" 1013
"/Users/emmanuelwestfield/Desktop/New_Level_Layout/Content/Toony_Tiny_Citizens/Meshes/Character_Parts/Males/m_head_07.uasset" 1014
"/Users/emmanuelwestfield/Desktop/New_Level_Layout/Content/Toony_Tiny_Citizens/Meshes/Character_Parts/Males/m_head_07.uexp" 1015
"/Users/emmanuelwestfield/Desktop/New_Level_Layout/Content/Toony_Tiny_Citizens/Meshes/Character_Parts/Males/m_Body_32_punk_C.uasset" 1016
"/Users/emmanuelwestfield/Desktop/New_Level_Layout/Content/Toony_Tiny_Citizens/Meshes/Character_Parts/Males/m_Body_32_punk_C.uexp" 1017
"/Users/emmanuelwestfield/Desktop/New_Level_Layout/Content/Toony_Tiny_Citizens/Meshes/Character_Parts/Males/m_Body_11_brownsuit.uasset" 1018
"/Users/emmanuelwestfield/Desktop/New_Level_Layout/Content/Toony_Tiny_Citizens/Meshes/Character_Parts/Males/m_Body_11_brownsuit.uexp" 1019
"/Users/emmanuelwestfield/Desktop/New_Level_Layout/Content/Toony_Tiny_Citizens/Meshes/Character_Parts/Males/m_head_35_beret_C.uasset" 1020
"/Users/emmanuelwestfield/Desktop/New_Level_Layout/Content/Toony_Tiny_Citizens/Meshes/Character_Parts/Males/m_head_35_beret_C.uexp" 1021
"/Users/emmanuelwestfield/Desktop/New_Level_Layout/Content/Toony_Tiny_Citizens/Meshes/Character_Parts/Males/m_Body_12_whitesuit.uasset" 1022
"/Users/emmanuelwestfield/Desktop/New_Level_Layout/Content/Toony_Tiny_Citizens/Meshes/Character_Parts/Males/m_Body_12_whitesuit.uexp" 1023
"/Users/emmanuelwestfield/Desktop/New_Level_Layout/Content/Toony_Tiny_Citizens/Meshes/Character_Parts/Males/m_head_60_butcher.uasset" 1024
"/Users/emmanuelwestfield/Desktop/New_Level_Layout/Content/Toony_Tiny_Citizens/Meshes/Character_Parts/Males/m_head_60_butcher.uexp" 1025
"/Users/emmanuelwestfield/Desktop/New_Level_Layout/Content/Toony_Tiny_Citizens/Meshes/Character_Parts/Males/m_Body_26_bandit.uasset" 1026
"/Users/emmanuelwestfield/Desktop/New_Level_Layout/Content/Toony_Tiny_Citizens/Meshes/Character_Parts/Males/m_Body_26_bandit.uexp" 1027
"/Users/emmanuelwestfield/Desktop/New_Level_Layout/Content/Toony_Tiny_Citizens/Meshes/Character_Parts/Males/m_head_33_beret_A.uasset" 1028
"/Users/emmanuelwestfield/Desktop/New_Level_Layout/Content/Toony_Tiny_Citizens/Meshes/Character_Parts/Males/m_head_33_beret_A.uexp" 1029
"/Users/emmanuelwestfield/Desktop/New_Level_Layout/Content/Toony_Tiny_Citizens/Meshes/Character_Parts/Males/m_Body_07_sports.uasset" 1030
"/Users/emmanuelwestfield/Desktop/New_Level_Layout/Content/Toony_Tiny_Citizens/Meshes/Character_Parts/Males/m_Body_07_sports.uexp" 1031
"/Users/emmanuelwestfield/Desktop/New_Level_Layout/Content/Toony_Tiny_Citizens/Meshes/Character_Parts/Males/m_Body_40_police_A.uasset" 1032
"/Users/emmanuelwestfield/Desktop/New_Level_Layout/Content/Toony_Tiny_Citizens/Meshes/Character_Parts/Males/m_Body_40_police_A.uexp" 1033
"/Users/emmanuelwestfield/Desktop/New_Level_Layout/Content/Toony_Tiny_Citizens/Meshes/Character_Parts/Males/m_Body_13_redtie.uasset" 1034
"/Users/emmanuelwestfield/Desktop/New_Level_Layout/Content/Toony_Tiny_Citizens/Meshes/Character_Parts/Males/m_Body_13_redtie.uexp" 1035
"/Users/emmanuelwestfield/Desktop/New_Level_Layout/Content/Toony_Tiny_Citizens/Meshes/Character_Parts/Males/m_head_62_punk_A.uasset" 1036
"/Users/emmanuelwestfield/Desktop/New_Level_Layout/Content/Toony_Tiny_Citizens/Meshes/Character_Parts/Males/m_head_62_punk_A.uexp" 1037
"/Users/emmanuelwestfield/Desktop/New_Level_Layout/Content/Toony_Tiny_Citizens/Meshes/Character_Parts/Males/m_Body_34_rocker_A.uasset" 1038
"/Users/emmanuelwestfield/Desktop/New_Level_Layout/Content/Toony_Tiny_Citizens/Meshes/Character_Parts/Males/m_Body_34_rocker_A.uexp" 1039
"/Users/emmanuelwestfield/Desktop/New_Level_Layout/Content/Toony_Tiny_Citizens/Meshes/Character_Parts/Males/m_head_47_police_B.uasset" 1040
"/Users/emmanuelwestfield/Desktop/New_Level_Layout/Content/Toony_Tiny_Citizens/Meshes/Character_Parts/Males/m_head_47_police_B.uexp" 1041
"/Users/emmanuelwestfield/Desktop/New_Level_Layout/Content/Toony_Tiny_Citizens/Meshes/Character_Parts/Males/m_head_16_longhair_A.uasset" 1042
"/Users/emmanuelwestfield/Desktop/New_Level_Layout/Content/Toony_Tiny_Citizens/Meshes/Character_Parts/Males/m_head_16_longhair_A.uexp" 1043
"/Users/emmanuelwestfield/Desktop/New_Level_Layout/Content/Toony_Tiny_Citizens/Meshes/Character_Parts/Males/m_Body_29_worker_B.uasset" 1044
"/Users/emmanuelwestfield/Desktop/New_Level_Layout/Content/Toony_Tiny_Citizens/Meshes/Character_Parts/Males/m_Body_29_worker_B.uexp" 1045
"/Users/emmanuelwestfield/Desktop/New_Level_Layout/Content/Toony_Tiny_Citizens/Meshes/Character_Parts/Males/m_Body_33_punk_D.uasset" 1046
"/Users/emmanuelwestfield/Desktop/New_Level_Layout/Content/Toony_Tiny_Citizens/Meshes/Character_Parts/Males/m_Body_33_punk_D.uexp" 1047
"/Users/emmanuelwestfield/Desktop/New_Level_Layout/Content/Toony_Tiny_Citizens/Meshes/Character_Parts/Males/m_head_42_hat_G.uasset" 1048
"/Users/emmanuelwestfield/Desktop/New_Level_Layout/Content/Toony_Tiny_Citizens/Meshes/Character_Parts/Males/m_head_42_hat_G.uexp" 1049
"/Users/emmanuelwestfield/Desktop/New_Level_Layout/Content/Toony_Tiny_Citizens/Meshes/Character_Parts/Males/m_head_05.uasset" 1050
"/Users/emmanuelwestfield/Desktop/New_Level_Layout/Content/Toony_Tiny_Citizens/Meshes/Character_Parts/Males/m_head_05.uexp" 1051
"/Users/emmanuelwestfield/Desktop/New_Level_Layout/Content/Toony_Tiny_Citizens/Meshes/Character_Parts/Males/m_Body_21_whiteunderwear.uasset" 1052
"/Users/emmanuelwestfield/Desktop/New_Level_Layout/Content/Toony_Tiny_Citizens/Meshes/Character_Parts/Males/m_Body_21_whiteunderwear.uexp" 1053
"/Users/emmanuelwestfield/Desktop/New_Level_Layout/Content/Toony_Tiny_Citizens/Meshes/Character_Parts/Males/m_head_09.uasset" 1054
"/Users/emmanuelwestfield/Desktop/New_Level_Layout/Content/Toony_Tiny_Citizens/Meshes/Character_Parts/Males/m_head_09.uexp" 1055
"/Users/emmanuelwestfield/Desktop/New_Level_Layout/Content/Toony_Tiny_Citizens/Meshes/Character_Parts/Males/m_head_25_senior_B.uasset" 1056
"/Users/emmanuelwestfield/Desktop/New_Level_Layout/Content/Toony_Tiny_Citizens/Meshes/Character_Parts/Males/m_head_25_senior_B.uexp" 1057
"/Users/emmanuelwestfield/Desktop/New_Level_Layout/Content/Toony_Tiny_Citizens/Meshes/Character_Parts/Males/m_head_49_police_D.uasset" 1058
"/Users/emmanuelwestfield/Desktop/New_Level_Layout/Content/Toony_Tiny_Citizens/Meshes/Character_Parts/Males/m_head_49_police_D.uexp" 1059
"/Users/emmanuelwestfield/Desktop/New_Level_Layout/Content/Toony_Tiny_Citizens/Meshes/Character_Parts/Males/m_head_32_cap_E.uasset" 1060
"/Users/emmanuelwestfield/Desktop/New_Level_Layout/Content/Toony_Tiny_Citizens/Meshes/Character_Parts/Males/m_head_32_cap_E.uexp" 1061
"/Users/emmanuelwestfield/Desktop/New_Level_Layout/Content/Toony_Tiny_Citizens/Meshes/Character_Parts/Males/m_head_20_longhair_E.uasset" 1062
"/Users/emmanuelwestfield/Desktop/New_Level_Layout/Content/Toony_Tiny_Citizens/Meshes/Character_Parts/Males/m_head_20_longhair_E.uexp" 1063
"/Users/emmanuelwestfield/Desktop/New_Level_Layout/Content/Toony_Tiny_Citizens/Meshes/Character_Parts/Males/m_Body_08_sportschain.uasset" 1064
"/Users/emmanuelwestfield/Desktop/New_Level_Layout/Content/Toony_Tiny_Citizens/Meshes/Character_Parts/Males/m_Body_08_sportschain.uexp" 1065
"/Users/emmanuelwestfield/Desktop/New_Level_Layout/Content/Toony_Tiny_Citizens/Meshes/Character_Parts/Males/m_head_50_pilot_A.uasset" 1066
"/Users/emmanuelwestfield/Desktop/New_Level_Layout/Content/Toony_Tiny_Citizens/Meshes/Character_Parts/Males/m_head_50_pilot_A.uexp" 1067
"/Users/emmanuelwestfield/Desktop/New_Level_Layout/Content/Toony_Tiny_Citizens/Meshes/Character_Parts/Males/m_head_59_nurse.uasset" 1068
"/Users/emmanuelwestfield/Desktop/New_Level_Layout/Content/Toony_Tiny_Citizens/Meshes/Character_Parts/Males/m_head_59_nurse.uexp" 1069
"/Users/emmanuelwestfield/Desktop/New_Level_Layout/Content/Toony_Tiny_Citizens/Meshes/Character_Parts/Males/m_Body_43_police_D.uasset" 1070
"/Users/emmanuelwestfield/Desktop/New_Level_Layout/Content/Toony_Tiny_Citizens/Meshes/Character_Parts/Males/m_Body_43_police_D.uexp" 1071
"/Users/emmanuelwestfield/Desktop/New_Level_Layout/Content/Toony_Tiny_Citizens/Meshes/Character_Parts/Males/m_head_29_cap_B.uasset" 1072
"/Users/emmanuelwestfield/Desktop/New_Level_Layout/Content/Toony_Tiny_Citizens/Meshes/Character_Parts/Males/m_head_29_cap_B.uexp" 1073
"/Users/emmanuelwestfield/Desktop/New_Level_Layout/Content/Toony_Tiny_Citizens/Meshes/Character_Parts/Males/m_head_add_glasses_C.uasset" 1074
"/Users/emmanuelwestfield/Desktop/New_Level_Layout/Content/Toony_Tiny_Citizens/Meshes/Character_Parts/Males/m_head_add_glasses_C.uexp" 1075
"/Users/emmanuelwestfield/Desktop/New_Level_Layout/Content/Toony_Tiny_Citizens/Meshes/Character_Parts/Males/m_head_13.uasset" 1076
"/Users/emmanuelwestfield/Desktop/New_Level_Layout/Content/Toony_Tiny_Citizens/Meshes/Character_Parts/Males/m_head_13.uexp" 1077
"/Users/emmanuelwestfield/Desktop/New_Level_Layout/Content/Toony_Tiny_Citizens/Meshes/Character_Parts/Males/m_head_63_punk_B.uasset" 1078
"/Users/emmanuelwestfield/Desktop/New_Level_Layout/Content/Toony_Tiny_Citizens/Meshes/Character_Parts/Males/m_head_63_punk_B.uexp" 1079
"/Users/emmanuelwestfield/Desktop/New_Level_Layout/Content/Toony_Tiny_Citizens/Meshes/Character_Parts/Males/m_head_54_farmer_A.uasset" 1080
"/Users/emmanuelwestfield/Desktop/New_Level_Layout/Content/Toony_Tiny_Citizens/Meshes/Character_Parts/Males/m_head_54_farmer_A.uexp" 1081
"/Users/emmanuelwestfield/Desktop/New_Level_Layout/Content/Toony_Tiny_Citizens/Meshes/Character_Parts/Males/m_Body_25_greenjacket.uasset" 1082
"/Users/emmanuelwestfield/Desktop/New_Level_Layout/Content/Toony_Tiny_Citizens/Meshes/Character_Parts/Males/m_Body_25_greenjacket.uexp" 1083
"/Users/emmanuelwestfield/Desktop/New_Level_Layout/Content/Toony_Tiny_Citizens/Meshes/Character_Parts/Males/m_head_01.uasset" 1084
"/Users/emmanuelwestfield/Desktop/New_Level_Layout/Content/Toony_Tiny_Citizens/Meshes/Character_Parts/Males/m_head_01.uexp" 1085
"/Users/emmanuelwestfield/Desktop/New_Level_Layout/Content/Toony_Tiny_Citizens/Meshes/Character_Parts/Males/m_Body_47_doctor.uasset" 1086
"/Users/emmanuelwestfield/Desktop/New_Level_Layout/Content/Toony_Tiny_Citizens/Meshes/Character_Parts/Males/m_Body_47_doctor.uexp" 1087
"/Users/emmanuelwestfield/Desktop/New_Level_Layout/Content/Toony_Tiny_Citizens/Meshes/Character_Parts/Males/m_Body_19_bluepolo.uasset" 1088
"/Users/emmanuelwestfield/Desktop/New_Level_Layout/Content/Toony_Tiny_Citizens/Meshes/Character_Parts/Males/m_Body_19_bluepolo.uexp" 1089
"/Users/emmanuelwestfield/Desktop/New_Level_Layout/Content/Toony_Tiny_Citizens/Meshes/Character_Parts/Males/m_head_03.uasset" 1090
"/Users/emmanuelwestfield/Desktop/New_Level_Layout/Content/Toony_Tiny_Citizens/Meshes/Character_Parts/Males/m_head_03.uexp" 1091
"/Users/emmanuelwestfield/Desktop/New_Level_Layout/Content/Toony_Tiny_Citizens/Meshes/Character_Parts/Males/m_head_19_longhair_D.uasset" 1092
"/Users/emmanuelwestfield/Desktop/New_Level_Layout/Content/Toony_Tiny_Citizens/Meshes/Character_Parts/Males/m_head_19_longhair_D.uexp" 1093
"/Users/emmanuelwestfield/Desktop/New_Level_Layout/Content/Toony_Tiny_Citizens/Meshes/Character_Parts/Males/m_head_31_cap_D.uasset" 1094
"/Users/emmanuelwestfield/Desktop/New_Level_Layout/Content/Toony_Tiny_Citizens/Meshes/Character_Parts/Males/m_head_31_cap_D.uexp" 1095
"/Users/emmanuelwestfield/Desktop/New_Level_Layout/Content/Toony_Tiny_Citizens/Meshes/Character_Parts/Males/m_Body_24_leatherjacket.uasset" 1096
"/Users/emmanuelwestfield/Desktop/New_Level_Layout/Content/Toony_Tiny_Citizens/Meshes/Character_Parts/Males/m_Body_24_leatherjacket.uexp" 1097
"/Users/emmanuelwestfield/Desktop/New_Level_Layout/Content/Toony_Tiny_Citizens/Meshes/Character_Parts/Males/m_head_11.uasset" 1098
"/Users/emmanuelwestfield/Desktop/New_Level_Layout/Content/Toony_Tiny_Citizens/Meshes/Character_Parts/Males/m_head_11.uexp" 1099
"/Users/emmanuelwestfield/Desktop/New_Level_Layout/Content/Toony_Tiny_Citizens/Meshes/Character_Parts/Males/m_head_15_rockabilly.uasset" 1100
"/Users/emmanuelwestfield/Desktop/New_Level_Layout/Content/Toony_Tiny_Citizens/Meshes/Character_Parts/Males/m_head_15_rockabilly.uexp" 1101
"/Users/emmanuelwestfield/Desktop/New_Level_Layout/Content/Toony_Tiny_Citizens/Meshes/Character_Parts/Males/m_Body_38_farmer_B.uasset" 1102
"/Users/emmanuelwestfield/Desktop/New_Level_Layout/Content/Toony_Tiny_Citizens/Meshes/Character_Parts/Males/m_Body_38_farmer_B.uexp" 1103
"/Users/emmanuelwestfield/Desktop/New_Level_Layout/Content/Toony_Tiny_Citizens/Meshes/Character_Parts/Males/m_head_22_afro_B.uasset" 1104
"/Users/emmanuelwestfield/Desktop/New_Level_Layout/Content/Toony_Tiny_Citizens/Meshes/Character_Parts/Males/m_head_22_afro_B.uexp" 1105
"/Users/emmanuelwestfield/Desktop/New_Level_Layout/Content/Toony_Tiny_Citizens/Meshes/Character_Parts/Males/M_Body_01_blackjacket.uasset" 1106
"/Users/emmanuelwestfield/Desktop/New_Level_Layout/Content/Toony_Tiny_Citizens/Meshes/Character_Parts/Males/M_Body_01_blackjacket.uexp" 1107
"/Users/emmanuelwestfield/Desktop/New_Level_Layout/Content/Toony_Tiny_Citizens/Meshes/Character_Parts/Males/m_Body_22_blackunderwear.uasset" 1108
"/Users/emmanuelwestfield/Desktop/New_Level_Layout/Content/Toony_Tiny_Citizens/Meshes/Character_Parts/Males/m_Body_22_blackunderwear.uexp" 1109
"/Users/emmanuelwestfield/Desktop/New_Level_Layout/Content/Toony_Tiny_Citizens/Meshes/Character_Parts/Males/m_Body_09_jacket.uasset" 1110
"/Users/emmanuelwestfield/Desktop/New_Level_Layout/Content/Toony_Tiny_Citizens/Meshes/Character_Parts/Males/m_Body_09_jacket.uexp" 1111
"/Users/emmanuelwestfield/Desktop/New_Level_Layout/Content/Toony_Tiny_Citizens/Meshes/Character_Parts/Males/m_Body_46_priest.uasset" 1112
"/Users/emmanuelwestfield/Desktop/New_Level_Layout/Content/Toony_Tiny_Citizens/Meshes/Character_Parts/Males/m_Body_46_priest.uexp" 1113
"/Users/emmanuelwestfield/Desktop/New_Level_Layout/Content/Toony_Tiny_Citizens/Meshes/Character_Parts/Males/m_head_add_glasses_A.uasset" 1114
"/Users/emmanuelwestfield/Desktop/New_Level_Layout/Content/Toony_Tiny_Citizens/Meshes/Character_Parts/Males/m_head_add_glasses_A.uexp" 1115
"/Users/emmanuelwestfield/Desktop/New_Level_Layout/Content/Toony_Tiny_Citizens/Meshes/Character_Parts/Males/m_head_41_hat_F.uasset" 1116
"/Users/emmanuelwestfield/Desktop/New_Level_Layout/Content/Toony_Tiny_Citizens/Meshes/Character_Parts/Males/m_head_41_hat_F.uexp" 1117
"/Users/emmanuelwestfield/Desktop/New_Level_Layout/Content/Toony_Tiny_Citizens/Meshes/Character_Parts/Males/m_head_52_worker_A.uasset" 1118
"/Users/emmanuelwestfield/Desktop/New_Level_Layout/Content/Toony_Tiny_Citizens/Meshes/Character_Parts/Males/m_head_52_worker_A.uexp" 1119
"/Users/emmanuelwestfield/Desktop/New_Level_Layout/Content/Toony_Tiny_Citizens/Animations/Male/Anim_m_interact_A.uasset" 1120
"/Users/emmanuelwestfield/Desktop/New_Level_Layout/Content/Toony_Tiny_Citizens/Animations/Male/Anim_m_interact_A.uexp" 1121
"/Users/emmanuelwestfield/Desktop/New_Level_Layout/Content/Toony_Tiny_Citizens/Animations/Male/Anim_m_death_D.uasset" 1122
"/Users/emmanuelwestfield/Desktop/New_Level_Layout/Content/Toony_Tiny_Citizens/Animations/Male/Anim_m_death_D.uexp" 1123
"/Users/emmanuelwestfield/Desktop/New_Level_Layout/Content/Toony_Tiny_Citizens/Animations/Male/Anim_m_run.uasset" 1124
"/Users/emmanuelwestfield/Desktop/New_Level_Layout/Content/Toony_Tiny_Citizens/Animations/Male/Anim_m_run.uexp" 1125
"/Users/emmanuelwestfield/Desktop/New_Level_Layout/Content/Toony_Tiny_Citizens/Animations/Male/Anim_m_talk.uasset" 1126
"/Users/emmanuelwestfield/Desktop/New_Level_Layout/Content/Toony_Tiny_Citizens/Animations/Male/Anim_m_talk.uexp" 1127
"/Users/emmanuelwestfield/Desktop/New_Level_Layout/Content/Toony_Tiny_Citizens/Animations/Male/Anim_m_death_B.uasset" 1128
"/Users/emmanuelwestfield/Desktop/New_Level_Layout/Content/Toony_Tiny_Citizens/Animations/Male/Anim_m_death_B.uexp" 1129
"/Users/emmanuelwestfield/Desktop/New_Level_Layout/Content/Toony_Tiny_Citizens/Animations/Male/Anim_m_panic_idle.uasset" 1130
"/Users/emmanuelwestfield/Desktop/New_Level_Layout/Content/Toony_Tiny_Citizens/Animations/Male/Anim_m_panic_idle.uexp" 1131
"/Users/emmanuelwestfield/Desktop/New_Level_Layout/Content/Toony_Tiny_Citizens/Animations/Male/Anim_m_wave.uasset" 1132
"/Users/emmanuelwestfield/Desktop/New_Level_Layout/Content/Toony_Tiny_Citizens/Animations/Male/Anim_m_wave.uexp" 1133
"/Users/emmanuelwestfield/Desktop/New_Level_Layout/Content/Toony_Tiny_Citizens/Animations/Male/Anim_m_jump_A_start.uasset" 1134
"/Users/emmanuelwestfield/Desktop/New_Level_Layout/Content/Toony_Tiny_Citizens/Animations/Male/Anim_m_jump_A_start.uexp" 1135
"/Users/emmanuelwestfield/Desktop/New_Level_Layout/Content/Toony_Tiny_Citizens/Animations/Male/Anim_m_interact_B.uasset" 1136
"/Users/emmanuelwestfield/Desktop/New_Level_Layout/Content/Toony_Tiny_Citizens/Animations/Male/Anim_m_interact_B.uexp" 1137
"/Users/emmanuelwestfield/Desktop/New_Level_Layout/Content/Toony_Tiny_Citizens/Animations/Male/Anim_m_jump_B_loop.uasset" 1138
"/Users/emmanuelwestfield/Desktop/New_Level_Layout/Content/Toony_Tiny_Citizens/Animations/Male/Anim_m_jump_B_loop.uexp" 1139
"/Users/emmanuelwestfield/Desktop/New_Level_Layout/Content/Toony_Tiny_Citizens/Animations/Male/Anim_m_panic_run.uasset" 1140
"/Users/emmanuelwestfield/Desktop/New_Level_Layout/Content/Toony_Tiny_Citizens/Animations/Male/Anim_m_panic_run.uexp" 1141
"/Users/emmanuelwestfield/Desktop/New_Level_Layout/Content/Toony_Tiny_Citizens/Animations/Male/Anim_m_death_A.uasset" 1142
"/Users/emmanuelwestfield/Desktop/New_Level_Layout/Content/Toony_Tiny_Citizens/Animations/Male/Anim_m_death_A.uexp" 1143
"/Users/emmanuelwestfield/Desktop/New_Level_Layout/Content/Toony_Tiny_Citizens/Animations/Male/Anim_m_damage.uasset" 1144
"/Users/emmanuelwestfield/Desktop/New_Level_Layout/Content/Toony_Tiny_Citizens/Animations/Male/Anim_m_damage.uexp" 1145
"/Users/emmanuelwestfield/Desktop/New_Level_Layout/Content/Toony_Tiny_Citizens/Animations/Male/Anim_m_throw.uasset" 1146
"/Users/emmanuelwestfield/Desktop/New_Level_Layout/Content/Toony_Tiny_Citizens/Animations/Male/Anim_m_throw.uexp" 1147
"/Users/emmanuelwestfield/Desktop/New_Level_Layout/Content/Toony_Tiny_Citizens/Animations/Male/Anim_m_death_C.uasset" 1148
"/Users/emmanuelwestfield/Desktop/New_Level_Layout/Content/Toony_Tiny_Citizens/Animations/Male/Anim_m_death_C.uexp" 1149
"/Users/emmanuelwestfield/Desktop/New_Level_Layout/Content/Toony_Tiny_Citizens/Animations/Male/Anim_m_walk.uasset" 1150
"/Users/emmanuelwestfield/Desktop/New_Level_Layout/Content/Toony_Tiny_Citizens/Animations/Male/Anim_m_walk.uexp" 1151
"/Users/emmanuelwestfield/Desktop/New_Level_Layout/Content/Toony_Tiny_Citizens/Animations/Male/Anim_m_jump_C_land.uasset" 1152
"/Users/emmanuelwestfield/Desktop/New_Level_Layout/Content/Toony_Tiny_Citizens/Animations/Male/Anim_m_jump_C_land.uexp" 1153
"/Users/emmanuelwestfield/Desktop/New_Level_Layout/Content/Toony_Tiny_Citizens/Animations/Male/fight/Anim_m_fight_jump_B_loop.uasset" 1154
"/Users/emmanuelwestfield/Desktop/New_Level_Layout/Content/Toony_Tiny_Citizens/Animations/Male/fight/Anim_m_fight_jump_B_loop.uexp" 1155
"/Users/emmanuelwestfield/Desktop/New_Level_Layout/Content/Toony_Tiny_Citizens/Animations/Male/fight/Anim_m_fight_idle.uasset" 1156
"/Users/emmanuelwestfield/Desktop/New_Level_Layout/Content/Toony_Tiny_Citizens/Animations/Male/fight/Anim_m_fight_idle.uexp" 1157
"/Users/emmanuelwestfield/Desktop/New_Level_Layout/Content/Toony_Tiny_Citizens/Animations/Male/fight/Anim_m_fight_damage.uasset" 1158
"/Users/emmanuelwestfield/Desktop/New_Level_Layout/Content/Toony_Tiny_Citizens/Animations/Male/fight/Anim_m_fight_damage.uexp" 1159
"/Users/emmanuelwestfield/Desktop/New_Level_Layout/Content/Toony_Tiny_Citizens/Animations/Male/fight/Anim_m_fight_jump_C_land.uasset" 1160
"/Users/emmanuelwestfield/Desktop/New_Level_Layout/Content/Toony_Tiny_Citizens/Animations/Male/fight/Anim_m_fight_jump_C_land.uexp" 1161
"/Users/emmanuelwestfield/Desktop/New_Level_Layout/Content/Toony_Tiny_Citizens/Animations/Male/fight/Anim_m_fight_jump_A_start.uasset" 1162
"/Users/emmanuelwestfield/Desktop/New_Level_Layout/Content/Toony_Tiny_Citizens/Animations/Male/fight/Anim_m_fight_jump_A_start.uexp" 1163
"/Users/emmanuelwestfield/Desktop/New_Level_Layout/Content/Toony_Tiny_Citizens/Animations/Male/fight/Anim_m_fight_run.uasset" 1164
"/Users/emmanuelwestfield/Desktop/New_Level_Layout/Content/Toony_Tiny_Citizens/Animations/Male/fight/Anim_m_fight_run.uexp" 1165
"/Users/emmanuelwestfield/Desktop/New_Level_Layout/Content/Toony_Tiny_Citizens/Animations/Male/fight/Anim_m_fight_attack_B.uasset" 1166
"/Users/emmanuelwestfield/Desktop/New_Level_Layout/Content/Toony_Tiny_Citizens/Animations/Male/fight/Anim_m_fight_attack_B.uexp" 1167
"/Users/emmanuelwestfield/Desktop/New_Level_Layout/Content/Toony_Tiny_Citizens/Animations/Male/fight/Anim_m_fight_walk.uasset" 1168
"/Users/emmanuelwestfield/Desktop/New_Level_Layout/Content/Toony_Tiny_Citizens/Animations/Male/fight/Anim_m_fight_walk.uexp" 1169
"/Users/emmanuelwestfield/Desktop/New_Level_Layout/Content/Toony_Tiny_Citizens/Animations/Male/fight/Anim_m_fight_attack_A.uasset" 1170
"/Users/emmanuelwestfield/Desktop/New_Level_Layout/Content/Toony_Tiny_Citizens/Animations/Male/fight/Anim_m_fight_attack_A.uexp" 1171
"/Users/emmanuelwestfield/Desktop/New_Level_Layout/Content/Toony_Tiny_Citizens/Animations/Male/weapon/Anim_m_pistol_idle_A.uasset" 1172
"/Users/emmanuelwestfield/Desktop/New_Level_Layout/Content/Toony_Tiny_Citizens/Animations/Male/weapon/Anim_m_pistol_idle_A.uexp" 1173
"/Users/emmanuelwestfield/Desktop/New_Level_Layout/Content/Toony_Tiny_Citizens/Animations/Male/weapon/Anim_m_weapon_death_C.uasset" 1174
"/Users/emmanuelwestfield/Desktop/New_Level_Layout/Content/Toony_Tiny_Citizens/Animations/Male/weapon/Anim_m_weapon_death_C.uexp" 1175
"/Users/emmanuelwestfield/Desktop/New_Level_Layout/Content/Toony_Tiny_Citizens/Animations/Male/weapon/Anim_m_weapon_death_A.uasset" 1176
"/Users/emmanuelwestfield/Desktop/New_Level_Layout/Content/Toony_Tiny_Citizens/Animations/Male/weapon/Anim_m_weapon_death_A.uexp" 1177
"/Users/emmanuelwestfield/Desktop/New_Level_Layout/Content/Toony_Tiny_Citizens/Animations/Male/weapon/Anim_m_weapon_run.uasset" 1178
"/Users/emmanuelwestfield/Desktop/New_Level_Layout/Content/Toony_Tiny_Citizens/Animations/Male/weapon/Anim_m_weapon_run.uexp" 1179
"/Users/emmanuelwestfield/Desktop/New_Level_Layout/Content/Toony_Tiny_Citizens/Animations/Male/weapon/Anim_m_weapon_idle_B.uasset" 1180
"/Users/emmanuelwestfield/Desktop/New_Level_Layout/Content/Toony_Tiny_Citizens/Animations/Male/weapon/Anim_m_weapon_idle_B.uexp" 1181
"/Users/emmanuelwestfield/Desktop/New_Level_Layout/Content/Toony_Tiny_Citizens/Animations/Male/weapon/Anim_m_pistol_walk.uasset" 1182
"/Users/emmanuelwestfield/Desktop/New_Level_Layout/Content/Toony_Tiny_Citizens/Animations/Male/weapon/Anim_m_pistol_walk.uexp" 1183
"/Users/emmanuelwestfield/Desktop/New_Level_Layout/Content/Toony_Tiny_Citizens/Animations/Male/weapon/Anim_m_weapon_interact_B.uasset" 1184
"/Users/emmanuelwestfield/Desktop/New_Level_Layout/Content/Toony_Tiny_Citizens/Animations/Male/weapon/Anim_m_weapon_interact_B.uexp" 1185
"/Users/emmanuelwestfield/Desktop/New_Level_Layout/Content/Toony_Tiny_Citizens/Animations/Male/weapon/Anim_m_weapon_walk.uasset" 1186
"/Users/emmanuelwestfield/Desktop/New_Level_Layout/Content/Toony_Tiny_Citizens/Animations/Male/weapon/Anim_m_weapon_walk.uexp" 1187
"/Users/emmanuelwestfield/Desktop/New_Level_Layout/Content/Toony_Tiny_Citizens/Animations/Male/weapon/Anim_m_weapon_shoot_loop.uasset" 1188
"/Users/emmanuelwestfield/Desktop/New_Level_Layout/Content/Toony_Tiny_Citizens/Animations/Male/weapon/Anim_m_weapon_shoot_loop.uexp" 1189
"/Users/emmanuelwestfield/Desktop/New_Level_Layout/Content/Toony_Tiny_Citizens/Animations/Male/weapon/Anim_m_weapon_death_B.uasset" 1190
"/Users/emmanuelwestfield/Desktop/New_Level_Layout/Content/Toony_Tiny_Citizens/Animations/Male/weapon/Anim_m_weapon_death_B.uexp" 1191
"/Users/emmanuelwestfield/Desktop/New_Level_Layout/Content/Toony_Tiny_Citizens/Animations/Male/weapon/Anim_m_pistol_shoot.uasset" 1192
"/Users/emmanuelwestfield/Desktop/New_Level_Layout/Content/Toony_Tiny_Citizens/Animations/Male/weapon/Anim_m_pistol_shoot.uexp" 1193
"/Users/emmanuelwestfield/Desktop/New_Level_Layout/Content/Toony_Tiny_Citizens/Animations/Male/weapon/Anim_m_weapon_idle_A.uasset" 1194
"/Users/emmanuelwestfield/Desktop/New_Level_Layout/Content/Toony_Tiny_Citizens/Animations/Male/weapon/Anim_m_weapon_idle_A.uexp" 1195
"/Users/emmanuelwestfield/Desktop/New_Level_Layout/Content/Toony_Tiny_Citizens/Animations/Male/weapon/Anim_m_weapon_shoot.uasset" 1196
"/Users/emmanuelwestfield/Desktop/New_Level_Layout/Content/Toony_Tiny_Citizens/Animations/Male/weapon/Anim_m_weapon_shoot.uexp" 1197
"/Users/emmanuelwestfield/Desktop/New_Level_Layout/Content/Toony_Tiny_Citizens/Animations/Male/weapon/Anim_m_weapon_draw.uasset" 1198
"/Users/emmanuelwestfield/Desktop/New_Level_Layout/Content/Toony_Tiny_Citizens/Animations/Male/weapon/Anim_m_weapon_draw.uexp" 1199
"/Users/emmanuelwestfield/Desktop/New_Level_Layout/Content/Toony_Tiny_Citizens/Animations/Male/weapon/Anim_m_weapon_shoot_burst.uasset" 1200
"/Users/emmanuelwestfield/Desktop/New_Level_Layout/Content/Toony_Tiny_Citizens/Animations/Male/weapon/Anim_m_weapon_shoot_burst.uexp" 1201
"/Users/emmanuelwestfield/Desktop/New_Level_Layout/Content/Toony_Tiny_Citizens/Animations/Male/weapon/Anim_m_weapon_jump_B_loop.uasset" 1202
"/Users/emmanuelwestfield/Desktop/New_Level_Layout/Content/Toony_Tiny_Citizens/Animations/Male/weapon/Anim_m_weapon_jump_B_loop.uexp" 1203
"/Users/emmanuelwestfield/Desktop/New_Level_Layout/Content/Toony_Tiny_Citizens/Animations/Male/weapon/Anim_m_pistol_shoot_burst.uasset" 1204
"/Users/emmanuelwestfield/Desktop/New_Level_Layout/Content/Toony_Tiny_Citizens/Animations/Male/weapon/Anim_m_pistol_shoot_burst.uexp" 1205
"/Users/emmanuelwestfield/Desktop/New_Level_Layout/Content/Toony_Tiny_Citizens/Animations/Male/weapon/Anim_m_pistol_idle_B.uasset" 1206
"/Users/emmanuelwestfield/Desktop/New_Level_Layout/Content/Toony_Tiny_Citizens/Animations/Male/weapon/Anim_m_pistol_idle_B.uexp" 1207
"/Users/emmanuelwestfield/Desktop/New_Level_Layout/Content/Toony_Tiny_Citizens/Animations/Male/weapon/Anim_m_weapon_talk.uasset" 1208
"/Users/emmanuelwestfield/Desktop/New_Level_Layout/Content/Toony_Tiny_Citizens/Animations/Male/weapon/Anim_m_weapon_talk.uexp" 1209
"/Users/emmanuelwestfield/Desktop/New_Level_Layout/Content/Toony_Tiny_Citizens/Animations/Male/weapon/Anim_m_weapon_interact_A.uasset" 1210
"/Users/emmanuelwestfield/Desktop/New_Level_Layout/Content/Toony_Tiny_Citizens/Animations/Male/weapon/Anim_m_weapon_interact_A.uexp" 1211
"/Users/emmanuelwestfield/Desktop/New_Level_Layout/Content/Toony_Tiny_Citizens/Animations/Male/weapon/Anim_m_weapon_death_D.uasset" 1212
"/Users/emmanuelwestfield/Desktop/New_Level_Layout/Content/Toony_Tiny_Citizens/Animations/Male/weapon/Anim_m_weapon_death_D.uexp" 1213
"/Users/emmanuelwestfield/Desktop/New_Level_Layout/Content/Toony_Tiny_Citizens/Animations/Male/weapon/Anim_m_weapon_jump_C_land.uasset" 1214
"/Users/emmanuelwestfield/Desktop/New_Level_Layout/Content/Toony_Tiny_Citizens/Animations/Male/weapon/Anim_m_weapon_jump_C_land.uexp" 1215
"/Users/emmanuelwestfield/Desktop/New_Level_Layout/Content/Toony_Tiny_Citizens/Animations/Male/weapon/Anim_m_weapon_jump_A_start.uasset" 1216
"/Users/emmanuelwestfield/Desktop/New_Level_Layout/Content/Toony_Tiny_Citizens/Animations/Male/weapon/Anim_m_weapon_jump_A_start.uexp" 1217
"/Users/emmanuelwestfield/Desktop/New_Level_Layout/Content/Toony_Tiny_Citizens/Animations/Male/weapon/Anim_m_weapon_damage.uasset" 1218
"/Users/emmanuelwestfield/Desktop/New_Level_Layout/Content/Toony_Tiny_Citizens/Animations/Male/weapon/Anim_m_weapon_damage.uexp" 1219
"/Users/emmanuelwestfield/Desktop/New_Level_Layout/Content/Toony_Tiny_Citizens/Animations/Male/weapon/Anim_m_pistol_draw.uasset" 1220
"/Users/emmanuelwestfield/Desktop/New_Level_Layout/Content/Toony_Tiny_Citizens/Animations/Male/weapon/Anim_m_pistol_draw.uexp" 1221
"/Users/emmanuelwestfield/Desktop/New_Level_Layout/Content/Toony_Tiny_Citizens/Animations/Male/weapon/Anim_m_weapon_wave.uasset" 1222
"/Users/emmanuelwestfield/Desktop/New_Level_Layout/Content/Toony_Tiny_Citizens/Animations/Male/weapon/Anim_m_weapon_wave.uexp" 1223
"/Users/emmanuelwestfield/Desktop/New_Level_Layout/Content/Toony_Tiny_Citizens/Animations/Male/weapon/Anim_m_weapon_throw.uasset" 1224
"/Users/emmanuelwestfield/Desktop/New_Level_Layout/Content/Toony_Tiny_Citizens/Animations/Male/weapon/Anim_m_weapon_throw.uexp" 1225
"/Users/emmanuelwestfield/Desktop/New_Level_Layout/Content/Toony_Tiny_Citizens/Animations/Male/weapon/Anim_m_pistol_run.uasset" 1226
"/Users/emmanuelwestfield/Desktop/New_Level_Layout/Content/Toony_Tiny_Citizens/Animations/Male/weapon/Anim_m_pistol_run.uexp" 1227
"/Users/emmanuelwestfield/Desktop/New_Level_Layout/Content/Toony_Tiny_Citizens/Animations/Male/melee/Anim_m_melee_walk.uasset" 1228
"/Users/emmanuelwestfield/Desktop/New_Level_Layout/Content/Toony_Tiny_Citizens/Animations/Male/melee/Anim_m_melee_walk.uexp" 1229
"/Users/emmanuelwestfield/Desktop/New_Level_Layout/Content/Toony_Tiny_Citizens/Animations/Male/melee/Anim_m_melee_run.uasset" 1230
"/Users/emmanuelwestfield/Desktop/New_Level_Layout/Content/Toony_Tiny_Citizens/Animations/Male/melee/Anim_m_melee_run.uexp" 1231
"/Users/emmanuelwestfield/Desktop/New_Level_Layout/Content/Toony_Tiny_Citizens/Animations/Male/melee/Anim_m_melee_combat_jump_A_start.uasset" 1232
"/Users/emmanuelwestfield/Desktop/New_Level_Layout/Content/Toony_Tiny_Citizens/Animations/Male/melee/Anim_m_melee_combat_jump_A_start.uexp" 1233
"/Users/emmanuelwestfield/Desktop/New_Level_Layout/Content/Toony_Tiny_Citizens/Animations/Male/melee/Anim_m_melee_jump_C_land.uasset" 1234
"/Users/emmanuelwestfield/Desktop/New_Level_Layout/Content/Toony_Tiny_Citizens/Animations/Male/melee/Anim_m_melee_jump_C_land.uexp" 1235
"/Users/emmanuelwestfield/Desktop/New_Level_Layout/Content/Toony_Tiny_Citizens/Animations/Male/melee/Anim_m_melee_combat_jump_C_land.uasset" 1236
"/Users/emmanuelwestfield/Desktop/New_Level_Layout/Content/Toony_Tiny_Citizens/Animations/Male/melee/Anim_m_melee_combat_jump_C_land.uexp" 1237
"/Users/emmanuelwestfield/Desktop/New_Level_Layout/Content/Toony_Tiny_Citizens/Animations/Male/melee/Anim_m_melee_jump_A_start.uasset" 1238
"/Users/emmanuelwestfield/Desktop/New_Level_Layout/Content/Toony_Tiny_Citizens/Animations/Male/melee/Anim_m_melee_jump_A_start.uexp" 1239
"/Users/emmanuelwestfield/Desktop/New_Level_Layout/Content/Toony_Tiny_Citizens/Animations/Male/melee/Anim_m_melee_combat_attack_A.uasset" 1240
"/Users/emmanuelwestfield/Desktop/New_Level_Layout/Content/Toony_Tiny_Citizens/Animations/Male/melee/Anim_m_melee_combat_attack_A.uexp" 1241
"/Users/emmanuelwestfield/Desktop/New_Level_Layout/Content/Toony_Tiny_Citizens/Animations/Male/melee/Anim_m_melee_interact_B.uasset" 1242
"/Users/emmanuelwestfield/Desktop/New_Level_Layout/Content/Toony_Tiny_Citizens/Animations/Male/melee/Anim_m_melee_interact_B.uexp" 1243
"/Users/emmanuelwestfield/Desktop/New_Level_Layout/Content/Toony_Tiny_Citizens/Animations/Male/melee/Anim_m_melee_combat_idle.uasset" 1244
"/Users/emmanuelwestfield/Desktop/New_Level_Layout/Content/Toony_Tiny_Citizens/Animations/Male/melee/Anim_m_melee_combat_idle.uexp" 1245
"/Users/emmanuelwestfield/Desktop/New_Level_Layout/Content/Toony_Tiny_Citizens/Animations/Male/melee/Anim_m_melee_combat_draw.uasset" 1246
"/Users/emmanuelwestfield/Desktop/New_Level_Layout/Content/Toony_Tiny_Citizens/Animations/Male/melee/Anim_m_melee_combat_draw.uexp" 1247
"/Users/emmanuelwestfield/Desktop/New_Level_Layout/Content/Toony_Tiny_Citizens/Animations/Male/melee/Anim_m_melee_combat_run.uasset" 1248
"/Users/emmanuelwestfield/Desktop/New_Level_Layout/Content/Toony_Tiny_Citizens/Animations/Male/melee/Anim_m_melee_combat_run.uexp" 1249
"/Users/emmanuelwestfield/Desktop/New_Level_Layout/Content/Toony_Tiny_Citizens/Animations/Male/melee/Anim_m_melee_combat_throw.uasset" 1250
"/Users/emmanuelwestfield/Desktop/New_Level_Layout/Content/Toony_Tiny_Citizens/Animations/Male/melee/Anim_m_melee_combat_throw.uexp" 1251
"/Users/emmanuelwestfield/Desktop/New_Level_Layout/Content/Toony_Tiny_Citizens/Animations/Male/melee/Anim_m_melee_jump_B_loop.uasset" 1252
"/Users/emmanuelwestfield/Desktop/New_Level_Layout/Content/Toony_Tiny_Citizens/Animations/Male/melee/Anim_m_melee_jump_B_loop.uexp" 1253
"/Users/emmanuelwestfield/Desktop/New_Level_Layout/Content/Toony_Tiny_Citizens/Animations/Male/melee/Anim_m_melee_combat_jump_B_loop.uasset" 1254
"/Users/emmanuelwestfield/Desktop/New_Level_Layout/Content/Toony_Tiny_Citizens/Animations/Male/melee/Anim_m_melee_combat_jump_B_loop.uexp" 1255
"/Users/emmanuelwestfield/Desktop/New_Level_Layout/Content/Toony_Tiny_Citizens/Animations/Male/melee/Anim_m_melee_combat_attack_C.uasset" 1256
"/Users/emmanuelwestfield/Desktop/New_Level_Layout/Content/Toony_Tiny_Citizens/Animations/Male/melee/Anim_m_melee_combat_attack_C.uexp" 1257
"/Users/emmanuelwestfield/Desktop/New_Level_Layout/Content/Toony_Tiny_Citizens/Animations/Male/melee/Anim_m_melee_combat_walk.uasset" 1258
"/Users/emmanuelwestfield/Desktop/New_Level_Layout/Content/Toony_Tiny_Citizens/Animations/Male/melee/Anim_m_melee_combat_walk.uexp" 1259
"/Users/emmanuelwestfield/Desktop/New_Level_Layout/Content/Toony_Tiny_Citizens/Animations/Male/melee/Anim_m_melee_combat_damage.uasset" 1260
"/Users/emmanuelwestfield/Desktop/New_Level_Layout/Content/Toony_Tiny_Citizens/Animations/Male/melee/Anim_m_melee_combat_damage.uexp" 1261
"/Users/emmanuelwestfield/Desktop/New_Level_Layout/Content/Toony_Tiny_Citizens/Animations/Male/melee/Anim_m_melee_idle.uasset" 1262
"/Users/emmanuelwestfield/Desktop/New_Level_Layout/Content/Toony_Tiny_Citizens/Animations/Male/melee/Anim_m_melee_idle.uexp" 1263
"/Users/emmanuelwestfield/Desktop/New_Level_Layout/Content/Toony_Tiny_Citizens/Animations/Male/melee/Anim_m_melee_draw.uasset" 1264
"/Users/emmanuelwestfield/Desktop/New_Level_Layout/Content/Toony_Tiny_Citizens/Animations/Male/melee/Anim_m_melee_draw.uexp" 1265
"/Users/emmanuelwestfield/Desktop/New_Level_Layout/Content/Toony_Tiny_Citizens/Animations/Male/melee/Anim_m_melee_throw.uasset" 1266
"/Users/emmanuelwestfield/Desktop/New_Level_Layout/Content/Toony_Tiny_Citizens/Animations/Male/melee/Anim_m_melee_throw.uexp" 1267
"/Users/emmanuelwestfield/Desktop/New_Level_Layout/Content/Toony_Tiny_Citizens/Animations/Male/melee/Anim_m_melee_combat_attack_B.uasset" 1268
"/Users/emmanuelwestfield/Desktop/New_Level_Layout/Content/Toony_Tiny_Citizens/Animations/Male/melee/Anim_m_melee_combat_attack_B.uexp" 1269
"/Users/emmanuelwestfield/Desktop/New_Level_Layout/Content/Toony_Tiny_Citizens/Animations/Male/melee/Anim_m_melee_interact_A.uasset" 1270
"/Users/emmanuelwestfield/Desktop/New_Level_Layout/Content/Toony_Tiny_Citizens/Animations/Male/melee/Anim_m_melee_interact_A.uexp" 1271
"/Users/emmanuelwestfield/Desktop/New_Level_Layout/Content/Toony_Tiny_Citizens/Animations/female/Anim_f_interact_B.uasset" 1272
"/Users/emmanuelwestfield/Desktop/New_Level_Layout/Content/Toony_Tiny_Citizens/Animations/female/Anim_f_interact_B.uexp" 1273
"/Users/emmanuelwestfield/Desktop/New_Level_Layout/Content/Toony_Tiny_Citizens/Animations/female/Anim_f_walk.uasset" 1274
"/Users/emmanuelwestfield/Desktop/New_Level_Layout/Content/Toony_Tiny_Citizens/Animations/female/Anim_f_walk.uexp" 1275
"/Users/emmanuelwestfield/Desktop/New_Level_Layout/Content/Toony_Tiny_Citizens/Animations/female/Anim_f_death_B.uasset" 1276
"/Users/emmanuelwestfield/Desktop/New_Level_Layout/Content/Toony_Tiny_Citizens/Animations/female/Anim_f_death_B.uexp" 1277
"/Users/emmanuelwestfield/Desktop/New_Level_Layout/Content/Toony_Tiny_Citizens/Animations/female/Anim_f_damage.uasset" 1278
"/Users/emmanuelwestfield/Desktop/New_Level_Layout/Content/Toony_Tiny_Citizens/Animations/female/Anim_f_damage.uexp" 1279
"/Users/emmanuelwestfield/Desktop/New_Level_Layout/Content/Toony_Tiny_Citizens/Animations/female/Anim_f_death_D.uasset" 1280
"/Users/emmanuelwestfield/Desktop/New_Level_Layout/Content/Toony_Tiny_Citizens/Animations/female/Anim_f_death_D.uexp" 1281
"/Users/emmanuelwestfield/Desktop/New_Level_Layout/Content/Toony_Tiny_Citizens/Animations/female/Anim_f_death_A.uasset" 1282
"/Users/emmanuelwestfield/Desktop/New_Level_Layout/Content/Toony_Tiny_Citizens/Animations/female/Anim_f_death_A.uexp" 1283
"/Users/emmanuelwestfield/Desktop/New_Level_Layout/Content/Toony_Tiny_Citizens/Animations/female/Anim_f_jump_C_land.uasset" 1284
"/Users/emmanuelwestfield/Desktop/New_Level_Layout/Content/Toony_Tiny_Citizens/Animations/female/Anim_f_jump_C_land.uexp" 1285
"/Users/emmanuelwestfield/Desktop/New_Level_Layout/Content/Toony_Tiny_Citizens/Animations/female/Anim_f_wave.uasset" 1286
"/Users/emmanuelwestfield/Desktop/New_Level_Layout/Content/Toony_Tiny_Citizens/Animations/female/Anim_f_wave.uexp" 1287
"/Users/emmanuelwestfield/Desktop/New_Level_Layout/Content/Toony_Tiny_Citizens/Animations/female/Anim_f_interact_A.uasset" 1288
"/Users/emmanuelwestfield/Desktop/New_Level_Layout/Content/Toony_Tiny_Citizens/Animations/female/Anim_f_interact_A.uexp" 1289
"/Users/emmanuelwestfield/Desktop/New_Level_Layout/Content/Toony_Tiny_Citizens/Animations/female/Anim_f_death_C.uasset" 1290
"/Users/emmanuelwestfield/Desktop/New_Level_Layout/Content/Toony_Tiny_Citizens/Animations/female/Anim_f_death_C.uexp" 1291
"/Users/emmanuelwestfield/Desktop/New_Level_Layout/Content/Toony_Tiny_Citizens/Animations/female/Anim_f_throw.uasset" 1292
"/Users/emmanuelwestfield/Desktop/New_Level_Layout/Content/Toony_Tiny_Citizens/Animations/female/Anim_f_throw.uexp" 1293
"/Users/emmanuelwestfield/Desktop/New_Level_Layout/Content/Toony_Tiny_Citizens/Animations/female/Anim_f_panic_idle.uasset" 1294
"/Users/emmanuelwestfield/Desktop/New_Level_Layout/Content/Toony_Tiny_Citizens/Animations/female/Anim_f_panic_idle.uexp" 1295
"/Users/emmanuelwestfield/Desktop/New_Level_Layout/Content/Toony_Tiny_Citizens/Animations/female/Anim_f_jump_A_start.uasset" 1296
"/Users/emmanuelwestfield/Desktop/New_Level_Layout/Content/Toony_Tiny_Citizens/Animations/female/Anim_f_jump_A_start.uexp" 1297
"/Users/emmanuelwestfield/Desktop/New_Level_Layout/Content/Toony_Tiny_Citizens/Animations/female/Anim_f_jump_B_loop.uasset" 1298
"/Users/emmanuelwestfield/Desktop/New_Level_Layout/Content/Toony_Tiny_Citizens/Animations/female/Anim_f_jump_B_loop.uexp" 1299
"/Users/emmanuelwestfield/Desktop/New_Level_Layout/Content/Toony_Tiny_Citizens/Animations/female/Anim_f_panic_run.uasset" 1300
"/Users/emmanuelwestfield/Desktop/New_Level_Layout/Content/Toony_Tiny_Citizens/Animations/female/Anim_f_panic_run.uexp" 1301
"/Users/emmanuelwestfield/Desktop/New_Level_Layout/Content/Toony_Tiny_Citizens/Animations/female/Anim_f_talk.uasset" 1302
"/Users/emmanuelwestfield/Desktop/New_Level_Layout/Content/Toony_Tiny_Citizens/Animations/female/Anim_f_talk.uexp" 1303
"/Users/emmanuelwestfield/Desktop/New_Level_Layout/Content/Toony_Tiny_Citizens/Animations/female/Anim_f_run.uasset" 1304
"/Users/emmanuelwestfield/Desktop/New_Level_Layout/Content/Toony_Tiny_Citizens/Animations/female/Anim_f_run.uexp" 1305
"/Users/emmanuelwestfield/Desktop/New_Level_Layout/Content/Toony_Tiny_Citizens/Animations/female/Fight/Anim_f_fight_damage.uasset" 1306
"/Users/emmanuelwestfield/Desktop/New_Level_Layout/Content/Toony_Tiny_Citizens/Animations/female/Fight/Anim_f_fight_damage.uexp" 1307
"/Users/emmanuelwestfield/Desktop/New_Level_Layout/Content/Toony_Tiny_Citizens/Animations/female/Fight/Anim_f_fight_run.uasset" 1308
"/Users/emmanuelwestfield/Desktop/New_Level_Layout/Content/Toony_Tiny_Citizens/Animations/female/Fight/Anim_f_fight_run.uexp" 1309
"/Users/emmanuelwestfield/Desktop/New_Level_Layout/Content/Toony_Tiny_Citizens/Animations/female/Fight/Anim_f_fight_attack_A.uasset" 1310
"/Users/emmanuelwestfield/Desktop/New_Level_Layout/Content/Toony_Tiny_Citizens/Animations/female/Fight/Anim_f_fight_attack_A.uexp" 1311
"/Users/emmanuelwestfield/Desktop/New_Level_Layout/Content/Toony_Tiny_Citizens/Animations/female/Fight/Anim_f_fight_walk.uasset" 1312
"/Users/emmanuelwestfield/Desktop/New_Level_Layout/Content/Toony_Tiny_Citizens/Animations/female/Fight/Anim_f_fight_walk.uexp" 1313
"/Users/emmanuelwestfield/Desktop/New_Level_Layout/Content/Toony_Tiny_Citizens/Animations/female/Fight/Anim_f_fight_idle.uasset" 1314
"/Users/emmanuelwestfield/Desktop/New_Level_Layout/Content/Toony_Tiny_Citizens/Animations/female/Fight/Anim_f_fight_idle.uexp" 1315
"/Users/emmanuelwestfield/Desktop/New_Level_Layout/Content/Toony_Tiny_Citizens/Animations/female/Fight/Anim_f_fight_jump_B_loop.uasset" 1316
"/Users/emmanuelwestfield/Desktop/New_Level_Layout/Content/Toony_Tiny_Citizens/Animations/female/Fight/Anim_f_fight_jump_B_loop.uexp" 1317
"/Users/emmanuelwestfield/Desktop/New_Level_Layout/Content/Toony_Tiny_Citizens/Animations/female/Fight/Anim_f_fight_jump_A_start.uasset" 1318
"/Users/emmanuelwestfield/Desktop/New_Level_Layout/Content/Toony_Tiny_Citizens/Animations/female/Fight/Anim_f_fight_jump_A_start.uexp" 1319
"/Users/emmanuelwestfield/Desktop/New_Level_Layout/Content/Toony_Tiny_Citizens/Animations/female/Fight/Anim_f_fight_attack_B.uasset" 1320
"/Users/emmanuelwestfield/Desktop/New_Level_Layout/Content/Toony_Tiny_Citizens/Animations/female/Fight/Anim_f_fight_attack_B.uexp" 1321
"/Users/emmanuelwestfield/Desktop/New_Level_Layout/Content/Toony_Tiny_Citizens/Animations/female/Fight/Anim_f_fight_jump_C_land.uasset" 1322
"/Users/emmanuelwestfield/Desktop/New_Level_Layout/Content/Toony_Tiny_Citizens/Animations/female/Fight/Anim_f_fight_jump_C_land.uexp" 1323
"/Users/emmanuelwestfield/Desktop/New_Level_Layout/Content/Toony_Tiny_Citizens/Animations/female/Weapon/Anim_f_weapon_walk.uasset" 1324
"/Users/emmanuelwestfield/Desktop/New_Level_Layout/Content/Toony_Tiny_Citizens/Animations/female/Weapon/Anim_f_weapon_walk.uexp" 1325
"/Users/emmanuelwestfield/Desktop/New_Level_Layout/Content/Toony_Tiny_Citizens/Animations/female/Weapon/Anim_f_weapon_shoot_burst.uasset" 1326
"/Users/emmanuelwestfield/Desktop/New_Level_Layout/Content/Toony_Tiny_Citizens/Animations/female/Weapon/Anim_f_weapon_shoot_burst.uexp" 1327
"/Users/emmanuelwestfield/Desktop/New_Level_Layout/Content/Toony_Tiny_Citizens/Animations/female/Weapon/Anim_f_weapon_jump_B_loop.uasset" 1328
"/Users/emmanuelwestfield/Desktop/New_Level_Layout/Content/Toony_Tiny_Citizens/Animations/female/Weapon/Anim_f_weapon_jump_B_loop.uexp" 1329
"/Users/emmanuelwestfield/Desktop/New_Level_Layout/Content/Toony_Tiny_Citizens/Animations/female/Weapon/Anim_f_pistol_shoot_burst.uasset" 1330
"/Users/emmanuelwestfield/Desktop/New_Level_Layout/Content/Toony_Tiny_Citizens/Animations/female/Weapon/Anim_f_pistol_shoot_burst.uexp" 1331
"/Users/emmanuelwestfield/Desktop/New_Level_Layout/Content/Toony_Tiny_Citizens/Animations/female/Weapon/Anim_f_weapon_death_B.uasset" 1332
"/Users/emmanuelwestfield/Desktop/New_Level_Layout/Content/Toony_Tiny_Citizens/Animations/female/Weapon/Anim_f_weapon_death_B.uexp" 1333
"/Users/emmanuelwestfield/Desktop/New_Level_Layout/Content/Toony_Tiny_Citizens/Animations/female/Weapon/Anim_f_pistol_idle_A.uasset" 1334
"/Users/emmanuelwestfield/Desktop/New_Level_Layout/Content/Toony_Tiny_Citizens/Animations/female/Weapon/Anim_f_pistol_idle_A.uexp" 1335
"/Users/emmanuelwestfield/Desktop/New_Level_Layout/Content/Toony_Tiny_Citizens/Animations/female/Weapon/Anim_f_pistol_run.uasset" 1336
"/Users/emmanuelwestfield/Desktop/New_Level_Layout/Content/Toony_Tiny_Citizens/Animations/female/Weapon/Anim_f_pistol_run.uexp" 1337
"/Users/emmanuelwestfield/Desktop/New_Level_Layout/Content/Toony_Tiny_Citizens/Animations/female/Weapon/Anim_f_pistol_walk.uasset" 1338
"/Users/emmanuelwestfield/Desktop/New_Level_Layout/Content/Toony_Tiny_Citizens/Animations/female/Weapon/Anim_f_pistol_walk.uexp" 1339
"/Users/emmanuelwestfield/Desktop/New_Level_Layout/Content/Toony_Tiny_Citizens/Animations/female/Weapon/Anim_f_weapon_jump_C_land.uasset" 1340
"/Users/emmanuelwestfield/Desktop/New_Level_Layout/Content/Toony_Tiny_Citizens/Animations/female/Weapon/Anim_f_weapon_jump_C_land.uexp" 1341
"/Users/emmanuelwestfield/Desktop/New_Level_Layout/Content/Toony_Tiny_Citizens/Animations/female/Weapon/Anim_f_weapon_interact_A.uasset" 1342
"/Users/emmanuelwestfield/Desktop/New_Level_Layout/Content/Toony_Tiny_Citizens/Animations/female/Weapon/Anim_f_weapon_interact_A.uexp" 1343
"/Users/emmanuelwestfield/Desktop/New_Level_Layout/Content/Toony_Tiny_Citizens/Animations/female/Weapon/Anim_f_weapon_death_D.uasset" 1344
"/Users/emmanuelwestfield/Desktop/New_Level_Layout/Content/Toony_Tiny_Citizens/Animations/female/Weapon/Anim_f_weapon_death_D.uexp" 1345
"/Users/emmanuelwestfield/Desktop/New_Level_Layout/Content/Toony_Tiny_Citizens/Animations/female/Weapon/Anim_f_weapon_idle_B.uasset" 1346
"/Users/emmanuelwestfield/Desktop/New_Level_Layout/Content/Toony_Tiny_Citizens/Animations/female/Weapon/Anim_f_weapon_idle_B.uexp" 1347
"/Users/emmanuelwestfield/Desktop/New_Level_Layout/Content/Toony_Tiny_Citizens/Animations/female/Weapon/Anim_f_weapon_run.uasset" 1348
"/Users/emmanuelwestfield/Desktop/New_Level_Layout/Content/Toony_Tiny_Citizens/Animations/female/Weapon/Anim_f_weapon_run.uexp" 1349
"/Users/emmanuelwestfield/Desktop/New_Level_Layout/Content/Toony_Tiny_Citizens/Animations/female/Weapon/Anim_f_weapon_death_A.uasset" 1350
"/Users/emmanuelwestfield/Desktop/New_Level_Layout/Content/Toony_Tiny_Citizens/Animations/female/Weapon/Anim_f_weapon_death_A.uexp" 1351
"/Users/emmanuelwestfield/Desktop/New_Level_Layout/Content/Toony_Tiny_Citizens/Animations/female/Weapon/Anim_f_weapon_wave.uasset" 1352
"/Users/emmanuelwestfield/Desktop/New_Level_Layout/Content/Toony_Tiny_Citizens/Animations/female/Weapon/Anim_f_weapon_wave.uexp" 1353
"/Users/emmanuelwestfield/Desktop/New_Level_Layout/Content/Toony_Tiny_Citizens/Animations/female/Weapon/Anim_f_pistol_draw.uasset" 1354
"/Users/emmanuelwestfield/Desktop/New_Level_Layout/Content/Toony_Tiny_Citizens/Animations/female/Weapon/Anim_f_pistol_draw.uexp" 1355
"/Users/emmanuelwestfield/Desktop/New_Level_Layout/Content/Toony_Tiny_Citizens/Animations/female/Weapon/Anim_f_weapon_damage.uasset" 1356
"/Users/emmanuelwestfield/Desktop/New_Level_Layout/Content/Toony_Tiny_Citizens/Animations/female/Weapon/Anim_f_weapon_damage.uexp" 1357
"/Users/emmanuelwestfield/Desktop/New_Level_Layout/Content/Toony_Tiny_Citizens/Animations/female/Weapon/Anim_f_weapon_death_C.uasset" 1358
"/Users/emmanuelwestfield/Desktop/New_Level_Layout/Content/Toony_Tiny_Citizens/Animations/female/Weapon/Anim_f_weapon_death_C.uexp" 1359
"/Users/emmanuelwestfield/Desktop/New_Level_Layout/Content/Toony_Tiny_Citizens/Animations/female/Weapon/Anim_f_weapon_throw.uasset" 1360
"/Users/emmanuelwestfield/Desktop/New_Level_Layout/Content/Toony_Tiny_Citizens/Animations/female/Weapon/Anim_f_weapon_throw.uexp" 1361
"/Users/emmanuelwestfield/Desktop/New_Level_Layout/Content/Toony_Tiny_Citizens/Animations/female/Weapon/Anim_f_weapon_interact_B.uasset" 1362
"/Users/emmanuelwestfield/Desktop/New_Level_Layout/Content/Toony_Tiny_Citizens/Animations/female/Weapon/Anim_f_weapon_interact_B.uexp" 1363
"/Users/emmanuelwestfield/Desktop/New_Level_Layout/Content/Toony_Tiny_Citizens/Animations/female/Weapon/Anim_f_weapon_talk.uasset" 1364
"/Users/emmanuelwestfield/Desktop/New_Level_Layout/Content/Toony_Tiny_Citizens/Animations/female/Weapon/Anim_f_weapon_talk.uexp" 1365
"/Users/emmanuelwestfield/Desktop/New_Level_Layout/Content/Toony_Tiny_Citizens/Animations/female/Weapon/Anim_f_weapon_draw.uasset" 1366
"/Users/emmanuelwestfield/Desktop/New_Level_Layout/Content/Toony_Tiny_Citizens/Animations/female/Weapon/Anim_f_weapon_draw.uexp" 1367
"/Users/emmanuelwestfield/Desktop/New_Level_Layout/Content/Toony_Tiny_Citizens/Animations/female/Weapon/Anim_f_weapon_idle_A.uasset" 1368
"/Users/emmanuelwestfield/Desktop/New_Level_Layout/Content/Toony_Tiny_Citizens/Animations/female/Weapon/Anim_f_weapon_idle_A.uexp" 1369
"/Users/emmanuelwestfield/Desktop/New_Level_Layout/Content/Toony_Tiny_Citizens/Animations/female/Weapon/Anim_f_weapon_shoot_loop.uasset" 1370
"/Users/emmanuelwestfield/Desktop/New_Level_Layout/Content/Toony_Tiny_Citizens/Animations/female/Weapon/Anim_f_weapon_shoot_loop.uexp" 1371
"/Users/emmanuelwestfield/Desktop/New_Level_Layout/Content/Toony_Tiny_Citizens/Animations/female/Weapon/Anim_f_weapon_jump_A_start.uasset" 1372
"/Users/emmanuelwestfield/Desktop/New_Level_Layout/Content/Toony_Tiny_Citizens/Animations/female/Weapon/Anim_f_weapon_jump_A_start.uexp" 1373
"/Users/emmanuelwestfield/Desktop/New_Level_Layout/Content/Toony_Tiny_Citizens/Animations/female/Weapon/Anim_f_weapon_shoot.uasset" 1374
"/Users/emmanuelwestfield/Desktop/New_Level_Layout/Content/Toony_Tiny_Citizens/Animations/female/Weapon/Anim_f_weapon_shoot.uexp" 1375
"/Users/emmanuelwestfield/Desktop/New_Level_Layout/Content/Toony_Tiny_Citizens/Animations/female/Weapon/Anim_f_pistol_idle_B.uasset" 1376
"/Users/emmanuelwestfield/Desktop/New_Level_Layout/Content/Toony_Tiny_Citizens/Animations/female/Weapon/Anim_f_pistol_idle_B.uexp" 1377
"/Users/emmanuelwestfield/Desktop/New_Level_Layout/Content/Toony_Tiny_Citizens/Animations/female/Melee/Anim_f_melee_run.uasset" 1378
"/Users/emmanuelwestfield/Desktop/New_Level_Layout/Content/Toony_Tiny_Citizens/Animations/female/Melee/Anim_f_melee_run.uexp" 1379
"/Users/emmanuelwestfield/Desktop/New_Level_Layout/Content/Toony_Tiny_Citizens/Animations/female/Melee/Anim_f_melee_combat_walk.uasset" 1380
"/Users/emmanuelwestfield/Desktop/New_Level_Layout/Content/Toony_Tiny_Citizens/Animations/female/Melee/Anim_f_melee_combat_walk.uexp" 1381
"/Users/emmanuelwestfield/Desktop/New_Level_Layout/Content/Toony_Tiny_Citizens/Animations/female/Melee/Anim_f_melee_combat_attack_A.uasset" 1382
"/Users/emmanuelwestfield/Desktop/New_Level_Layout/Content/Toony_Tiny_Citizens/Animations/female/Melee/Anim_f_melee_combat_attack_A.uexp" 1383
"/Users/emmanuelwestfield/Desktop/New_Level_Layout/Content/Toony_Tiny_Citizens/Animations/female/Melee/Anim_f_melee_combat_attack_C.uasset" 1384
"/Users/emmanuelwestfield/Desktop/New_Level_Layout/Content/Toony_Tiny_Citizens/Animations/female/Melee/Anim_f_melee_combat_attack_C.uexp" 1385
"/Users/emmanuelwestfield/Desktop/New_Level_Layout/Content/Toony_Tiny_Citizens/Animations/female/Melee/Anim_f_melee_combat_jump_B_loop.uasset" 1386
"/Users/emmanuelwestfield/Desktop/New_Level_Layout/Content/Toony_Tiny_Citizens/Animations/female/Melee/Anim_f_melee_combat_jump_B_loop.uexp" 1387
"/Users/emmanuelwestfield/Desktop/New_Level_Layout/Content/Toony_Tiny_Citizens/Animations/female/Melee/Anim_f_melee_combat_run.uasset" 1388
"/Users/emmanuelwestfield/Desktop/New_Level_Layout/Content/Toony_Tiny_Citizens/Animations/female/Melee/Anim_f_melee_combat_run.uexp" 1389
"/Users/emmanuelwestfield/Desktop/New_Level_Layout/Content/Toony_Tiny_Citizens/Animations/female/Melee/Anim_f_melee_interact_B.uasset" 1390
"/Users/emmanuelwestfield/Desktop/New_Level_Layout/Content/Toony_Tiny_Citizens/Animations/female/Melee/Anim_f_melee_interact_B.uexp" 1391
"/Users/emmanuelwestfield/Desktop/New_Level_Layout/Content/Toony_Tiny_Citizens/Animations/female/Melee/Anim_f_melee_combat_jump_C_land.uasset" 1392
"/Users/emmanuelwestfield/Desktop/New_Level_Layout/Content/Toony_Tiny_Citizens/Animations/female/Melee/Anim_f_melee_combat_jump_C_land.uexp" 1393
"/Users/emmanuelwestfield/Desktop/New_Level_Layout/Content/Toony_Tiny_Citizens/Animations/female/Melee/Anim_f_melee_idle.uasset" 1394
"/Users/emmanuelwestfield/Desktop/New_Level_Layout/Content/Toony_Tiny_Citizens/Animations/female/Melee/Anim_f_melee_idle.uexp" 1395
"/Users/emmanuelwestfield/Desktop/New_Level_Layout/Content/Toony_Tiny_Citizens/Animations/female/Melee/Anim_f_melee_draw.uasset" 1396
"/Users/emmanuelwestfield/Desktop/New_Level_Layout/Content/Toony_Tiny_Citizens/Animations/female/Melee/Anim_f_melee_draw.uexp" 1397
"/Users/emmanuelwestfield/Desktop/New_Level_Layout/Content/Toony_Tiny_Citizens/Animations/female/Melee/Anim_f_melee_combat_jump_A_start.uasset" 1398
"/Users/emmanuelwestfield/Desktop/New_Level_Layout/Content/Toony_Tiny_Citizens/Animations/female/Melee/Anim_f_melee_combat_jump_A_start.uexp" 1399
"/Users/emmanuelwestfield/Desktop/New_Level_Layout/Content/Toony_Tiny_Citizens/Animations/female/Melee/Anim_f_melee_combat_damage.uasset" 1400
"/Users/emmanuelwestfield/Desktop/New_Level_Layout/Content/Toony_Tiny_Citizens/Animations/female/Melee/Anim_f_melee_combat_damage.uexp" 1401
"/Users/emmanuelwestfield/Desktop/New_Level_Layout/Content/Toony_Tiny_Citizens/Animations/female/Melee/Anim_f_melee_jump_C_land.uasset" 1402
"/Users/emmanuelwestfield/Desktop/New_Level_Layout/Content/Toony_Tiny_Citizens/Animations/female/Melee/Anim_f_melee_jump_C_land.uexp" 1403
"/Users/emmanuelwestfield/Desktop/New_Level_Layout/Content/Toony_Tiny_Citizens/Animations/female/Melee/Anim_f_melee_jump_A_start.uasset" 1404
"/Users/emmanuelwestfield/Desktop/New_Level_Layout/Content/Toony_Tiny_Citizens/Animations/female/Melee/Anim_f_melee_jump_A_start.uexp" 1405
"/Users/emmanuelwestfield/Desktop/New_Level_Layout/Content/Toony_Tiny_Citizens/Animations/female/Melee/Anim_f_melee_walk.uasset" 1406
"/Users/emmanuelwestfield/Desktop/New_Level_Layout/Content/Toony_Tiny_Citizens/Animations/female/Melee/Anim_f_melee_walk.uexp" 1407
"/Users/emmanuelwestfield/Desktop/New_Level_Layout/Content/Toony_Tiny_Citizens/Animations/female/Melee/Anim_f_melee_combat_attack_B.uasset" 1408
"/Users/emmanuelwestfield/Desktop/New_Level_Layout/Content/Toony_Tiny_Citizens/Animations/female/Melee/Anim_f_melee_combat_attack_B.uexp" 1409
"/Users/emmanuelwestfield/Desktop/New_Level_Layout/Content/Toony_Tiny_Citizens/Animations/female/Melee/Anim_f_melee_throw.uasset" 1410
"/Users/emmanuelwestfield/Desktop/New_Level_Layout/Content/Toony_Tiny_Citizens/Animations/female/Melee/Anim_f_melee_throw.uexp" 1411
"/Users/emmanuelwestfield/Desktop/New_Level_Layout/Content/Toony_Tiny_Citizens/Animations/female/Melee/Anim_f_melee_combat_draw.uasset" 1412
"/Users/emmanuelwestfield/Desktop/New_Level_Layout/Content/Toony_Tiny_Citizens/Animations/female/Melee/Anim_f_melee_combat_draw.uexp" 1413
"/Users/emmanuelwestfield/Desktop/New_Level_Layout/Content/Toony_Tiny_Citizens/Animations/female/Melee/Anim_f_melee_combat_idle.uasset" 1414
"/Users/emmanuelwestfield/Desktop/New_Level_Layout/Content/Toony_Tiny_Citizens/Animations/female/Melee/Anim_f_melee_combat_idle.uexp" 1415
"/Users/emmanuelwestfield/Desktop/New_Level_Layout/Content/Toony_Tiny_Citizens/Animations/female/Melee/Anim_f_melee_jump_B_loop.uasset" 1416
"/Users/emmanuelwestfield/Desktop/New_Level_Layout/Content/Toony_Tiny_Citizens/Animations/female/Melee/Anim_f_melee_jump_B_loop.uexp" 1417
"/Users/emmanuelwestfield/Desktop/New_Level_Layout/Content/Toony_Tiny_Citizens/Animations/female/Melee/Anim_f_melee_interact_A.uasset" 1418
"/Users/emmanuelwestfield/Desktop/New_Level_Layout/Content/Toony_Tiny_Citizens/Animations/female/Melee/Anim_f_melee_interact_A.uexp" 1419
"/Users/emmanuelwestfield/Desktop/New_Level_Layout/Content/Toony_Tiny_Citizens/Animations/female/Melee/Anim_f_melee_combat_throw.uasset" 1420
"/Users/emmanuelwestfield/Desktop/New_Level_Layout/Content/Toony_Tiny_Citizens/Animations/female/Melee/Anim_f_melee_combat_throw.uexp" 1421
"/Users/emmanuelwestfield/Desktop/New_Level_Layout/Content/Geometry/Flag/lambert5.uasset" 1422
"/Users/emmanuelwestfield/Desktop/New_Level_Layout/Content/Geometry/Flag/lambert5.uexp" 1423
"/Users/emmanuelwestfield/Desktop/New_Level_Layout/Content/Geometry/Flag/lambert4.uasset" 1424
"/Users/emmanuelwestfield/Desktop/New_Level_Layout/Content/Geometry/Flag/lambert4.uexp" 1425
"/Users/emmanuelwestfield/Desktop/New_Level_Layout/Content/Geometry/Meshes/CubeMaterial.uasset" 1426
"/Users/emmanuelwestfield/Desktop/New_Level_Layout/Content/Geometry/Meshes/CubeMaterial.uexp" 1427
"/Users/emmanuelwestfield/Desktop/New_Level_Layout/Content/Geometry/Meshes/TemplateFloor.uasset" 1428
"/Users/emmanuelwestfield/Desktop/New_Level_Layout/Content/Geometry/Meshes/TemplateFloor.uexp" 1429
"/Users/emmanuelwestfield/Desktop/New_Level_Layout/Content/Geometry/Meshes/1M_Cube_Chamfer.uasset" 1430
"/Users/emmanuelwestfield/Desktop/New_Level_Layout/Content/Geometry/Meshes/1M_Cube_Chamfer.uexp" 1431
"/Users/emmanuelwestfield/Desktop/New_Level_Layout/Content/Animation/Ortiz_Motion_Ch5/Strut_Walking_1_.uasset" 1432
"/Users/emmanuelwestfield/Desktop/New_Level_Layout/Content/Animation/Ortiz_Motion_Ch5/Strut_Walking_1_.uexp" 1433
"/Users/emmanuelwestfield/Desktop/New_Level_Layout/Content/Animation/Ortiz_Motion_Ch5/Warrior_Idle.uasset" 1434
"/Users/emmanuelwestfield/Desktop/New_Level_Layout/Content/Animation/Ortiz_Motion_Ch5/Warrior_Idle.uexp" 1435
"/Users/emmanuelwestfield/Desktop/New_Level_Layout/Content/Animation/Ortiz_Motion_Ch5/Run_Forward.uasset" 1436
"/Users/emmanuelwestfield/Desktop/New_Level_Layout/Content/Animation/Ortiz_Motion_Ch5/Run_Forward.uexp" 1437
"/Users/emmanuelwestfield/Desktop/New_Level_Layout/Content/Charaters/Ortiz/Ortiz_BlendSpace.uasset" 1438
"/Users/emmanuelwestfield/Desktop/New_Level_Layout/Content/Charaters/Ortiz/Ortiz_BlendSpace.uexp" 1439
"/Users/emmanuelwestfield/Desktop/New_Level_Layout/Content/Animation/Ortiz_Motion_Ch5/Jumping.uasset" 1440
"/Users/emmanuelwestfield/Desktop/New_Level_Layout/Content/Animation/Ortiz_Motion_Ch5/Jumping.uexp" 1441
"/Users/emmanuelwestfield/Desktop/New_Level_Layout/Content/Animation/Ortiz_Motion_Ch5/Falling_To_Landing.uasset" 1442
"/Users/emmanuelwestfield/Desktop/New_Level_Layout/Content/Animation/Ortiz_Motion_Ch5/Falling_To_Landing.uexp" 1443
"/Users/emmanuelwestfield/Desktop/New_Level_Layout/Content/Charaters/Ortiz/character_5__PhysicsAsset.uasset" 1444
"/Users/emmanuelwestfield/Desktop/New_Level_Layout/Content/Charaters/Ortiz/character_5__PhysicsAsset.uexp" 1445
"/Users/emmanuelwestfield/Desktop/New_Level_Layout/Content/Charaters/Ortiz/Ch43_1001_Specular.uasset" 1446
"/Users/emmanuelwestfield/Desktop/New_Level_Layout/Content/Charaters/Ortiz/Ch43_1001_Specular.uexp" 1447
"/Users/emmanuelwestfield/Desktop/New_Level_Layout/Content/Charaters/Ortiz/Ch43_1001_Specular.ubulk" 1448
"/Users/emmanuelwestfield/Desktop/New_Level_Layout/Content/Charaters/Ortiz/Ch43_1001_Normal.uasset" 1449
"/Users/emmanuelwestfield/Desktop/New_Level_Layout/Content/Charaters/Ortiz/Ch43_1001_Normal.uexp" 1450
"/Users/emmanuelwestfield/Desktop/New_Level_Layout/Content/Charaters/Ortiz/Ch43_1001_Normal.ubulk" 1451
"/Users/emmanuelwestfield/Desktop/New_Level_Layout/Content/Charaters/Ortiz/Ch43_1001_Glossiness.uasset" 1452
"/Users/emmanuelwestfield/Desktop/New_Level_Layout/Content/Charaters/Ortiz/Ch43_1001_Glossiness.uexp" 1453
"/Users/emmanuelwestfield/Desktop/New_Level_Layout/Content/Charaters/Ortiz/Ch43_1001_Glossiness.ubulk" 1454
"/Users/emmanuelwestfield/Desktop/New_Level_Layout/Content/Charaters/Ortiz/Ch43_1001_Diffuse.uasset" 1455
"/Users/emmanuelwestfield/Desktop/New_Level_Layout/Content/Charaters/Ortiz/Ch43_1001_Diffuse.uexp" 1456
"/Users/emmanuelwestfield/Desktop/New_Level_Layout/Content/Charaters/Ortiz/Ch43_1001_Diffuse.ubulk" 1457
"/Users/emmanuelwestfield/Desktop/New_Level_Layout/Content/Charaters/Ortiz/Ch43_Body.uasset" 1458
"/Users/emmanuelwestfield/Desktop/New_Level_Layout/Content/Charaters/Ortiz/Ch43_Body.uexp" 1459
"/Users/emmanuelwestfield/Desktop/New_Level_Layout/Content/Charaters/Ortiz/character_5_.uasset" 1460
"/Users/emmanuelwestfield/Desktop/New_Level_Layout/Content/Charaters/Ortiz/character_5_.uexp" 1461
"/Users/emmanuelwestfield/Desktop/New_Level_Layout/Content/ThirdPersonBP/Blueprints/ThirdPersonCharacter5.uasset" 1462
"/Users/emmanuelwestfield/Desktop/New_Level_Layout/Content/ThirdPersonBP/Blueprints/ThirdPersonCharacter5.uexp" 1463
"/Users/emmanuelwestfield/Desktop/New_Level_Layout/Content/Charaters/Ortiz/Ortiz_AnimBlueprint.uasset" 1464
"/Users/emmanuelwestfield/Desktop/New_Level_Layout/Content/Charaters/Ortiz/Ortiz_AnimBlueprint.uexp" 1465
"/Users/emmanuelwestfield/Desktop/New_Level_Layout/Content/Animation/Mousey_Motion_Ch2/NewFolder/Happy_Idle_1_.uasset" 1466
"/Users/emmanuelwestfield/Desktop/New_Level_Layout/Content/Animation/Mousey_Motion_Ch2/NewFolder/Happy_Idle_1_.uexp" 1467
"/Users/emmanuelwestfield/Desktop/New_Level_Layout/Content/Animation/Mousey_Motion_Ch2/NewFolder/Walking_5_.uasset" 1468
"/Users/emmanuelwestfield/Desktop/New_Level_Layout/Content/Animation/Mousey_Motion_Ch2/NewFolder/Walking_5_.uexp" 1469
"/Users/emmanuelwestfield/Desktop/New_Level_Layout/Content/Animation/Mousey_Motion_Ch2/NewFolder/Goofy_Running_1_.uasset" 1470
"/Users/emmanuelwestfield/Desktop/New_Level_Layout/Content/Animation/Mousey_Motion_Ch2/NewFolder/Goofy_Running_1_.uexp" 1471
"/Users/emmanuelwestfield/Desktop/New_Level_Layout/Content/Charaters/Mousey/Mousy_BlendSpace.uasset" 1472
"/Users/emmanuelwestfield/Desktop/New_Level_Layout/Content/Charaters/Mousey/Mousy_BlendSpace.uexp" 1473
"/Users/emmanuelwestfield/Desktop/New_Level_Layout/Content/Animation/Mousey_Motion_Ch2/NewFolder/Jumping.uasset" 1474
"/Users/emmanuelwestfield/Desktop/New_Level_Layout/Content/Animation/Mousey_Motion_Ch2/NewFolder/Jumping.uexp" 1475
"/Users/emmanuelwestfield/Desktop/New_Level_Layout/Content/Animation/Mousey_Motion_Ch2/NewFolder/Hard_Landing.uasset" 1476
"/Users/emmanuelwestfield/Desktop/New_Level_Layout/Content/Animation/Mousey_Motion_Ch2/NewFolder/Hard_Landing.uexp" 1477
"/Users/emmanuelwestfield/Desktop/New_Level_Layout/Content/Charaters/Mousey/character_2__PhysicsAsset.uasset" 1478
"/Users/emmanuelwestfield/Desktop/New_Level_Layout/Content/Charaters/Mousey/character_2__PhysicsAsset.uexp" 1479
"/Users/emmanuelwestfield/Desktop/New_Level_Layout/Content/Charaters/Mousey/Ch14_1001_Normal.uasset" 1480
"/Users/emmanuelwestfield/Desktop/New_Level_Layout/Content/Charaters/Mousey/Ch14_1001_Normal.uexp" 1481
"/Users/emmanuelwestfield/Desktop/New_Level_Layout/Content/Charaters/Mousey/Ch14_1001_Normal.ubulk" 1482
"/Users/emmanuelwestfield/Desktop/New_Level_Layout/Content/Charaters/Mousey/Ch14_1001_Diffuse.uasset" 1483
"/Users/emmanuelwestfield/Desktop/New_Level_Layout/Content/Charaters/Mousey/Ch14_1001_Diffuse.uexp" 1484
"/Users/emmanuelwestfield/Desktop/New_Level_Layout/Content/Charaters/Mousey/Ch14_1001_Diffuse.ubulk" 1485
"/Users/emmanuelwestfield/Desktop/New_Level_Layout/Content/Charaters/Mousey/Ch14_1001_Glossiness.uasset" 1486
"/Users/emmanuelwestfield/Desktop/New_Level_Layout/Content/Charaters/Mousey/Ch14_1001_Glossiness.uexp" 1487
"/Users/emmanuelwestfield/Desktop/New_Level_Layout/Content/Charaters/Mousey/Ch14_1001_Glossiness.ubulk" 1488
"/Users/emmanuelwestfield/Desktop/New_Level_Layout/Content/Charaters/Mousey/Ch14_1001_Specular.uasset" 1489
"/Users/emmanuelwestfield/Desktop/New_Level_Layout/Content/Charaters/Mousey/Ch14_1001_Specular.uexp" 1490
"/Users/emmanuelwestfield/Desktop/New_Level_Layout/Content/Charaters/Mousey/Ch14_1001_Specular.ubulk" 1491
"/Users/emmanuelwestfield/Desktop/New_Level_Layout/Content/Charaters/Mousey/Ch14_Body.uasset" 1492
"/Users/emmanuelwestfield/Desktop/New_Level_Layout/Content/Charaters/Mousey/Ch14_Body.uexp" 1493
"/Users/emmanuelwestfield/Desktop/New_Level_Layout/Content/Charaters/Mousey/character_2_.uasset" 1494
"/Users/emmanuelwestfield/Desktop/New_Level_Layout/Content/Charaters/Mousey/character_2_.uexp" 1495
"/Users/emmanuelwestfield/Desktop/New_Level_Layout/Content/ThirdPersonBP/Blueprints/ThirdPersonCharacter3.uasset" 1496
"/Users/emmanuelwestfield/Desktop/New_Level_Layout/Content/ThirdPersonBP/Blueprints/ThirdPersonCharacter3.uexp" 1497
"/Users/emmanuelwestfield/Desktop/New_Level_Layout/Content/Charaters/Mousey/Mousey_AnimBlueprint.uasset" 1498
"/Users/emmanuelwestfield/Desktop/New_Level_Layout/Content/Charaters/Mousey/Mousey_AnimBlueprint.uexp" 1499
"/Users/emmanuelwestfield/Desktop/New_Level_Layout/Content/Charaters/Amy_46/character_Anim.uasset" 1500
"/Users/emmanuelwestfield/Desktop/New_Level_Layout/Content/Charaters/Amy_46/character_Anim.uexp" 1501
"/Users/emmanuelwestfield/Desktop/New_Level_Layout/Content/Charaters/Jackie_29/character_3__Anim.uasset" 1502
"/Users/emmanuelwestfield/Desktop/New_Level_Layout/Content/Charaters/Jackie_29/character_3__Anim.uexp" 1503
"/Users/emmanuelwestfield/Desktop/New_Level_Layout/Content/Charaters/Michelle_4/character_4__Anim.uasset" 1504
"/Users/emmanuelwestfield/Desktop/New_Level_Layout/Content/Charaters/Michelle_4/character_4__Anim.uexp" 1505
"/Users/emmanuelwestfield/Desktop/New_Level_Layout/Content/Charaters/Jolleen_34/character_1__Anim.uasset" 1506
"/Users/emmanuelwestfield/Desktop/New_Level_Layout/Content/Charaters/Jolleen_34/character_1__Anim.uexp" 1507
"/Users/emmanuelwestfield/Desktop/New_Level_Layout/Content/Cloud_Stuff/fog_cloud_MAT.uasset" 1508
"/Users/emmanuelwestfield/Desktop/New_Level_Layout/Content/Cloud_Stuff/fog_cloud_MAT.uexp" 1509
"/Users/emmanuelwestfield/Desktop/New_Level_Layout/Content/Cloud_Stuff/fog_cloud_MAT_Inst.uasset" 1510
"/Users/emmanuelwestfield/Desktop/New_Level_Layout/Content/Cloud_Stuff/fog_cloud_MAT_Inst.uexp" 1511
"/Users/emmanuelwestfield/Desktop/New_Level_Layout/Content/Cloud_Stuff/local_Fog_PS.uasset" 1512
"/Users/emmanuelwestfield/Desktop/New_Level_Layout/Content/Cloud_Stuff/local_Fog_PS.uexp" 1513
"/Users/emmanuelwestfield/Desktop/New_Level_Layout/Content/DodgeBallz/Dodgball_01/Dodgeball01_Physics.uasset" 1514
"/Users/emmanuelwestfield/Desktop/New_Level_Layout/Content/DodgeBallz/Dodgball_01/Dodgeball01_Physics.uexp" 1515
"/Users/emmanuelwestfield/Desktop/New_Level_Layout/Content/DodgeBallz/Dodgball_01/13620-v6.uasset" 1516
"/Users/emmanuelwestfield/Desktop/New_Level_Layout/Content/DodgeBallz/Dodgball_01/13620-v6.uexp" 1517
"/Users/emmanuelwestfield/Desktop/New_Level_Layout/Content/DodgeBallz/Dodgball_01/13620-v6.ubulk" 1518
"/Users/emmanuelwestfield/Desktop/New_Level_Layout/Content/DodgeBallz/Dodgball_01/Dodgball01_lambert2.uasset" 1519
"/Users/emmanuelwestfield/Desktop/New_Level_Layout/Content/DodgeBallz/Dodgball_01/Dodgball01_lambert2.uexp" 1520
"/Users/emmanuelwestfield/Desktop/New_Level_Layout/Content/DodgeBallz/Dodgball_01/Dodgeball_01.uasset" 1521
"/Users/emmanuelwestfield/Desktop/New_Level_Layout/Content/DodgeBallz/Dodgball_01/Dodgeball_01.uexp" 1522
"/Users/emmanuelwestfield/Desktop/New_Level_Layout/Content/DodgeBallz/Dodgball_01/Dodgeball_01_Blueprint.uasset" 1523
"/Users/emmanuelwestfield/Desktop/New_Level_Layout/Content/DodgeBallz/Dodgball_01/Dodgeball_01_Blueprint.uexp" 1524
"/Users/emmanuelwestfield/Desktop/New_Level_Layout/Content/DodgeBallz/9917c0c16402e15bfa5e75161dd26771.uasset" 1525
"/Users/emmanuelwestfield/Desktop/New_Level_Layout/Content/DodgeBallz/9917c0c16402e15bfa5e75161dd26771.uexp" 1526
"/Users/emmanuelwestfield/Desktop/New_Level_Layout/Content/DodgeBallz/blinn4.uasset" 1527
"/Users/emmanuelwestfield/Desktop/New_Level_Layout/Content/DodgeBallz/blinn4.uexp" 1528
"/Users/emmanuelwestfield/Desktop/New_Level_Layout/Content/DodgeBallz/Electric_Dodgeball.uasset" 1529
"/Users/emmanuelwestfield/Desktop/New_Level_Layout/Content/DodgeBallz/Electric_Dodgeball.uexp" 1530
"/Users/emmanuelwestfield/Desktop/New_Level_Layout/Content/DodgeBallz/Electric_Dodgeball_Blueprint.uasset" 1531
"/Users/emmanuelwestfield/Desktop/New_Level_Layout/Content/DodgeBallz/Electric_Dodgeball_Blueprint.uexp" 1532
"/Users/emmanuelwestfield/Desktop/New_Level_Layout/Content/DodgeBallz/35d47d4459b1f254b41cc422bf8ec80d.uasset" 1533
"/Users/emmanuelwestfield/Desktop/New_Level_Layout/Content/DodgeBallz/35d47d4459b1f254b41cc422bf8ec80d.uexp" 1534
"/Users/emmanuelwestfield/Desktop/New_Level_Layout/Content/DodgeBallz/35d47d4459b1f254b41cc422bf8ec80d.ubulk" 1535
"/Users/emmanuelwestfield/Desktop/New_Level_Layout/Content/DodgeBallz/blinn3.uasset" 1536
"/Users/emmanuelwestfield/Desktop/New_Level_Layout/Content/DodgeBallz/blinn3.uexp" 1537
"/Users/emmanuelwestfield/Desktop/New_Level_Layout/Content/DodgeBallz/Cannon_Dogeball.uasset" 1538
"/Users/emmanuelwestfield/Desktop/New_Level_Layout/Content/DodgeBallz/Cannon_Dogeball.uexp" 1539
"/Users/emmanuelwestfield/Desktop/New_Level_Layout/Content/DodgeBallz/Cannon_Dogeball_Blueprint.uasset" 1540
"/Users/emmanuelwestfield/Desktop/New_Level_Layout/Content/DodgeBallz/Cannon_Dogeball_Blueprint.uexp" 1541
"/Users/emmanuelwestfield/Desktop/New_Level_Layout/Content/DodgeBallz/4188373188_509f9ca567_o_2_.uasset" 1542
"/Users/emmanuelwestfield/Desktop/New_Level_Layout/Content/DodgeBallz/4188373188_509f9ca567_o_2_.uexp" 1543
"/Users/emmanuelwestfield/Desktop/New_Level_Layout/Content/DodgeBallz/blinn2.uasset" 1544
"/Users/emmanuelwestfield/Desktop/New_Level_Layout/Content/DodgeBallz/blinn2.uexp" 1545
"/Users/emmanuelwestfield/Desktop/New_Level_Layout/Content/DodgeBallz/Ice_Dodgeball.uasset" 1546
"/Users/emmanuelwestfield/Desktop/New_Level_Layout/Content/DodgeBallz/Ice_Dodgeball.uexp" 1547
"/Users/emmanuelwestfield/Desktop/New_Level_Layout/Content/DodgeBallz/Ice_Dodgeball_Blueprint.uasset" 1548
"/Users/emmanuelwestfield/Desktop/New_Level_Layout/Content/DodgeBallz/Ice_Dodgeball_Blueprint.uexp" 1549
"/Users/emmanuelwestfield/Desktop/New_Level_Layout/Content/DodgeBallz/free-dodgeball-vector-texture.uasset" 1550
"/Users/emmanuelwestfield/Desktop/New_Level_Layout/Content/DodgeBallz/free-dodgeball-vector-texture.uexp" 1551
"/Users/emmanuelwestfield/Desktop/New_Level_Layout/Content/DodgeBallz/lambert4.uasset" 1552
"/Users/emmanuelwestfield/Desktop/New_Level_Layout/Content/DodgeBallz/lambert4.uexp" 1553
"/Users/emmanuelwestfield/Desktop/New_Level_Layout/Content/DodgeBallz/Super_Dodgeball.uasset" 1554
"/Users/emmanuelwestfield/Desktop/New_Level_Layout/Content/DodgeBallz/Super_Dodgeball.uexp" 1555
"/Users/emmanuelwestfield/Desktop/New_Level_Layout/Content/DodgeBallz/Super_Dodgeball_Blueprint.uasset" 1556
"/Users/emmanuelwestfield/Desktop/New_Level_Layout/Content/DodgeBallz/Super_Dodgeball_Blueprint.uexp" 1557
"/Users/emmanuelwestfield/Desktop/New_Level_Layout/Content/DodgeBallz/fireball-422748_960_720.uasset" 1558
"/Users/emmanuelwestfield/Desktop/New_Level_Layout/Content/DodgeBallz/fireball-422748_960_720.uexp" 1559
"/Users/emmanuelwestfield/Desktop/New_Level_Layout/Content/DodgeBallz/blinn1.uasset" 1560
"/Users/emmanuelwestfield/Desktop/New_Level_Layout/Content/DodgeBallz/blinn1.uexp" 1561
"/Users/emmanuelwestfield/Desktop/New_Level_Layout/Content/DodgeBallz/Fire_Dodgeball.uasset" 1562
"/Users/emmanuelwestfield/Desktop/New_Level_Layout/Content/DodgeBallz/Fire_Dodgeball.uexp" 1563
"/Users/emmanuelwestfield/Desktop/New_Level_Layout/Content/DodgeBallz/Fire_Dodgeball_Blueprint.uasset" 1564
"/Users/emmanuelwestfield/Desktop/New_Level_Layout/Content/DodgeBallz/Fire_Dodgeball_Blueprint.uexp" 1565
"/Users/emmanuelwestfield/Desktop/New_Level_Layout/Content/DodgeBallz/13620-v8.uasset" 1566
"/Users/emmanuelwestfield/Desktop/New_Level_Layout/Content/DodgeBallz/13620-v8.uexp" 1567
"/Users/emmanuelwestfield/Desktop/New_Level_Layout/Content/DodgeBallz/13620-v8.ubulk" 1568
"/Users/emmanuelwestfield/Desktop/New_Level_Layout/Content/DodgeBallz/lambert3.uasset" 1569
"/Users/emmanuelwestfield/Desktop/New_Level_Layout/Content/DodgeBallz/lambert3.uexp" 1570
"/Users/emmanuelwestfield/Desktop/New_Level_Layout/Content/DodgeBallz/Dodgeball_02.uasset" 1571
"/Users/emmanuelwestfield/Desktop/New_Level_Layout/Content/DodgeBallz/Dodgeball_02.uexp" 1572
"/Users/emmanuelwestfield/Desktop/New_Level_Layout/Content/DodgeBallz/Dodgeball_02_Blueprint.uasset" 1573
"/Users/emmanuelwestfield/Desktop/New_Level_Layout/Content/DodgeBallz/Dodgeball_02_Blueprint.uexp" 1574
"../../../Engine/Content/Maps/Templates/Thumbnails/Default.uasset" 1575
"../../../Engine/Content/Maps/Templates/Thumbnails/Default.uexp" 1576
"../../../Engine/Content/Maps/Templates/Thumbnails/TimeOfDay.uasset" 1577
"../../../Engine/Content/Maps/Templates/Thumbnails/TimeOfDay.uexp" 1578
"../../../Engine/Content/Maps/Templates/Thumbnails/VR-Basic.uasset" 1579
"../../../Engine/Content/Maps/Templates/Thumbnails/VR-Basic.uexp" 1580
"../../../Engine/Content/MobileResources/T_MobileControls_texture.uasset" 1581
"../../../Engine/Content/MobileResources/T_MobileControls_texture.uexp" 1582
"../../../Engine/Content/MobileResources/T_MobileMenu2.uasset" 1583
"../../../Engine/Content/MobileResources/T_MobileMenu2.uexp" 1584
"../../../Engine/Content/MobileResources/HUD/MobileHUDDirectionPad3.uasset" 1585
"../../../Engine/Content/MobileResources/HUD/MobileHUDDirectionPad3.uexp" 1586
"../../../Engine/Content/MobileResources/HUD/MobileHUDButton2_off.uasset" 1587
"../../../Engine/Content/MobileResources/HUD/MobileHUDButton2_off.uexp" 1588
"../../../Engine/Content/MobileResources/HUD/MobileHUDButton3.uasset" 1589
"../../../Engine/Content/MobileResources/HUD/MobileHUDButton3.uexp" 1590
"../../../Engine/Content/MobileResources/HUD/T_Castle_ThumbstickInner.uasset" 1591
"../../../Engine/Content/MobileResources/HUD/T_Castle_ThumbstickInner.uexp" 1592
"../../../Engine/Content/MobileResources/HUD/MobileHUDDirectionStick.uasset" 1593
"../../../Engine/Content/MobileResources/HUD/MobileHUDDirectionStick.uexp" 1594
"../../../Engine/Content/MobileResources/HUD/VirtualJoystick_Background.uasset" 1595
"../../../Engine/Content/MobileResources/HUD/VirtualJoystick_Background.uexp" 1596
"../../../Engine/Content/MobileResources/HUD/VirtualJoystick_Thumb.uasset" 1597
"../../../Engine/Content/MobileResources/HUD/VirtualJoystick_Thumb.uexp" 1598
"../../../Engine/Content/MobileResources/HUD/DefaultVirtualJoysticks.uasset" 1599
"../../../Engine/Content/MobileResources/HUD/DefaultVirtualJoysticks.uexp" 1600
"../../../Engine/Content/MobileResources/HUD/T_Castle_ThumbstickOutter.uasset" 1601
"../../../Engine/Content/MobileResources/HUD/T_Castle_ThumbstickOutter.uexp" 1602
"../../../Engine/Content/MobileResources/HUD/MobileHUDButton2_on.uasset" 1603
"../../../Engine/Content/MobileResources/HUD/MobileHUDButton2_on.uexp" 1604
"../../../Engine/Content/MobileResources/HUD/MobileHUDDirectionPad2.uasset" 1605
"../../../Engine/Content/MobileResources/HUD/MobileHUDDirectionPad2.uexp" 1606
"../../../Engine/Content/MobileResources/HUD/MobileHUDDirectionPad.uasset" 1607
"../../../Engine/Content/MobileResources/HUD/MobileHUDDirectionPad.uexp" 1608
"../../../Engine/Content/MobileResources/HUD/AnalogHat.uasset" 1609
"../../../Engine/Content/MobileResources/HUD/AnalogHat.uexp" 1610
"../../../Engine/Content/MobileResources/HUD/MobileHUDButton1_on.uasset" 1611
"../../../Engine/Content/MobileResources/HUD/MobileHUDButton1_on.uexp" 1612
"../../../Engine/Content/MobileResources/HUD/MobileHUDButtonFire.uasset" 1613
"../../../Engine/Content/MobileResources/HUD/MobileHUDButtonFire.uexp" 1614
"../../../Engine/Content/MobileResources/HUD/LeftVirtualJoystickOnly.uasset" 1615
"../../../Engine/Content/MobileResources/HUD/LeftVirtualJoystickOnly.uexp" 1616
"../../../Engine/Content/MobileResources/HUD/MobileHUDButton1_off.uasset" 1617
"../../../Engine/Content/MobileResources/HUD/MobileHUDButton1_off.uexp" 1618
"../../../Engine/Content/Tutorial/ContentIntroCurve.uasset" 1619
"../../../Engine/Content/Tutorial/ContentIntroCurve.uexp" 1620
"../../../Engine/Content/Tutorial/Basics/TutorialAssets/icon_tab_Levels_40x.uasset" 1621
"../../../Engine/Content/Tutorial/Basics/TutorialAssets/icon_tab_Levels_40x.uexp" 1622
"../../../Engine/Content/EngineResources/DefaultTextureCube.uasset" 1623
"../../../Engine/Content/EngineResources/DefaultTextureCube.uexp" 1624
"../../../Engine/Content/EngineResources/DefaultVolumeTexture2D.uasset" 1625
"../../../Engine/Content/EngineResources/DefaultVolumeTexture2D.uexp" 1626
"../../../Engine/Content/EngineResources/DefaultVolumeTexture.uasset" 1627
"../../../Engine/Content/EngineResources/DefaultVolumeTexture.uexp" 1628
"../../../Engine/Content/EngineResources/GradientTexture0.uasset" 1629
"../../../Engine/Content/EngineResources/GradientTexture0.uexp" 1630
"../../../Engine/Content/EditorLandscapeResources/DataLayer.uasset" 1631
"../../../Engine/Content/EditorLandscapeResources/DataLayer.uexp" 1632
"../../../Engine/Content/EditorLandscapeResources/DefaultAlphaTexture.uasset" 1633
"../../../Engine/Content/EditorLandscapeResources/DefaultAlphaTexture.uexp" 1634
"../../../Engine/Content/EditorMaterials/Camera/CineMat.uasset" 1635
"../../../Engine/Content/EditorMaterials/Camera/CineMat.uexp" 1636
"../../../Engine/Content/EditorMaterials/Camera/MI_CineMat_Rig.uasset" 1637
"../../../Engine/Content/EditorMaterials/Camera/MI_CineMat_Rig.uexp" 1638
"../../../Engine/Content/EditorMeshes/Camera/SM_CraneRig_Body.uasset" 1639
"../../../Engine/Content/EditorMeshes/Camera/SM_CraneRig_Body.uexp" 1640
"../../../Engine/Content/EditorMeshes/Camera/SM_RailRig_Mount.uasset" 1641
"../../../Engine/Content/EditorMeshes/Camera/SM_RailRig_Mount.uexp" 1642
"../../../Engine/Content/EditorMeshes/Camera/SM_CraneRig_Base.uasset" 1643
"../../../Engine/Content/EditorMeshes/Camera/SM_CraneRig_Base.uexp" 1644
"../../../Engine/Content/EditorMeshes/Camera/SM_CraneRig_Mount.uasset" 1645
"../../../Engine/Content/EditorMeshes/Camera/SM_CraneRig_Mount.uexp" 1646
"../../../Engine/Content/EditorMeshes/Camera/SM_CraneRig_Arm.uasset" 1647
"../../../Engine/Content/EditorMeshes/Camera/SM_CraneRig_Arm.uexp" 1648
"../../../Engine/Content/EditorMeshes/Camera/SM_RailRig_Track.uasset" 1649
"../../../Engine/Content/EditorMeshes/Camera/SM_RailRig_Track.uexp" 1650
"../../../Engine/Content/EngineFonts/Faces/RobotoRegular.uasset" 1651
"../../../Engine/Content/EngineFonts/Faces/RobotoRegular.uexp" 1652
"../../../Engine/Content/EngineFonts/Faces/RobotoRegular.ufont" 1653
"../../../Engine/Content/EngineFonts/Faces/RobotoLight.uasset" 1654
"../../../Engine/Content/EngineFonts/Faces/RobotoLight.uexp" 1655
"../../../Engine/Content/EngineFonts/Faces/RobotoLight.ufont" 1656
"../../../Engine/Content/EngineFonts/Faces/RobotoItalic.uasset" 1657
"../../../Engine/Content/EngineFonts/Faces/RobotoItalic.uexp" 1658
"../../../Engine/Content/EngineFonts/Faces/RobotoItalic.ufont" 1659
"../../../Engine/Content/EngineFonts/Faces/RobotoBoldItalic.uasset" 1660
"../../../Engine/Content/EngineFonts/Faces/RobotoBoldItalic.uexp" 1661
"../../../Engine/Content/EngineFonts/Faces/RobotoBoldItalic.ufont" 1662
"../../../Engine/Content/EngineFonts/Faces/RobotoBold.uasset" 1663
"../../../Engine/Content/EngineFonts/Faces/RobotoBold.uexp" 1664
"../../../Engine/Content/EngineFonts/Faces/RobotoBold.ufont" 1665
"../../../Engine/Content/EngineFonts/Faces/DroidSansFallback.uasset" 1666
"../../../Engine/Content/EngineFonts/Faces/DroidSansFallback.uexp" 1667
"../../../Engine/Content/EngineFonts/Faces/DroidSansFallback.ufont" 1668
"../../../Engine/Content/EngineFonts/Roboto.uasset" 1669
"../../../Engine/Content/EngineFonts/Roboto.uexp" 1670
"../../../Engine/Content/EngineDamageTypes/DmgTypeBP_Environmental.uasset" 1671
"../../../Engine/Content/EngineDamageTypes/DmgTypeBP_Environmental.uexp" 1672
"../../../Engine/Content/Functions/Engine_MaterialFunctions01/Opacity/CameraDepthFade.uasset" 1673
"../../../Engine/Content/Functions/Engine_MaterialFunctions01/Opacity/CameraDepthFade.uexp" 1674
"../../../Engine/Content/EngineMaterials/T_Default_Material_Grid_N.uasset" 1675
"../../../Engine/Content/EngineMaterials/T_Default_Material_Grid_N.uexp" 1676
"../../../Engine/Content/EngineMaterials/T_Default_Material_Grid_N.ubulk" 1677
"../../../Engine/Content/EngineMaterials/T_Default_Material_Grid_M.uasset" 1678
"../../../Engine/Content/EngineMaterials/T_Default_Material_Grid_M.uexp" 1679
"../../../Engine/Content/EngineMaterials/T_Default_Material_Grid_M.ubulk" 1680
"../../../Engine/Content/EngineMaterials/WorldGridMaterial.uasset" 1681
"../../../Engine/Content/EngineMaterials/WorldGridMaterial.uexp" 1682
"../../../Engine/Content/ArtTools/RenderToTexture/Meshes/S_1_Unit_Plane.uasset" 1683
"../../../Engine/Content/ArtTools/RenderToTexture/Meshes/S_1_Unit_Plane.uexp" 1684
"../../../Engine/Content/EngineMaterials/DefaultCalibrationGrayscale.uasset" 1685
"../../../Engine/Content/EngineMaterials/DefaultCalibrationGrayscale.uexp" 1686
"../../../Engine/Content/EngineMaterials/PPM_DefaultCalibrationGrayscale.uasset" 1687
"../../../Engine/Content/EngineMaterials/PPM_DefaultCalibrationGrayscale.uexp" 1688
"../../../Engine/Content/EngineResources/WhiteSquareTexture.uasset" 1689
"../../../Engine/Content/EngineResources/WhiteSquareTexture.uexp" 1690
"../../../Engine/Content/EngineMaterials/Widget3DPassThrough.uasset" 1691
"../../../Engine/Content/EngineMaterials/Widget3DPassThrough.uexp" 1692
"../../../Engine/Content/EngineMaterials/Widget3DPassThrough_Masked.uasset" 1693
"../../../Engine/Content/EngineMaterials/Widget3DPassThrough_Masked.uexp" 1694
"../../../Engine/Content/EngineMaterials/WeightMapPlaceholderTexture.uasset" 1695
"../../../Engine/Content/EngineMaterials/WeightMapPlaceholderTexture.uexp" 1696
"../../../Engine/Content/EngineMaterials/Widget3DPassThrough_Translucent.uasset" 1697
"../../../Engine/Content/EngineMaterials/Widget3DPassThrough_Translucent.uexp" 1698
"../../../Engine/Content/EngineMaterials/Widget3DPassThrough_Translucent_OneSided.uasset" 1699
"../../../Engine/Content/EngineMaterials/Widget3DPassThrough_Translucent_OneSided.uexp" 1700
"../../../Engine/Content/EngineMaterials/DefaultCalibrationColor.uasset" 1701
"../../../Engine/Content/EngineMaterials/DefaultCalibrationColor.uexp" 1702
"../../../Engine/Content/EngineMaterials/PPM_DefaultCalibrationColor.uasset" 1703
"../../../Engine/Content/EngineMaterials/PPM_DefaultCalibrationColor.uexp" 1704
"../../../Engine/Content/Functions/Engine_MaterialFunctions02/WorldPositionOffset/CameraOffset.uasset" 1705
"../../../Engine/Content/Functions/Engine_MaterialFunctions02/WorldPositionOffset/CameraOffset.uexp" 1706
"../../../Engine/Content/EngineMaterials/PhAT_JointLimitMaterial.uasset" 1707
"../../../Engine/Content/EngineMaterials/PhAT_JointLimitMaterial.uexp" 1708
"../../../Engine/Content/EngineMaterials/GizmoMaterial.uasset" 1709
"../../../Engine/Content/EngineMaterials/GizmoMaterial.uexp" 1710
"../../../Engine/Content/EngineMaterials/BlueNoise.uasset" 1711
"../../../Engine/Content/EngineMaterials/BlueNoise.uexp" 1712
"../../../Engine/Content/EngineMaterials/DefaultWhiteGrid_Low.uasset" 1713
"../../../Engine/Content/EngineMaterials/DefaultWhiteGrid_Low.uexp" 1714
"../../../Engine/Content/EngineMaterials/EmissiveMeshMaterial.uasset" 1715
"../../../Engine/Content/EngineMaterials/EmissiveMeshMaterial.uexp" 1716
"../../../Engine/Content/EngineMaterials/Widget3DPassThrough_Opaque.uasset" 1717
"../../../Engine/Content/EngineMaterials/Widget3DPassThrough_Opaque.uexp" 1718
"../../../Engine/Content/EngineMaterials/Widget3DPassThrough_Masked_OneSided.uasset" 1719
"../../../Engine/Content/EngineMaterials/Widget3DPassThrough_Masked_OneSided.uexp" 1720
"../../../Engine/Content/EngineMaterials/Good64x64TilingNoiseHighFreq.uasset" 1721
"../../../Engine/Content/EngineMaterials/Good64x64TilingNoiseHighFreq.uexp" 1722
"../../../Engine/Content/EngineMaterials/DefaultBloomKernel.uasset" 1723
"../../../Engine/Content/EngineMaterials/DefaultBloomKernel.uexp" 1724
"../../../Engine/Content/EngineMaterials/RemoveSurfaceMaterial.uasset" 1725
"../../../Engine/Content/EngineMaterials/RemoveSurfaceMaterial.uexp" 1726
"../../../Engine/Content/EngineMaterials/DefaultDiffuse.uasset" 1727
"../../../Engine/Content/EngineMaterials/DefaultDiffuse.uexp" 1728
"../../../Engine/Content/EngineMaterials/DefaultDiffuse.ubulk" 1729
"../../../Engine/Content/EngineMaterials/DefaultDeferredDecalMaterial.uasset" 1730
"../../../Engine/Content/EngineMaterials/DefaultDeferredDecalMaterial.uexp" 1731
"../../../Engine/Content/Functions/Engine_MaterialFunctions02/Utility/BreakOutFloat2Components.uasset" 1732
"../../../Engine/Content/Functions/Engine_MaterialFunctions02/Utility/BreakOutFloat2Components.uexp" 1733
"../../../Engine/Content/EngineMaterials/DefaultPostProcessMaterial.uasset" 1734
"../../../Engine/Content/EngineMaterials/DefaultPostProcessMaterial.uexp" 1735
"../../../Engine/Content/EngineMaterials/DefaultPhysicalMaterial.uasset" 1736
"../../../Engine/Content/EngineMaterials/DefaultPhysicalMaterial.uexp" 1737
"../../../Engine/Content/EngineMaterials/BaseFlattenNormalMap.uasset" 1738
"../../../Engine/Content/EngineMaterials/BaseFlattenNormalMap.uexp" 1739
"../../../Engine/Content/EngineMaterials/BaseFlattenEmissiveMap.uasset" 1740
"../../../Engine/Content/EngineMaterials/BaseFlattenEmissiveMap.uexp" 1741
"../../../Engine/Content/EngineMaterials/BaseFlattenGrayscaleMap.uasset" 1742
"../../../Engine/Content/EngineMaterials/BaseFlattenGrayscaleMap.uexp" 1743
"../../../Engine/Content/EngineMaterials/BaseFlattenDiffuseMap.uasset" 1744
"../../../Engine/Content/EngineMaterials/BaseFlattenDiffuseMap.uexp" 1745
"../../../Engine/Content/EngineMaterials/BaseFlattenMaterial.uasset" 1746
"../../../Engine/Content/EngineMaterials/BaseFlattenMaterial.uexp" 1747
"../../../Engine/Content/EngineMaterials/InvalidLightmapSettings.uasset" 1748
"../../../Engine/Content/EngineMaterials/InvalidLightmapSettings.uexp" 1749
"../../../Engine/Content/EngineMaterials/InvalidLightmapSettings.ubulk" 1750
"../../../Engine/Content/EngineMaterials/M_InvalidLightmapSettings.uasset" 1751
"../../../Engine/Content/EngineMaterials/M_InvalidLightmapSettings.uexp" 1752
"../../../Engine/Content/EngineFonts/RobotoDistanceField.uasset" 1753
"../../../Engine/Content/EngineFonts/RobotoDistanceField.uexp" 1754
"../../../Engine/Content/EngineMaterials/DefaultTextMaterialOpaque.uasset" 1755
"../../../Engine/Content/EngineMaterials/DefaultTextMaterialOpaque.uexp" 1756
"../../../Engine/Content/EngineMaterials/PreintegratedSkinBRDF.uasset" 1757
"../../../Engine/Content/EngineMaterials/PreintegratedSkinBRDF.uexp" 1758
"../../../Engine/Content/EngineMaterials/Widget3DPassThrough_Opaque_OneSided.uasset" 1759
"../../../Engine/Content/EngineMaterials/Widget3DPassThrough_Opaque_OneSided.uexp" 1760
"../../../Engine/Content/EngineMaterials/DefaultBokeh.uasset" 1761
"../../../Engine/Content/EngineMaterials/DefaultBokeh.uexp" 1762
"../../../Engine/Content/EngineMaterials/DefaultLightFunctionMaterial.uasset" 1763
"../../../Engine/Content/EngineMaterials/DefaultLightFunctionMaterial.uexp" 1764
"../../../Engine/Content/EngineMaterials/MiniFont.uasset" 1765
"../../../Engine/Content/EngineMaterials/MiniFont.uexp" 1766
"../../../Engine/Content/EngineMaterials/DefaultWhiteGrid.uasset" 1767
"../../../Engine/Content/EngineMaterials/DefaultWhiteGrid.uexp" 1768
"../../../Engine/Content/EngineMaterials/DefaultWhiteGrid.ubulk" 1769
"../../../Engine/Content/EngineDebugMaterials/DebugEditorMaterial.uasset" 1770
"../../../Engine/Content/EngineDebugMaterials/DebugEditorMaterial.uexp" 1771
"../../../Engine/Content/Functions/Engine_MaterialFunctions01/Shading/ConvertFromDiffSpec.uasset" 1772
"../../../Engine/Content/Functions/Engine_MaterialFunctions01/Shading/ConvertFromDiffSpec.uexp" 1773
"../../../Engine/Content/EngineDebugMaterials/VertexColorMaterial.uasset" 1774
"../../../Engine/Content/EngineDebugMaterials/VertexColorMaterial.uexp" 1775
"../../../Engine/Content/EngineDebugMaterials/WireframeMaterial.uasset" 1776
"../../../Engine/Content/EngineDebugMaterials/WireframeMaterial.uexp" 1777
"../../../Engine/Content/EngineDebugMaterials/VolumeToRender.uasset" 1778
"../../../Engine/Content/EngineDebugMaterials/VolumeToRender.uexp" 1779
"../../../Engine/Content/Functions/Engine_MaterialFunctions02/Utility/CameraDirectionVector.uasset" 1780
"../../../Engine/Content/Functions/Engine_MaterialFunctions02/Utility/CameraDirectionVector.uexp" 1781
"../../../Engine/Content/EngineDebugMaterials/M_VolumeRenderSphereTracePP.uasset" 1782
"../../../Engine/Content/EngineDebugMaterials/M_VolumeRenderSphereTracePP.uexp" 1783
"../../../Engine/Content/EngineDebugMaterials/M_SimpleUnlitTranslucent.uasset" 1784
"../../../Engine/Content/EngineDebugMaterials/M_SimpleUnlitTranslucent.uexp" 1785
"../../../Engine/Content/EngineDebugMaterials/DebugMeshMaterial.uasset" 1786
"../../../Engine/Content/EngineDebugMaterials/DebugMeshMaterial.uexp" 1787
"../../../Engine/Content/EditorResources/S_Note.uasset" 1788
"../../../Engine/Content/EditorResources/S_Note.uexp" 1789
"../../../Engine/Content/EditorResources/S_Note.ubulk" 1790
"../../../Engine/Content/EditorResources/S_Solver.uasset" 1791
"../../../Engine/Content/EditorResources/S_Solver.uexp" 1792
"../../../Engine/Content/EditorResources/S_Solver.ubulk" 1793
"../../../Engine/Content/EditorResources/S_Terrain.uasset" 1794
"../../../Engine/Content/EditorResources/S_Terrain.uexp" 1795
"../../../Engine/Content/EditorResources/S_Terrain.ubulk" 1796
"../../../Engine/Content/EditorResources/S_Trigger.uasset" 1797
"../../../Engine/Content/EditorResources/S_Trigger.uexp" 1798
"../../../Engine/Content/EditorResources/S_Trigger.ubulk" 1799
"../../../Engine/Content/EditorResources/S_Actor.uasset" 1800
"../../../Engine/Content/EditorResources/S_Actor.uexp" 1801
"../../../Engine/Content/EditorResources/S_Actor.ubulk" 1802
"../../../Engine/Content/EditorResources/EmptyActor.uasset" 1803
"../../../Engine/Content/EditorResources/EmptyActor.uexp" 1804
"../../../Engine/Content/EditorResources/BSPVertex.uasset" 1805
"../../../Engine/Content/EditorResources/BSPVertex.uexp" 1806
"../../../Engine/Content/EditorResources/SequenceRecorder/Countdown.uasset" 1807
"../../../Engine/Content/EditorResources/SequenceRecorder/Countdown.uexp" 1808
"../../../Engine/Content/EditorResources/SequenceRecorder/RecordingIndicator.uasset" 1809
"../../../Engine/Content/EditorResources/SequenceRecorder/RecordingIndicator.uexp" 1810
"../../../Engine/Content/EditorResources/AudioIcons/S_AudioComponent_AutoActivate.uasset" 1811
"../../../Engine/Content/EditorResources/AudioIcons/S_AudioComponent_AutoActivate.uexp" 1812
"../../../Engine/Content/EditorResources/AudioIcons/S_AudioComponent_AutoActivate.ubulk" 1813
"../../../Engine/Content/EditorResources/AudioIcons/S_AudioComponent.uasset" 1814
"../../../Engine/Content/EditorResources/AudioIcons/S_AudioComponent.uexp" 1815
"../../../Engine/Content/EditorResources/AudioIcons/S_AudioComponent.ubulk" 1816
"../../../Engine/Content/EditorResources/LightIcons/S_LightError.uasset" 1817
"../../../Engine/Content/EditorResources/LightIcons/S_LightError.uexp" 1818
"../../../Engine/Content/EngineMaterials/DefaultMaterial.uasset" 1819
"../../../Engine/Content/EngineMaterials/DefaultMaterial.uexp" 1820
"../../../Engine/Content/BasicShapes/Cone.uasset" 1821
"../../../Engine/Content/BasicShapes/Cone.uexp" 1822
"../../../Engine/Content/BasicShapes/Cube.uasset" 1823
"../../../Engine/Content/BasicShapes/Cube.uexp" 1824
"../../../Engine/Content/BasicShapes/Plane.uasset" 1825
"../../../Engine/Content/BasicShapes/Plane.uexp" 1826
"/Users/emmanuelwestfield/Desktop/New_Level_Layout/Content/DodgeBallz/Sphere/Proto_Ball.uasset" 1827
"/Users/emmanuelwestfield/Desktop/New_Level_Layout/Content/DodgeBallz/Sphere/Proto_Ball.uexp" 1828
"../../../Engine/Content/Functions/Engine_MaterialFunctions01/Shading/PowerToRoughness.uasset" 1829
"../../../Engine/Content/Functions/Engine_MaterialFunctions01/Shading/PowerToRoughness.uexp" 1830
"../../../Engine/Content/EditorMaterials/PreviewShadowIndicator.uasset" 1831
"../../../Engine/Content/EditorMaterials/PreviewShadowIndicator.uexp" 1832
"../../../Engine/Content/EditorMaterials/PreviewShadowIndicator.ubulk" 1833
"../../../Engine/Content/EditorMaterials/PreviewShadowIndicatorMaterial.uasset" 1834
"../../../Engine/Content/EditorMaterials/PreviewShadowIndicatorMaterial.uexp" 1835
"../../../Engine/Content/EditorMaterials/MAT_Groups_Toggle.uasset" 1836
"../../../Engine/Content/EditorMaterials/MAT_Groups_Toggle.uexp" 1837
"../../../Engine/Content/EditorMaterials/MAT_Groups_Visibility.uasset" 1838
"../../../Engine/Content/EditorMaterials/MAT_Groups_Visibility.uexp" 1839
"../../../Engine/Content/EditorMaterials/ParticleSystems/PSysThumbnail_NoImage.uasset" 1840
"../../../Engine/Content/EditorMaterials/ParticleSystems/PSysThumbnail_NoImage.uexp" 1841
"../../../Engine/Content/EditorMaterials/ParticleSystems/PSysThumbnail_NoImage.ubulk" 1842
"../../../Engine/Content/EditorMaterials/ParticleSystems/PSysThumbnail_OOD.uasset" 1843
"../../../Engine/Content/EditorMaterials/ParticleSystems/PSysThumbnail_OOD.uexp" 1844
"../../../Engine/Content/EditorMaterials/ParticleSystems/PSysThumbnail_OOD.ubulk" 1845
"../../../Engine/Content/EditorMaterials/MatineeGroups/MAT_Groups_Vector.uasset" 1846
"../../../Engine/Content/EditorMaterials/MatineeGroups/MAT_Groups_Vector.uexp" 1847
"../../../Engine/Content/EditorMaterials/MatineeGroups/MAT_ColorTrack.uasset" 1848
"../../../Engine/Content/EditorMaterials/MatineeGroups/MAT_ColorTrack.uexp" 1849
"../../../Engine/Content/EditorMaterials/MatineeGroups/MAT_Groups_AudioMaster.uasset" 1850
"../../../Engine/Content/EditorMaterials/MatineeGroups/MAT_Groups_AudioMaster.uexp" 1851
"../../../Engine/Content/EditorMaterials/MatineeGroups/MAT_Groups_Sound.uasset" 1852
"../../../Engine/Content/EditorMaterials/MatineeGroups/MAT_Groups_Sound.uexp" 1853
"../../../Engine/Content/EditorMaterials/MatineeGroups/MAT_Groups_Float.uasset" 1854
"../../../Engine/Content/EditorMaterials/MatineeGroups/MAT_Groups_Float.uexp" 1855
"../../../Engine/Content/EditorMaterials/MatineeGroups/MAT_Groups_Director.uasset" 1856
"../../../Engine/Content/EditorMaterials/MatineeGroups/MAT_Groups_Director.uexp" 1857
"../../../Engine/Content/EditorMaterials/MatineeGroups/MAT_Groups_Move.uasset" 1858
"../../../Engine/Content/EditorMaterials/MatineeGroups/MAT_Groups_Move.uexp" 1859
"../../../Engine/Content/EditorMaterials/MatineeGroups/MAT_Groups_Event.uasset" 1860
"../../../Engine/Content/EditorMaterials/MatineeGroups/MAT_Groups_Event.uexp" 1861
"../../../Engine/Content/EditorMaterials/MatineeGroups/MAT_Groups_Fade.uasset" 1862
"../../../Engine/Content/EditorMaterials/MatineeGroups/MAT_Groups_Fade.uexp" 1863
"../../../Engine/Content/EditorMaterials/MatineeGroups/MAT_Groups_Anim.uasset" 1864
"../../../Engine/Content/EditorMaterials/MatineeGroups/MAT_Groups_Anim.uexp" 1865
"../../../Engine/Content/EditorMaterials/MatineeGroups/MAT_Groups_Slomo.uasset" 1866
"../../../Engine/Content/EditorMaterials/MatineeGroups/MAT_Groups_Slomo.uexp" 1867
"../../../Engine/Content/EngineSounds/Master.uasset" 1868
"../../../Engine/Content/EngineSounds/Master.uexp" 1869
"../../../Engine/Content/EngineMeshes/Cylinder.uasset" 1870
"../../../Engine/Content/EngineMeshes/Cylinder.uexp" 1871
"../../../Engine/Content/EngineMeshes/Sphere.uasset" 1872
"../../../Engine/Content/EngineMeshes/Sphere.uexp" 1873
"../../../Engine/Content/EngineSky/VolumetricClouds/CloudWeatherTexture.uasset" 1874
"../../../Engine/Content/EngineSky/VolumetricClouds/CloudWeatherTexture.uexp" 1875
"../../../Engine/Content/EngineSky/VolumetricClouds/T_NoiseShape64.uasset" 1876
"../../../Engine/Content/EngineSky/VolumetricClouds/T_NoiseShape64.uexp" 1877
"../../../Engine/Content/EngineSky/VolumetricClouds/T_NoiseShape64.ubulk" 1878
"../../../Engine/Content/EngineSky/VolumetricClouds/T_VolumeNoiseShape64.uasset" 1879
"../../../Engine/Content/EngineSky/VolumetricClouds/T_VolumeNoiseShape64.uexp" 1880
"../../../Engine/Content/EngineSky/VolumetricClouds/T_NoiseErosion.uasset" 1881
"../../../Engine/Content/EngineSky/VolumetricClouds/T_NoiseErosion.uexp" 1882
"../../../Engine/Content/EngineSky/VolumetricClouds/T_NoiseErosion.ubulk" 1883
"../../../Engine/Content/EngineSky/VolumetricClouds/T_VolumeNoiseErosion32.uasset" 1884
"../../../Engine/Content/EngineSky/VolumetricClouds/T_VolumeNoiseErosion32.uexp" 1885
"../../../Engine/Content/EngineSky/VolumetricClouds/CloudGradientTexture.uasset" 1886
"../../../Engine/Content/EngineSky/VolumetricClouds/CloudGradientTexture.uexp" 1887
"../../../Engine/Content/Functions/Engine_MaterialFunctions02/Utility/MakeFloat2.uasset" 1888
"../../../Engine/Content/Functions/Engine_MaterialFunctions02/Utility/MakeFloat2.uexp" 1889
"../../../Engine/Content/EngineSky/VolumetricClouds/m_SimpleVolumetricCloud.uasset" 1890
"../../../Engine/Content/EngineSky/VolumetricClouds/m_SimpleVolumetricCloud.uexp" 1891
"../../../Engine/Content/EngineSky/VolumetricClouds/m_SimpleVolumetricCloud_Inst.uasset" 1892
"../../../Engine/Content/EngineSky/VolumetricClouds/m_SimpleVolumetricCloud_Inst.uexp" 1893
"../../../Engine/Content/VREditor/TransformGizmo/TranslucentTransformGizmoMaterial.uasset" 1894
"../../../Engine/Content/VREditor/TransformGizmo/TranslucentTransformGizmoMaterial.uexp" 1895
"../../../Engine/Content/VREditor/LaserPointer/VR_LaserPower_01.uasset" 1896
"../../../Engine/Content/VREditor/LaserPointer/VR_LaserPower_01.uexp" 1897
"../../../Engine/Content/VREditor/LaserPointer/VR_LaserPower_01.ubulk" 1898
"../../../Engine/Content/VREditor/TransformGizmo/TransformGizmoMaterial.uasset" 1899
"../../../Engine/Content/VREditor/TransformGizmo/TransformGizmoMaterial.uexp" 1900
"../../../Engine/Content/VREditor/TransformGizmo/PlaneTranslationHandle.uasset" 1901
"../../../Engine/Content/VREditor/TransformGizmo/PlaneTranslationHandle.uexp" 1902
"../../../Engine/Content/VREditor/TransformGizmo/Xray.uasset" 1903
"../../../Engine/Content/VREditor/TransformGizmo/Xray.uexp" 1904
"../../../Engine/Content/VREditor/TransformGizmo/Main.uasset" 1905
"../../../Engine/Content/VREditor/TransformGizmo/Main.uexp" 1906
"../../../Engine/Content/VREditor/TransformGizmo/SM_Sequencer_Key.uasset" 1907
"../../../Engine/Content/VREditor/TransformGizmo/SM_Sequencer_Key.uexp" 1908
"../../../Engine/Content/VREditor/TransformGizmo/BoundingBoxCorner.uasset" 1909
"../../../Engine/Content/VREditor/TransformGizmo/BoundingBoxCorner.uexp" 1910
"../../../Engine/Content/VREditor/TransformGizmo/SM_Sequencer_Node.uasset" 1911
"../../../Engine/Content/VREditor/TransformGizmo/SM_Sequencer_Node.uexp" 1912
"../../../Engine/Content/VREditor/TransformGizmo/BoundingBoxEdge.uasset" 1913
"../../../Engine/Content/VREditor/TransformGizmo/BoundingBoxEdge.uexp" 1914
"../../../Engine/Plugins/Experimental/Water/Content/Meshes/LakeMesh.uasset" 1915
"../../../Engine/Plugins/Experimental/Water/Content/Meshes/LakeMesh.uexp" 1916
"../../../Engine/Plugins/Experimental/Water/Content/Meshes/RiverMesh.uasset" 1917
"../../../Engine/Plugins/Experimental/Water/Content/Meshes/RiverMesh.uexp" 1918
"../../../Engine/Plugins/Experimental/Water/Content/Icons/WaterBodyLakeSprite.uasset" 1919
"../../../Engine/Plugins/Experimental/Water/Content/Icons/WaterBodyLakeSprite.uexp" 1920
"../../../Engine/Plugins/Experimental/Water/Content/Icons/WaterBodyExclusionVolumeSprite.uasset" 1921
"../../../Engine/Plugins/Experimental/Water/Content/Icons/WaterBodyExclusionVolumeSprite.uexp" 1922
"../../../Engine/Plugins/Experimental/Water/Content/Icons/WaterErrorSprite.uasset" 1923
"../../../Engine/Plugins/Experimental/Water/Content/Icons/WaterErrorSprite.uexp" 1924
"../../../Engine/Plugins/Experimental/Water/Content/Icons/WaterErrorSprite.ubulk" 1925
"../../../Engine/Plugins/Experimental/Water/Content/Icons/WaterMeshActorSprite.uasset" 1926
"../../../Engine/Plugins/Experimental/Water/Content/Icons/WaterMeshActorSprite.uexp" 1927
"../../../Engine/Plugins/Experimental/Water/Content/Icons/WaterMeshActorSprite.ubulk" 1928
"../../../Engine/Plugins/Experimental/Water/Content/Icons/WaterBodyIslandSprite.uasset" 1929
"../../../Engine/Plugins/Experimental/Water/Content/Icons/WaterBodyIslandSprite.uexp" 1930
"../../../Engine/Plugins/Experimental/Water/Content/Icons/WaterBodyRiverSprite.uasset" 1931
"../../../Engine/Plugins/Experimental/Water/Content/Icons/WaterBodyRiverSprite.uexp" 1932
"../../../Engine/Plugins/Experimental/Water/Content/Icons/WaterSprite.uasset" 1933
"../../../Engine/Plugins/Experimental/Water/Content/Icons/WaterSprite.uexp" 1934
"../../../Engine/Plugins/Experimental/Water/Content/Icons/WaterBodyCustomSprite.uasset" 1935
"../../../Engine/Plugins/Experimental/Water/Content/Icons/WaterBodyCustomSprite.uexp" 1936
"../../../Engine/Plugins/Experimental/Water/Content/Icons/WaterBodyOceanSprite.uasset" 1937
"../../../Engine/Plugins/Experimental/Water/Content/Icons/WaterBodyOceanSprite.uexp" 1938
"../../../Engine/Plugins/Experimental/Water/Content/Icons/WaterLandscapeBrushSprite.uasset" 1939
"../../../Engine/Plugins/Experimental/Water/Content/Icons/WaterLandscapeBrushSprite.uexp" 1940
"../../../Engine/Plugins/Experimental/Water/Content/Icons/WaterLandscapeBrushSprite.ubulk" 1941
"../../../Engine/Plugins/Experimental/Water/Content/Waves/GerstnerWaves_Lake.uasset" 1942
"../../../Engine/Plugins/Experimental/Water/Content/Waves/GerstnerWaves_Lake.uexp" 1943
"../../../Engine/Plugins/Experimental/Water/Content/Waves/GerstnerWaves_Ocean.uasset" 1944
"../../../Engine/Plugins/Experimental/Water/Content/Waves/GerstnerWaves_Ocean.uexp" 1945
"../../../Engine/Plugins/Experimental/Water/Content/Curves/FloatCurve_WaterBodyIsland.uasset" 1946
"../../../Engine/Plugins/Experimental/Water/Content/Curves/FloatCurve_WaterBodyIsland.uexp" 1947
"../../../Engine/Plugins/Experimental/Water/Content/Curves/FloatCurve.uasset" 1948
"../../../Engine/Plugins/Experimental/Water/Content/Curves/FloatCurve.uexp" 1949
"../../../Engine/Content/ArtTools/RenderToTexture/Materials/Debug/M_Emissive_Color.uasset" 1950
"../../../Engine/Content/ArtTools/RenderToTexture/Materials/Debug/M_Emissive_Color.uexp" 1951
"../../../Engine/Content/BasicShapes/Cylinder.uasset" 1952
"../../../Engine/Content/BasicShapes/Cylinder.uexp" 1953
"../../../Engine/Plugins/Lumin/MagicLeapPassableWorld/Content/MagicLeapARPinInfoActor.uasset" 1954
"../../../Engine/Plugins/Lumin/MagicLeapPassableWorld/Content/MagicLeapARPinInfoActor.uexp" 1955
"../../../Engine/Plugins/2D/Paper2D/Content/PlaceholderTextures/DummySpriteTexture.uasset" 1956
"../../../Engine/Plugins/2D/Paper2D/Content/PlaceholderTextures/DummySpriteTexture.uexp" 1957
"../../../Engine/Plugins/2D/Paper2D/Content/PlaceholderTextures/DummySpriteTexture.ubulk" 1958
"../../../Engine/Plugins/2D/Paper2D/Content/DefaultSpriteMaterial.uasset" 1959
"../../../Engine/Plugins/2D/Paper2D/Content/DefaultSpriteMaterial.uexp" 1960
"../../../Engine/Plugins/2D/Paper2D/Content/OpaqueUnlitSpriteMaterial.uasset" 1961
"../../../Engine/Plugins/2D/Paper2D/Content/OpaqueUnlitSpriteMaterial.uexp" 1962
"../../../Engine/Plugins/2D/Paper2D/Content/DummySprite.uasset" 1963
"../../../Engine/Plugins/2D/Paper2D/Content/DummySprite.uexp" 1964
"../../../Engine/Plugins/2D/Paper2D/Content/DefaultPaperTerrainMaterial.uasset" 1965
"../../../Engine/Plugins/2D/Paper2D/Content/DefaultPaperTerrainMaterial.uexp" 1966
"../../../Engine/Plugins/2D/Paper2D/Content/MaskedUnlitSpriteMaterial.uasset" 1967
"../../../Engine/Plugins/2D/Paper2D/Content/MaskedUnlitSpriteMaterial.uexp" 1968
"../../../Engine/Content/Functions/Engine_MaterialFunctions02/Utility/BreakOutFloat3Components.uasset" 1969
"../../../Engine/Content/Functions/Engine_MaterialFunctions02/Utility/BreakOutFloat3Components.uexp" 1970
"../../../Engine/Content/Functions/Engine_MaterialFunctions02/ObjectLocalBounds.uasset" 1971
"../../../Engine/Content/Functions/Engine_MaterialFunctions02/ObjectLocalBounds.uexp" 1972
"../../../Engine/Content/Functions/Engine_MaterialFunctions02/Utility/VectorLength.uasset" 1973
"../../../Engine/Content/Functions/Engine_MaterialFunctions02/Utility/VectorLength.uexp" 1974
"../../../Engine/Content/Functions/Engine_MaterialFunctions02/WorldPositionOffset/ObjectScale.uasset" 1975
"../../../Engine/Content/Functions/Engine_MaterialFunctions02/WorldPositionOffset/ObjectScale.uexp" 1976
"../../../Engine/Plugins/Editor/SpeedTreeImporter/Content/SpeedTree9/EmptyNormal.uasset" 1977
"../../../Engine/Plugins/Editor/SpeedTreeImporter/Content/SpeedTree9/EmptyNormal.uexp" 1978
"../../../Engine/Plugins/Editor/SpeedTreeImporter/Content/SpeedTree9/Empty.uasset" 1979
"../../../Engine/Plugins/Editor/SpeedTreeImporter/Content/SpeedTree9/Empty.uexp" 1980
"../../../Engine/Plugins/Editor/SpeedTreeImporter/Content/SpeedTree9/UnpackInteger3.uasset" 1981
"../../../Engine/Plugins/Editor/SpeedTreeImporter/Content/SpeedTree9/UnpackInteger3.uexp" 1982
"../../../Engine/Plugins/Editor/SpeedTreeImporter/Content/SpeedTree9/SpeedTreeBillboard.uasset" 1983
"../../../Engine/Plugins/Editor/SpeedTreeImporter/Content/SpeedTree9/SpeedTreeBillboard.uexp" 1984
"../../../Engine/Plugins/Editor/SpeedTreeImporter/Content/SpeedTree9/UnpackDirection.uasset" 1985
"../../../Engine/Plugins/Editor/SpeedTreeImporter/Content/SpeedTree9/UnpackDirection.uexp" 1986
"../../../Engine/Plugins/Editor/SpeedTreeImporter/Content/SpeedTree9/game_wind_noise.uasset" 1987
"../../../Engine/Plugins/Editor/SpeedTreeImporter/Content/SpeedTree9/game_wind_noise.uexp" 1988
"../../../Engine/Plugins/Editor/SpeedTreeImporter/Content/SpeedTree9/game_wind_noise.ubulk" 1989
"../../../Engine/Content/Functions/Engine_MaterialFunctions02/SafeNormalize.uasset" 1990
"../../../Engine/Content/Functions/Engine_MaterialFunctions02/SafeNormalize.uexp" 1991
"../../../Engine/Plugins/Editor/SpeedTreeImporter/Content/SpeedTree9/SpeedTreeWindMotion.uasset" 1992
"../../../Engine/Plugins/Editor/SpeedTreeImporter/Content/SpeedTree9/SpeedTreeWindMotion.uexp" 1993
"../../../Engine/Plugins/Editor/SpeedTreeImporter/Content/SpeedTree9/SpeedTreeBranchMotion.uasset" 1994
"../../../Engine/Plugins/Editor/SpeedTreeImporter/Content/SpeedTree9/SpeedTreeBranchMotion.uexp" 1995
"../../../Engine/Content/Functions/Engine_MaterialFunctions02/UVs/BoundingBoxBased_0-1_UVW.uasset" 1996
"../../../Engine/Content/Functions/Engine_MaterialFunctions02/UVs/BoundingBoxBased_0-1_UVW.uexp" 1997
"../../../Engine/Plugins/Editor/SpeedTreeImporter/Content/SpeedTree9/SpeedTreeWind.uasset" 1998
"../../../Engine/Plugins/Editor/SpeedTreeImporter/Content/SpeedTree9/SpeedTreeWind.uexp" 1999
"../../../Engine/Plugins/Editor/SpeedTreeImporter/Content/SpeedTree9/SpeedTreeBillboardMaster.uasset" 2000
"../../../Engine/Plugins/Editor/SpeedTreeImporter/Content/SpeedTree9/SpeedTreeBillboardMaster.uexp" 2001
"../../../Engine/Plugins/Editor/SpeedTreeImporter/Content/SpeedTree9/SpeedTreeCameraFacing.uasset" 2002
"../../../Engine/Plugins/Editor/SpeedTreeImporter/Content/SpeedTree9/SpeedTreeCameraFacing.uexp" 2003
"../../../Engine/Plugins/Editor/SpeedTreeImporter/Content/SpeedTree9/SpeedTreeMaster.uasset" 2004
"../../../Engine/Plugins/Editor/SpeedTreeImporter/Content/SpeedTree9/SpeedTreeMaster.uexp" 2005
"/Users/emmanuelwestfield/Desktop/New_Level_Layout/Content/TestExampleMap.uexp" 2006
"/Users/emmanuelwestfield/Desktop/New_Level_Layout/Content/TestExampleMap.umap" 2007
"../../../Engine/Content/EngineMaterials/DefaultNormal.uasset" 2008
"../../../Engine/Content/EngineMaterials/DefaultNormal.uexp" 2009
"../../../Engine/Content/EngineMaterials/DefaultNormal.ubulk" 2010
"../../../Engine/Content/Functions/Engine_MaterialFunctions02/Utility/MakeFloat3.uasset" 2011
"../../../Engine/Content/Functions/Engine_MaterialFunctions02/Utility/MakeFloat3.uexp" 2012
"../../../Engine/Content/EngineResources/DefaultTexture.uasset" 2013
"../../../Engine/Content/EngineResources/DefaultTexture.uexp" 2014
"../../../Engine/Content/EngineResources/DefaultTexture.ubulk" 2015
"../../../Engine/Content/EngineResources/Black.uasset" 2016
"../../../Engine/Content/EngineResources/Black.uexp" 2017
"../../../Engine/Content/Functions/Engine_MaterialFunctions01/Opacity/AlphaOffset.uasset" 2018
"../../../Engine/Content/Functions/Engine_MaterialFunctions01/Opacity/AlphaOffset.uexp" 2019
"../../../Engine/Content/Functions/Engine_MaterialFunctions02/Math/Transform3x3Matrix.uasset" 2020
"../../../Engine/Content/Functions/Engine_MaterialFunctions02/Math/Transform3x3Matrix.uexp" 2021
"../../../Engine/Content/Functions/Engine_MaterialFunctions02/Math/TimeWithSpeedVariable.uasset" 2022
"../../../Engine/Content/Functions/Engine_MaterialFunctions02/Math/TimeWithSpeedVariable.uexp" 2023
"../../../Engine/Content/Functions/Engine_MaterialFunctions01/Texturing/ComputeMipLevel.uasset" 2024
"../../../Engine/Content/Functions/Engine_MaterialFunctions01/Texturing/ComputeMipLevel.uexp" 2025
"../../../Engine/Content/Functions/Engine_MaterialFunctions02/Utility/LinearSine.uasset" 2026
"../../../Engine/Content/Functions/Engine_MaterialFunctions02/Utility/LinearSine.uexp" 2027
"../../../Engine/Plugins/Experimental/Water/Content/Materials/Functions/HighQualityTextureFiltering.uasset" 2028
"../../../Engine/Plugins/Experimental/Water/Content/Materials/Functions/HighQualityTextureFiltering.uexp" 2029
"../../../Engine/Plugins/Experimental/Water/Content/Materials/MPC/MPC_Water.uasset" 2030
"../../../Engine/Plugins/Experimental/Water/Content/Materials/MPC/MPC_Water.uexp" 2031
"../../../Engine/Content/Functions/Engine_MaterialFunctions02/PivotPainter2/Black_1x1_EXR_Texture.uasset" 2032
"../../../Engine/Content/Functions/Engine_MaterialFunctions02/PivotPainter2/Black_1x1_EXR_Texture.uexp" 2033
"../../../Engine/Plugins/Experimental/Water/Content/Materials/Functions/WaterBodyData.uasset" 2034
"../../../Engine/Plugins/Experimental/Water/Content/Materials/Functions/WaterBodyData.uexp" 2035
"../../../Engine/Plugins/Experimental/Water/Content/Materials/Functions/WaterHeightMappingVS.uasset" 2036
"../../../Engine/Plugins/Experimental/Water/Content/Materials/Functions/WaterHeightMappingVS.uexp" 2037
"../../../Engine/Plugins/Experimental/Water/Content/Materials/Functions/WaterCoefficientMask.uasset" 2038
"../../../Engine/Plugins/Experimental/Water/Content/Materials/Functions/WaterCoefficientMask.uexp" 2039
"../../../Engine/Plugins/Experimental/Water/Content/Materials/Functions/Water_Underside.uasset" 2040
"../../../Engine/Plugins/Experimental/Water/Content/Materials/Functions/Water_Underside.uexp" 2041
"../../../Engine/Plugins/Experimental/Water/Content/Materials/Layers/WaterAttributes.uasset" 2042
"../../../Engine/Plugins/Experimental/Water/Content/Materials/Layers/WaterAttributes.uexp" 2043
"../../../Engine/Plugins/Experimental/Water/Content/Materials/Functions/SetWaveAttributes.uasset" 2044
"../../../Engine/Plugins/Experimental/Water/Content/Materials/Functions/SetWaveAttributes.uexp" 2045
"../../../Engine/Plugins/Experimental/Water/Content/FluidSimulation/Materials/Functions/Fluidsim_WorldPosition_to_UV.uasset" 2046
"../../../Engine/Plugins/Experimental/Water/Content/FluidSimulation/Materials/Functions/Fluidsim_WorldPosition_to_UV.uexp" 2047
"../../../Engine/Plugins/Experimental/Water/Content/FluidSimulation/WaveFoam/WaterDistanceField.uasset" 2048
"../../../Engine/Plugins/Experimental/Water/Content/FluidSimulation/WaveFoam/WaterDistanceField.uexp" 2049
"../../../Engine/Plugins/Experimental/Water/Content/Textures/Foam/T_WaterFlow_01_Foam_Tiled.uasset" 2050
"../../../Engine/Plugins/Experimental/Water/Content/Textures/Foam/T_WaterFlow_01_Foam_Tiled.uexp" 2051
"../../../Engine/Plugins/Experimental/Water/Content/Textures/Foam/T_WaterFlow_01_Foam_Tiled.ubulk" 2052
"../../../Engine/Plugins/Experimental/Water/Content/Textures/Foam/T_WaterFlow_01_Foam_Tiled_N.uasset" 2053
"../../../Engine/Plugins/Experimental/Water/Content/Textures/Foam/T_WaterFlow_01_Foam_Tiled_N.uexp" 2054
"../../../Engine/Plugins/Experimental/Water/Content/Textures/Foam/T_WaterFlow_01_Foam_Tiled_N.ubulk" 2055
"../../../Engine/Content/Functions/Engine_MaterialFunctions02/ExampleContent/Textures/LowResBlurredNoise.uasset" 2056
"../../../Engine/Content/Functions/Engine_MaterialFunctions02/ExampleContent/Textures/LowResBlurredNoise.uexp" 2057
"../../../Engine/Content/Functions/Engine_MaterialFunctions02/Math/AddComponents.uasset" 2058
"../../../Engine/Content/Functions/Engine_MaterialFunctions02/Math/AddComponents.uexp" 2059
"../../../Engine/Content/Functions/Engine_MaterialFunctions02/Math/MakeVectorsOrthogonal.uasset" 2060
"../../../Engine/Content/Functions/Engine_MaterialFunctions02/Math/MakeVectorsOrthogonal.uexp" 2061
"../../../Engine/Content/Functions/Engine_MaterialFunctions02/Texturing/Flowmaps.uasset" 2062
"../../../Engine/Content/Functions/Engine_MaterialFunctions02/Texturing/Flowmaps.uexp" 2063
"../../../Engine/Content/Functions/Engine_MaterialFunctions01/Gradient/LinearGradient.uasset" 2064
"../../../Engine/Content/Functions/Engine_MaterialFunctions01/Gradient/LinearGradient.uexp" 2065
"../../../Engine/Content/Functions/Engine_MaterialFunctions01/ImageAdjustment/CheapContrast.uasset" 2066
"../../../Engine/Content/Functions/Engine_MaterialFunctions01/ImageAdjustment/CheapContrast.uexp" 2067
"../../../Engine/Content/Functions/Engine_MaterialFunctions02/Texturing/HeightLerp.uasset" 2068
"../../../Engine/Content/Functions/Engine_MaterialFunctions02/Texturing/HeightLerp.uexp" 2069
"../../../Engine/Content/Functions/Engine_MaterialFunctions01/Gradient/BoxMask-2D.uasset" 2070
"../../../Engine/Content/Functions/Engine_MaterialFunctions01/Gradient/BoxMask-2D.uexp" 2071
"../../../Engine/Plugins/Experimental/Water/Content/Materials/Functions/SampleFluidSimulation.uasset" 2072
"../../../Engine/Plugins/Experimental/Water/Content/Materials/Functions/SampleFluidSimulation.uexp" 2073
"../../../Engine/Plugins/Experimental/Water/Content/Materials/Functions/GetWaterTime.uasset" 2074
"../../../Engine/Plugins/Experimental/Water/Content/Materials/Functions/GetWaterTime.uexp" 2075
"../../../Engine/Plugins/Experimental/Water/Content/Materials/Functions/ComputeWavesAttenuationFactor.uasset" 2076
"../../../Engine/Plugins/Experimental/Water/Content/Materials/Functions/ComputeWavesAttenuationFactor.uexp" 2077
"../../../Engine/Plugins/Experimental/Water/Content/Materials/Functions/WaveDepthFalloff_Overrides.uasset" 2078
"../../../Engine/Plugins/Experimental/Water/Content/Materials/Functions/WaveDepthFalloff_Overrides.uexp" 2079
"../../../Engine/Plugins/Experimental/Water/Content/Materials/Functions/ComputeGerstnerWaves.uasset" 2080
"../../../Engine/Plugins/Experimental/Water/Content/Materials/Functions/ComputeGerstnerWaves.uexp" 2081
"../../../Engine/Plugins/Experimental/Water/Content/Caustics/Materials/Functions/GetDistortionUV.uasset" 2082
"../../../Engine/Plugins/Experimental/Water/Content/Caustics/Materials/Functions/GetDistortionUV.uexp" 2083
"../../../Engine/Plugins/Experimental/Water/Content/Materials/Functions/WorldPositionBehindWater.uasset" 2084
"../../../Engine/Plugins/Experimental/Water/Content/Materials/Functions/WorldPositionBehindWater.uexp" 2085
"../../../Engine/Plugins/Experimental/Water/Content/Materials/Functions/WorldNormalBehindWater.uasset" 2086
"../../../Engine/Plugins/Experimental/Water/Content/Materials/Functions/WorldNormalBehindWater.uexp" 2087
"../../../Engine/Plugins/Experimental/Water/Content/Caustics/Materials/Functions/WaterCaustics_GerstnerWaves.uasset" 2088
"../../../Engine/Plugins/Experimental/Water/Content/Caustics/Materials/Functions/WaterCaustics_GerstnerWaves.uexp" 2089
"../../../Engine/Plugins/Experimental/Water/Content/FluidSimulation/WaveFoam/FoamRT.uasset" 2090
"../../../Engine/Plugins/Experimental/Water/Content/FluidSimulation/WaveFoam/FoamRT.uexp" 2091
"../../../Engine/Content/Functions/Engine_MaterialFunctions03/Procedurals/NormalFromHeightmap.uasset" 2092
"../../../Engine/Content/Functions/Engine_MaterialFunctions03/Procedurals/NormalFromHeightmap.uexp" 2093
"../../../Engine/Content/EngineSky/VolumetricClouds/T_NoiseShape.uasset" 2094
"../../../Engine/Content/EngineSky/VolumetricClouds/T_NoiseShape.uexp" 2095
"../../../Engine/Content/EngineSky/VolumetricClouds/T_NoiseShape.ubulk" 2096
"../../../Engine/Content/EngineSky/VolumetricClouds/T_NoiseShape.uptnl" 2097
"../../../Engine/Content/EngineSky/VolumetricClouds/T_VolumeNoiseShape128.uasset" 2098
"../../../Engine/Content/EngineSky/VolumetricClouds/T_VolumeNoiseShape128.uexp" 2099
"../../../Engine/Plugins/Experimental/Water/Content/Materials/Layers/BeachFoam.uasset" 2100
"../../../Engine/Plugins/Experimental/Water/Content/Materials/Layers/BeachFoam.uexp" 2101
"../../../Engine/Plugins/Experimental/Water/Content/Textures/Normals/T_Water_TilingNormal_With_Height_02_Softened.uasset" 2102
"../../../Engine/Plugins/Experimental/Water/Content/Textures/Normals/T_Water_TilingNormal_With_Height_02_Softened.uexp" 2103
"../../../Engine/Plugins/Experimental/Water/Content/Textures/Normals/T_Water_TilingNormal_With_Height_02_Softened.ubulk" 2104
"../../../Engine/Plugins/Experimental/Water/Content/Materials/Functions/WaveVelocityMask.uasset" 2105
"../../../Engine/Plugins/Experimental/Water/Content/Materials/Functions/WaveVelocityMask.uexp" 2106
"../../../Engine/Plugins/Experimental/Water/Content/Materials/Functions/WaterTextureWaves.uasset" 2107
"../../../Engine/Plugins/Experimental/Water/Content/Materials/Functions/WaterTextureWaves.uexp" 2108
"../../../Engine/Plugins/Experimental/Water/Content/Materials/Functions/WaterTextureSurface.uasset" 2109
"../../../Engine/Plugins/Experimental/Water/Content/Materials/Functions/WaterTextureSurface.uexp" 2110
"../../../Engine/Content/Functions/Engine_MaterialFunctions02/ExampleContent/Textures/water_n.uasset" 2111
"../../../Engine/Content/Functions/Engine_MaterialFunctions02/ExampleContent/Textures/water_n.uexp" 2112
"../../../Engine/Content/Functions/Engine_MaterialFunctions02/ExampleContent/Textures/water_n.ubulk" 2113
"../../../Engine/Content/Functions/Engine_MaterialFunctions02/ExampleContent/Textures/water_d.uasset" 2114
"../../../Engine/Content/Functions/Engine_MaterialFunctions02/ExampleContent/Textures/water_d.uexp" 2115
"../../../Engine/Content/Functions/Engine_MaterialFunctions02/ExampleContent/Textures/water_d.ubulk" 2116
"../../../Engine/Content/Functions/Engine_MaterialFunctions01/Texturing/FlattenNormal.uasset" 2117
"../../../Engine/Content/Functions/Engine_MaterialFunctions01/Texturing/FlattenNormal.uexp" 2118
"../../../Engine/Content/Functions/Engine_MaterialFunctions01/Coordinates/WorldPosition-XY.uasset" 2119
"../../../Engine/Content/Functions/Engine_MaterialFunctions01/Coordinates/WorldPosition-XY.uexp" 2120
"../../../Engine/Plugins/Experimental/Water/Content/Materials/Functions/WaterRiverFlowmaps.uasset" 2121
"../../../Engine/Plugins/Experimental/Water/Content/Materials/Functions/WaterRiverFlowmaps.uexp" 2122
"../../../Engine/Plugins/Experimental/Water/Content/Materials/Functions/WaterOpacityMaskFromDepth.uasset" 2123
"../../../Engine/Plugins/Experimental/Water/Content/Materials/Functions/WaterOpacityMaskFromDepth.uexp" 2124
"../../../Engine/Plugins/Experimental/Water/Content/Materials/WaterSurface/Water_Material.uasset" 2125
"../../../Engine/Plugins/Experimental/Water/Content/Materials/WaterSurface/Water_Material.uexp" 2126
"../../../Engine/Plugins/Experimental/Water/Content/Meshes/S_WaterPlane_256.uasset" 2127
"../../../Engine/Plugins/Experimental/Water/Content/Meshes/S_WaterPlane_256.uexp" 2128
"/Users/emmanuelwestfield/Desktop/New_Level_Layout/Content/DodgeBallz/Dodgball_01/Dodgeball_01_Widget.uasset" 2129
"/Users/emmanuelwestfield/Desktop/New_Level_Layout/Content/DodgeBallz/Dodgball_01/Dodgeball_01_Widget.uexp" 2130
"/Users/emmanuelwestfield/Desktop/New_Level_Layout/Content/Charaters/Michelle_4/Ch03_1001_Glossiness.uasset" 2131
"/Users/emmanuelwestfield/Desktop/New_Level_Layout/Content/Charaters/Michelle_4/Ch03_1001_Glossiness.uexp" 2132
"/Users/emmanuelwestfield/Desktop/New_Level_Layout/Content/Charaters/Michelle_4/Ch03_1001_Glossiness.ubulk" 2133
"/Users/emmanuelwestfield/Desktop/New_Level_Layout/Content/Charaters/Michelle_4/Ch03_1001_Specular.uasset" 2134
"/Users/emmanuelwestfield/Desktop/New_Level_Layout/Content/Charaters/Michelle_4/Ch03_1001_Specular.uexp" 2135
"/Users/emmanuelwestfield/Desktop/New_Level_Layout/Content/Charaters/Michelle_4/Ch03_1001_Specular.ubulk" 2136
"/Users/emmanuelwestfield/Desktop/New_Level_Layout/Content/Charaters/Michelle_4/Ch03_1001_Diffuse.uasset" 2137
"/Users/emmanuelwestfield/Desktop/New_Level_Layout/Content/Charaters/Michelle_4/Ch03_1001_Diffuse.uexp" 2138
"/Users/emmanuelwestfield/Desktop/New_Level_Layout/Content/Charaters/Michelle_4/Ch03_1001_Diffuse.ubulk" 2139
"/Users/emmanuelwestfield/Desktop/New_Level_Layout/Content/Charaters/Michelle_4/Ch03_1001_Normal.uasset" 2140
"/Users/emmanuelwestfield/Desktop/New_Level_Layout/Content/Charaters/Michelle_4/Ch03_1001_Normal.uexp" 2141
"/Users/emmanuelwestfield/Desktop/New_Level_Layout/Content/Charaters/Michelle_4/Ch03_1001_Normal.ubulk" 2142
"/Users/emmanuelwestfield/Desktop/New_Level_Layout/Content/Charaters/Michelle_4/Ch03_Body.uasset" 2143
"/Users/emmanuelwestfield/Desktop/New_Level_Layout/Content/Charaters/Michelle_4/Ch03_Body.uexp" 2144
"/Users/emmanuelwestfield/Desktop/New_Level_Layout/Content/Charaters/Michelle_4/character_4__PhysicsAsset.uasset" 2145
"/Users/emmanuelwestfield/Desktop/New_Level_Layout/Content/Charaters/Michelle_4/character_4__PhysicsAsset.uexp" 2146
"/Users/emmanuelwestfield/Desktop/New_Level_Layout/Content/Charaters/Michelle_4/character_4_.uasset" 2147
"/Users/emmanuelwestfield/Desktop/New_Level_Layout/Content/Charaters/Michelle_4/character_4_.uexp" 2148
"/Users/emmanuelwestfield/Desktop/New_Level_Layout/Content/DodgeBallz/Sphere/ProtoBall_BP.uasset" 2149
"/Users/emmanuelwestfield/Desktop/New_Level_Layout/Content/DodgeBallz/Sphere/ProtoBall_BP.uexp" 2150
"/Users/emmanuelwestfield/Desktop/New_Level_Layout/Content/Animation/Michelle_Motion_Ch4/New_Michelle/Goalkeeper_Diving_Save_1_.uasset" 2151
"/Users/emmanuelwestfield/Desktop/New_Level_Layout/Content/Animation/Michelle_Motion_Ch4/New_Michelle/Goalkeeper_Diving_Save_1_.uexp" 2152
"/Users/emmanuelwestfield/Desktop/New_Level_Layout/Content/ThirdPersonBP/Blueprints/Interfaces/RotateOwnerBPI.uasset" 2153
"/Users/emmanuelwestfield/Desktop/New_Level_Layout/Content/ThirdPersonBP/Blueprints/Interfaces/RotateOwnerBPI.uexp" 2154
"/Users/emmanuelwestfield/Desktop/New_Level_Layout/Content/ThirdPersonBP/Blueprints/AnimNotifies/RotateOwnerAN.uasset" 2155
"/Users/emmanuelwestfield/Desktop/New_Level_Layout/Content/ThirdPersonBP/Blueprints/AnimNotifies/RotateOwnerAN.uexp" 2156
"/Users/emmanuelwestfield/Desktop/New_Level_Layout/Content/Animation/Michelle_Motion_Ch4/New_Michelle/Goalkeeper_Diving_Save_1__Montage.uasset" 2157
"/Users/emmanuelwestfield/Desktop/New_Level_Layout/Content/Animation/Michelle_Motion_Ch4/New_Michelle/Goalkeeper_Diving_Save_1__Montage.uexp" 2158
"/Users/emmanuelwestfield/Desktop/New_Level_Layout/Content/Animation/Michelle_Motion_Ch4/New_Michelle/Goalkeeper_Diving_Save.uasset" 2159
"/Users/emmanuelwestfield/Desktop/New_Level_Layout/Content/Animation/Michelle_Motion_Ch4/New_Michelle/Goalkeeper_Diving_Save.uexp" 2160
"/Users/emmanuelwestfield/Desktop/New_Level_Layout/Content/Animation/Michelle_Motion_Ch4/New_Michelle/Goalkeeper_Diving_Save_Montage.uasset" 2161
"/Users/emmanuelwestfield/Desktop/New_Level_Layout/Content/Animation/Michelle_Motion_Ch4/New_Michelle/Goalkeeper_Diving_Save_Montage.uexp" 2162
"/Users/emmanuelwestfield/Desktop/New_Level_Layout/Content/Main_Menu/Main_Menu_Images/Button_Resume.uasset" 2163
"/Users/emmanuelwestfield/Desktop/New_Level_Layout/Content/Main_Menu/Main_Menu_Images/Button_Resume.uexp" 2164
"/Users/emmanuelwestfield/Desktop/New_Level_Layout/Content/Main_Menu/Main_Menu_Images/kisspng-trail-running-clip-art-jogging-sports-5c02c6610ba363_5651798915436857290477.uasset" 2165
"/Users/emmanuelwestfield/Desktop/New_Level_Layout/Content/Main_Menu/Main_Menu_Images/kisspng-trail-running-clip-art-jogging-sports-5c02c6610ba363_5651798915436857290477.uexp" 2166
"/Users/emmanuelwestfield/Desktop/New_Level_Layout/Content/Main_Menu/Main_Menu_Images/Button_Quit.uasset" 2167
"/Users/emmanuelwestfield/Desktop/New_Level_Layout/Content/Main_Menu/Main_Menu_Images/Button_Quit.uexp" 2168
"/Users/emmanuelwestfield/Desktop/New_Level_Layout/Content/Main_Menu/Main_Menu_Images/Button_MainMenu.uasset" 2169
"/Users/emmanuelwestfield/Desktop/New_Level_Layout/Content/Main_Menu/Main_Menu_Images/Button_MainMenu.uexp" 2170
"/Users/emmanuelwestfield/Desktop/New_Level_Layout/Content/Main_Menu/PauseWidget1.uasset" 2171
"/Users/emmanuelwestfield/Desktop/New_Level_Layout/Content/Main_Menu/PauseWidget1.uexp" 2172
"/Users/emmanuelwestfield/Desktop/New_Level_Layout/Content/FirstPerson/Meshes/FirstPersonProjectileMaterial.uasset" 2173
"/Users/emmanuelwestfield/Desktop/New_Level_Layout/Content/FirstPerson/Meshes/FirstPersonProjectileMaterial.uexp" 2174
"/Users/emmanuelwestfield/Desktop/New_Level_Layout/Content/FirstPerson/Meshes/FirstPersonProjectileMesh.uasset" 2175
"/Users/emmanuelwestfield/Desktop/New_Level_Layout/Content/FirstPerson/Meshes/FirstPersonProjectileMesh.uexp" 2176
"/Users/emmanuelwestfield/Desktop/New_Level_Layout/Content/FirstPersonBP/Blueprints/FirstPersonProjectile.uasset" 2177
"/Users/emmanuelwestfield/Desktop/New_Level_Layout/Content/FirstPersonBP/Blueprints/FirstPersonProjectile.uexp" 2178
"/Users/emmanuelwestfield/Desktop/New_Level_Layout/Content/ThirdPersonBP/Blueprints/health/HealthWidget.uasset" 2179
"/Users/emmanuelwestfield/Desktop/New_Level_Layout/Content/ThirdPersonBP/Blueprints/health/HealthWidget.uexp" 2180
"/Users/emmanuelwestfield/Desktop/New_Level_Layout/Content/ThirdPersonBP/Blueprints/health/GameoverWidget.uasset" 2181
"/Users/emmanuelwestfield/Desktop/New_Level_Layout/Content/ThirdPersonBP/Blueprints/health/GameoverWidget.uexp" 2182
"/Users/emmanuelwestfield/Desktop/New_Level_Layout/Content/Charaters/Michelle_4/Pitch_Idle_Blend.uasset" 2183
"/Users/emmanuelwestfield/Desktop/New_Level_Layout/Content/Charaters/Michelle_4/Pitch_Idle_Blend.uexp" 2184
"/Users/emmanuelwestfield/Desktop/New_Level_Layout/Content/Animation/Michelle_Motion_Ch4/New_Michelle/Running_1_.uasset" 2185
"/Users/emmanuelwestfield/Desktop/New_Level_Layout/Content/Animation/Michelle_Motion_Ch4/New_Michelle/Running_1_.uexp" 2186
"/Users/emmanuelwestfield/Desktop/New_Level_Layout/Content/Charaters/Michelle_4/Michell_Walking_Blendspace.uasset" 2187
"/Users/emmanuelwestfield/Desktop/New_Level_Layout/Content/Charaters/Michelle_4/Michell_Walking_Blendspace.uexp" 2188
"/Users/emmanuelwestfield/Desktop/New_Level_Layout/Content/Animation/Michelle_Motion_Ch4/New_Michelle/Jumping_Up_1_.uasset" 2189
"/Users/emmanuelwestfield/Desktop/New_Level_Layout/Content/Animation/Michelle_Motion_Ch4/New_Michelle/Jumping_Up_1_.uexp" 2190
"/Users/emmanuelwestfield/Desktop/New_Level_Layout/Content/Animation/Michelle_Motion_Ch4/New_Michelle/Falling_To_Landing.uasset" 2191
"/Users/emmanuelwestfield/Desktop/New_Level_Layout/Content/Animation/Michelle_Motion_Ch4/New_Michelle/Falling_To_Landing.uexp" 2192
"/Users/emmanuelwestfield/Desktop/New_Level_Layout/Content/Animation/Michelle_Motion_Ch4/New_Michelle/Goalkeeper_Idle.uasset" 2193
"/Users/emmanuelwestfield/Desktop/New_Level_Layout/Content/Animation/Michelle_Motion_Ch4/New_Michelle/Goalkeeper_Idle.uexp" 2194
"/Users/emmanuelwestfield/Desktop/New_Level_Layout/Content/Animation/Michelle_Motion_Ch4/New_Michelle/Goalkeeper_Scoop.uasset" 2195
"/Users/emmanuelwestfield/Desktop/New_Level_Layout/Content/Animation/Michelle_Motion_Ch4/New_Michelle/Goalkeeper_Scoop.uexp" 2196
"/Users/emmanuelwestfield/Desktop/New_Level_Layout/Content/Charaters/Michelle_4/Michelle_ENUM.uasset" 2197
"/Users/emmanuelwestfield/Desktop/New_Level_Layout/Content/Charaters/Michelle_4/Michelle_ENUM.uexp" 2198
"/Users/emmanuelwestfield/Desktop/New_Level_Layout/Content/Charaters/Michelle_4/Character_4_Ani_Blueprint.uasset" 2199
"/Users/emmanuelwestfield/Desktop/New_Level_Layout/Content/Charaters/Michelle_4/Character_4_Ani_Blueprint.uexp" 2200
"/Users/emmanuelwestfield/Desktop/New_Level_Layout/Content/ThirdPersonBP/Blueprints/ThirdPersonCharacter.uasset" 2201
"/Users/emmanuelwestfield/Desktop/New_Level_Layout/Content/ThirdPersonBP/Blueprints/ThirdPersonCharacter.uexp" 2202
"/Users/emmanuelwestfield/Desktop/New_Level_Layout/Content/ThirdPersonBP/Blueprints/health/TimerWidget.uasset" 2203
"/Users/emmanuelwestfield/Desktop/New_Level_Layout/Content/ThirdPersonBP/Blueprints/health/TimerWidget.uexp" 2204
"/Users/emmanuelwestfield/Desktop/New_Level_Layout/Content/LowPolyCity/Textures/Texture_01.uasset" 2205
"/Users/emmanuelwestfield/Desktop/New_Level_Layout/Content/LowPolyCity/Textures/Texture_01.uexp" 2206
"/Users/emmanuelwestfield/Desktop/New_Level_Layout/Content/LowPolyCity/Textures/Texture_01.ubulk" 2207
"/Users/emmanuelwestfield/Desktop/New_Level_Layout/Content/LowPolyCity/Materials/M_LowPolyCity_01.uasset" 2208
"/Users/emmanuelwestfield/Desktop/New_Level_Layout/Content/LowPolyCity/Materials/M_LowPolyCity_01.uexp" 2209
"/Users/emmanuelwestfield/Desktop/New_Level_Layout/Content/LowPolyCity/Meshes/Road/Mesh_Road_Tile_01.uasset" 2210
"/Users/emmanuelwestfield/Desktop/New_Level_Layout/Content/LowPolyCity/Meshes/Road/Mesh_Road_Tile_01.uexp" 2211
"/Users/emmanuelwestfield/Desktop/New_Level_Layout/Content/LowPolyCity/Meshes/Road/Mesh_Road_GrassPlane_05.uasset" 2212
"/Users/emmanuelwestfield/Desktop/New_Level_Layout/Content/LowPolyCity/Meshes/Road/Mesh_Road_GrassPlane_05.uexp" 2213
"/Users/emmanuelwestfield/Desktop/New_Level_Layout/Content/LowPolyCity/Meshes/Road/Mesh_Road_GrassPlane_04.uasset" 2214
"/Users/emmanuelwestfield/Desktop/New_Level_Layout/Content/LowPolyCity/Meshes/Road/Mesh_Road_GrassPlane_04.uexp" 2215
"/Users/emmanuelwestfield/Desktop/New_Level_Layout/Content/LowPolyCity/Meshes/Road/Mesh_Road_GrassPlane_01.uasset" 2216
"/Users/emmanuelwestfield/Desktop/New_Level_Layout/Content/LowPolyCity/Meshes/Road/Mesh_Road_GrassPlane_01.uexp" 2217
"/Users/emmanuelwestfield/Desktop/New_Level_Layout/Content/LowPolyCity/Meshes/Road/Mesh_Road_BG.uasset" 2218
"/Users/emmanuelwestfield/Desktop/New_Level_Layout/Content/LowPolyCity/Meshes/Road/Mesh_Road_BG.uexp" 2219
"/Users/emmanuelwestfield/Desktop/New_Level_Layout/Content/LowPolyCity/Meshes/Road/Mesh_Road_18.uasset" 2220
"/Users/emmanuelwestfield/Desktop/New_Level_Layout/Content/LowPolyCity/Meshes/Road/Mesh_Road_18.uexp" 2221
"/Users/emmanuelwestfield/Desktop/New_Level_Layout/Content/LowPolyCity/Meshes/Road/Mesh_Road_11.uasset" 2222
"/Users/emmanuelwestfield/Desktop/New_Level_Layout/Content/LowPolyCity/Meshes/Road/Mesh_Road_11.uexp" 2223
"/Users/emmanuelwestfield/Desktop/New_Level_Layout/Content/LowPolyCity/Meshes/Road/Mesh_Road_10.uasset" 2224
"/Users/emmanuelwestfield/Desktop/New_Level_Layout/Content/LowPolyCity/Meshes/Road/Mesh_Road_10.uexp" 2225
"/Users/emmanuelwestfield/Desktop/New_Level_Layout/Content/LowPolyCity/Meshes/Road/Mesh_Road_09.uasset" 2226
"/Users/emmanuelwestfield/Desktop/New_Level_Layout/Content/LowPolyCity/Meshes/Road/Mesh_Road_09.uexp" 2227
"/Users/emmanuelwestfield/Desktop/New_Level_Layout/Content/LowPolyCity/Meshes/Road/Mesh_Road_06.uasset" 2228
"/Users/emmanuelwestfield/Desktop/New_Level_Layout/Content/LowPolyCity/Meshes/Road/Mesh_Road_06.uexp" 2229
"/Users/emmanuelwestfield/Desktop/New_Level_Layout/Content/LowPolyCity/Meshes/Road/Mesh_Road_02.uasset" 2230
"/Users/emmanuelwestfield/Desktop/New_Level_Layout/Content/LowPolyCity/Meshes/Road/Mesh_Road_02.uexp" 2231
"/Users/emmanuelwestfield/Desktop/New_Level_Layout/Content/LowPolyCity/Meshes/Road/Mesh_Road_01.uasset" 2232
"/Users/emmanuelwestfield/Desktop/New_Level_Layout/Content/LowPolyCity/Meshes/Road/Mesh_Road_01.uexp" 2233
"/Users/emmanuelwestfield/Desktop/New_Level_Layout/Content/LowPolyCity/Meshes/Props/Mesh_Props_Trash_02.uasset" 2234
"/Users/emmanuelwestfield/Desktop/New_Level_Layout/Content/LowPolyCity/Meshes/Props/Mesh_Props_Trash_02.uexp" 2235
"/Users/emmanuelwestfield/Desktop/New_Level_Layout/Content/LowPolyCity/Meshes/Props/Mesh_Props_Trash_01.uasset" 2236
"/Users/emmanuelwestfield/Desktop/New_Level_Layout/Content/LowPolyCity/Meshes/Props/Mesh_Props_Trash_01.uexp" 2237
"/Users/emmanuelwestfield/Desktop/New_Level_Layout/Content/LowPolyCity/Meshes/Props/Mesh_Props_TableSet_01.uasset" 2238
"/Users/emmanuelwestfield/Desktop/New_Level_Layout/Content/LowPolyCity/Meshes/Props/Mesh_Props_TableSet_01.uexp" 2239
"/Users/emmanuelwestfield/Desktop/New_Level_Layout/Content/LowPolyCity/Meshes/Props/Mesh_Props_RoadSign_03.uasset" 2240
"/Users/emmanuelwestfield/Desktop/New_Level_Layout/Content/LowPolyCity/Meshes/Props/Mesh_Props_RoadSign_03.uexp" 2241
"/Users/emmanuelwestfield/Desktop/New_Level_Layout/Content/LowPolyCity/Meshes/Props/Mesh_Props_RoadSign_02.uasset" 2242
"/Users/emmanuelwestfield/Desktop/New_Level_Layout/Content/LowPolyCity/Meshes/Props/Mesh_Props_RoadSign_02.uexp" 2243
"/Users/emmanuelwestfield/Desktop/New_Level_Layout/Content/LowPolyCity/Meshes/Props/Mesh_Props_RoadSign_01.uasset" 2244
"/Users/emmanuelwestfield/Desktop/New_Level_Layout/Content/LowPolyCity/Meshes/Props/Mesh_Props_RoadSign_01.uexp" 2245
"/Users/emmanuelwestfield/Desktop/New_Level_Layout/Content/LowPolyCity/Meshes/Props/Mesh_Props_Light_02.uasset" 2246
"/Users/emmanuelwestfield/Desktop/New_Level_Layout/Content/LowPolyCity/Meshes/Props/Mesh_Props_Light_02.uexp" 2247
"/Users/emmanuelwestfield/Desktop/New_Level_Layout/Content/LowPolyCity/Meshes/Props/Mesh_Props_HousePart_06.uasset" 2248
"/Users/emmanuelwestfield/Desktop/New_Level_Layout/Content/LowPolyCity/Meshes/Props/Mesh_Props_HousePart_06.uexp" 2249
"/Users/emmanuelwestfield/Desktop/New_Level_Layout/Content/LowPolyCity/Meshes/Props/Mesh_Props_HousePart_03.uasset" 2250
"/Users/emmanuelwestfield/Desktop/New_Level_Layout/Content/LowPolyCity/Meshes/Props/Mesh_Props_HousePart_03.uexp" 2251
"/Users/emmanuelwestfield/Desktop/New_Level_Layout/Content/LowPolyCity/Meshes/Props/Mesh_Props_GrassPart_01.uasset" 2252
"/Users/emmanuelwestfield/Desktop/New_Level_Layout/Content/LowPolyCity/Meshes/Props/Mesh_Props_GrassPart_01.uexp" 2253
"/Users/emmanuelwestfield/Desktop/New_Level_Layout/Content/LowPolyCity/Meshes/Props/Mesh_Props_Fountain_01.uasset" 2254
"/Users/emmanuelwestfield/Desktop/New_Level_Layout/Content/LowPolyCity/Meshes/Props/Mesh_Props_Fountain_01.uexp" 2255
"/Users/emmanuelwestfield/Desktop/New_Level_Layout/Content/LowPolyCity/Meshes/Props/Mesh_Props_FootballFence_01.uasset" 2256
"/Users/emmanuelwestfield/Desktop/New_Level_Layout/Content/LowPolyCity/Meshes/Props/Mesh_Props_FootballFence_01.uexp" 2257
"/Users/emmanuelwestfield/Desktop/New_Level_Layout/Content/LowPolyCity/Meshes/Props/Mesh_Props_Fence_02.uasset" 2258
"/Users/emmanuelwestfield/Desktop/New_Level_Layout/Content/LowPolyCity/Meshes/Props/Mesh_Props_Fence_02.uexp" 2259
"/Users/emmanuelwestfield/Desktop/New_Level_Layout/Content/LowPolyCity/Meshes/Props/Mesh_Props_Fence_01.uasset" 2260
"/Users/emmanuelwestfield/Desktop/New_Level_Layout/Content/LowPolyCity/Meshes/Props/Mesh_Props_Fence_01.uexp" 2261
"/Users/emmanuelwestfield/Desktop/New_Level_Layout/Content/LowPolyCity/Meshes/Props/Mesh_Props_Bench_03.uasset" 2262
"/Users/emmanuelwestfield/Desktop/New_Level_Layout/Content/LowPolyCity/Meshes/Props/Mesh_Props_Bench_03.uexp" 2263
"/Users/emmanuelwestfield/Desktop/New_Level_Layout/Content/LowPolyCity/Meshes/Props/Mesh_Props_Bench_02.uasset" 2264
"/Users/emmanuelwestfield/Desktop/New_Level_Layout/Content/LowPolyCity/Meshes/Props/Mesh_Props_Bench_02.uexp" 2265
"/Users/emmanuelwestfield/Desktop/New_Level_Layout/Content/LowPolyCity/Meshes/Props/Mesh_Props_Bench_01.uasset" 2266
"/Users/emmanuelwestfield/Desktop/New_Level_Layout/Content/LowPolyCity/Meshes/Props/Mesh_Props_Bench_01.uexp" 2267
"/Users/emmanuelwestfield/Desktop/New_Level_Layout/Content/LowPolyCity/Meshes/Nature/Mesh_Nature_Tree_03.uasset" 2268
"/Users/emmanuelwestfield/Desktop/New_Level_Layout/Content/LowPolyCity/Meshes/Nature/Mesh_Nature_Tree_03.uexp" 2269
"/Users/emmanuelwestfield/Desktop/New_Level_Layout/Content/LowPolyCity/Meshes/Nature/Mesh_Nature_Tree_02.uasset" 2270
"/Users/emmanuelwestfield/Desktop/New_Level_Layout/Content/LowPolyCity/Meshes/Nature/Mesh_Nature_Tree_02.uexp" 2271
"/Users/emmanuelwestfield/Desktop/New_Level_Layout/Content/LowPolyCity/Meshes/Nature/Mesh_Nature_Tree_01.uasset" 2272
"/Users/emmanuelwestfield/Desktop/New_Level_Layout/Content/LowPolyCity/Meshes/Nature/Mesh_Nature_Tree_01.uexp" 2273
"/Users/emmanuelwestfield/Desktop/New_Level_Layout/Content/LowPolyCity/Meshes/Nature/Mesh_Nature_Rock_02.uasset" 2274
"/Users/emmanuelwestfield/Desktop/New_Level_Layout/Content/LowPolyCity/Meshes/Nature/Mesh_Nature_Rock_02.uexp" 2275
"/Users/emmanuelwestfield/Desktop/New_Level_Layout/Content/LowPolyCity/Meshes/Nature/Mesh_Nature_Rock_01.uasset" 2276
"/Users/emmanuelwestfield/Desktop/New_Level_Layout/Content/LowPolyCity/Meshes/Nature/Mesh_Nature_Rock_01.uexp" 2277
"/Users/emmanuelwestfield/Desktop/New_Level_Layout/Content/LowPolyCity/Meshes/Nature/Mesh_Nature_Grass_02.uasset" 2278
"/Users/emmanuelwestfield/Desktop/New_Level_Layout/Content/LowPolyCity/Meshes/Nature/Mesh_Nature_Grass_02.uexp" 2279
"/Users/emmanuelwestfield/Desktop/New_Level_Layout/Content/LowPolyCity/Meshes/Nature/Mesh_Nature_Grass_01.uasset" 2280
"/Users/emmanuelwestfield/Desktop/New_Level_Layout/Content/LowPolyCity/Meshes/Nature/Mesh_Nature_Grass_01.uexp" 2281
"/Users/emmanuelwestfield/Desktop/New_Level_Layout/Content/LowPolyCity/Meshes/Nature/Mesh_Nature_Cloud_04.uasset" 2282
"/Users/emmanuelwestfield/Desktop/New_Level_Layout/Content/LowPolyCity/Meshes/Nature/Mesh_Nature_Cloud_04.uexp" 2283
"/Users/emmanuelwestfield/Desktop/New_Level_Layout/Content/LowPolyCity/Meshes/Nature/Mesh_Nature_Cloud_01.uasset" 2284
"/Users/emmanuelwestfield/Desktop/New_Level_Layout/Content/LowPolyCity/Meshes/Nature/Mesh_Nature_Cloud_01.uexp" 2285
"/Users/emmanuelwestfield/Desktop/New_Level_Layout/Content/LowPolyCity/Meshes/Buildings/Mesh_Buildings_Supermarket.uasset" 2286
"/Users/emmanuelwestfield/Desktop/New_Level_Layout/Content/LowPolyCity/Meshes/Buildings/Mesh_Buildings_Supermarket.uexp" 2287
"/Users/emmanuelwestfield/Desktop/New_Level_Layout/Content/LowPolyCity/Meshes/Buildings/Mesh_Buildings_Police.uasset" 2288
"/Users/emmanuelwestfield/Desktop/New_Level_Layout/Content/LowPolyCity/Meshes/Buildings/Mesh_Buildings_Police.uexp" 2289
"/Users/emmanuelwestfield/Desktop/New_Level_Layout/Content/LowPolyCity/Meshes/Buildings/Mesh_Buildings_Pizza.uasset" 2290
"/Users/emmanuelwestfield/Desktop/New_Level_Layout/Content/LowPolyCity/Meshes/Buildings/Mesh_Buildings_Pizza.uexp" 2291
"/Users/emmanuelwestfield/Desktop/New_Level_Layout/Content/LowPolyCity/Meshes/Buildings/Mesh_Buildings_House_21.uasset" 2292
"/Users/emmanuelwestfield/Desktop/New_Level_Layout/Content/LowPolyCity/Meshes/Buildings/Mesh_Buildings_House_21.uexp" 2293
"/Users/emmanuelwestfield/Desktop/New_Level_Layout/Content/LowPolyCity/Meshes/Buildings/Mesh_Buildings_House_20.uasset" 2294
"/Users/emmanuelwestfield/Desktop/New_Level_Layout/Content/LowPolyCity/Meshes/Buildings/Mesh_Buildings_House_20.uexp" 2295
"/Users/emmanuelwestfield/Desktop/New_Level_Layout/Content/LowPolyCity/Meshes/Buildings/Mesh_Buildings_House_19.uasset" 2296
"/Users/emmanuelwestfield/Desktop/New_Level_Layout/Content/LowPolyCity/Meshes/Buildings/Mesh_Buildings_House_19.uexp" 2297
"/Users/emmanuelwestfield/Desktop/New_Level_Layout/Content/LowPolyCity/Meshes/Buildings/Mesh_Buildings_House_18.uasset" 2298
"/Users/emmanuelwestfield/Desktop/New_Level_Layout/Content/LowPolyCity/Meshes/Buildings/Mesh_Buildings_House_18.uexp" 2299
"/Users/emmanuelwestfield/Desktop/New_Level_Layout/Content/LowPolyCity/Meshes/Buildings/Mesh_Buildings_House_17.uasset" 2300
"/Users/emmanuelwestfield/Desktop/New_Level_Layout/Content/LowPolyCity/Meshes/Buildings/Mesh_Buildings_House_17.uexp" 2301
"/Users/emmanuelwestfield/Desktop/New_Level_Layout/Content/LowPolyCity/Meshes/Buildings/Mesh_Buildings_House_16.uasset" 2302
"/Users/emmanuelwestfield/Desktop/New_Level_Layout/Content/LowPolyCity/Meshes/Buildings/Mesh_Buildings_House_16.uexp" 2303
"/Users/emmanuelwestfield/Desktop/New_Level_Layout/Content/LowPolyCity/Meshes/Buildings/Mesh_Buildings_House_15.uasset" 2304
"/Users/emmanuelwestfield/Desktop/New_Level_Layout/Content/LowPolyCity/Meshes/Buildings/Mesh_Buildings_House_15.uexp" 2305
"/Users/emmanuelwestfield/Desktop/New_Level_Layout/Content/LowPolyCity/Meshes/Buildings/Mesh_Buildings_House_14.uasset" 2306
"/Users/emmanuelwestfield/Desktop/New_Level_Layout/Content/LowPolyCity/Meshes/Buildings/Mesh_Buildings_House_14.uexp" 2307
"/Users/emmanuelwestfield/Desktop/New_Level_Layout/Content/LowPolyCity/Meshes/Buildings/Mesh_Buildings_House_13.uasset" 2308
"/Users/emmanuelwestfield/Desktop/New_Level_Layout/Content/LowPolyCity/Meshes/Buildings/Mesh_Buildings_House_13.uexp" 2309
"/Users/emmanuelwestfield/Desktop/New_Level_Layout/Content/LowPolyCity/Meshes/Buildings/Mesh_Buildings_House_12.uasset" 2310
"/Users/emmanuelwestfield/Desktop/New_Level_Layout/Content/LowPolyCity/Meshes/Buildings/Mesh_Buildings_House_12.uexp" 2311
"/Users/emmanuelwestfield/Desktop/New_Level_Layout/Content/LowPolyCity/Meshes/Buildings/Mesh_Buildings_House_11.uasset" 2312
"/Users/emmanuelwestfield/Desktop/New_Level_Layout/Content/LowPolyCity/Meshes/Buildings/Mesh_Buildings_House_11.uexp" 2313
"/Users/emmanuelwestfield/Desktop/New_Level_Layout/Content/LowPolyCity/Meshes/Buildings/Mesh_Buildings_House_10.uasset" 2314
"/Users/emmanuelwestfield/Desktop/New_Level_Layout/Content/LowPolyCity/Meshes/Buildings/Mesh_Buildings_House_10.uexp" 2315
"/Users/emmanuelwestfield/Desktop/New_Level_Layout/Content/LowPolyCity/Meshes/Buildings/Mesh_Buildings_House_09.uasset" 2316
"/Users/emmanuelwestfield/Desktop/New_Level_Layout/Content/LowPolyCity/Meshes/Buildings/Mesh_Buildings_House_09.uexp" 2317
"/Users/emmanuelwestfield/Desktop/New_Level_Layout/Content/LowPolyCity/Meshes/Buildings/Mesh_Buildings_House_08.uasset" 2318
"/Users/emmanuelwestfield/Desktop/New_Level_Layout/Content/LowPolyCity/Meshes/Buildings/Mesh_Buildings_House_08.uexp" 2319
"/Users/emmanuelwestfield/Desktop/New_Level_Layout/Content/LowPolyCity/Meshes/Buildings/Mesh_Buildings_House_07.uasset" 2320
"/Users/emmanuelwestfield/Desktop/New_Level_Layout/Content/LowPolyCity/Meshes/Buildings/Mesh_Buildings_House_07.uexp" 2321
"/Users/emmanuelwestfield/Desktop/New_Level_Layout/Content/LowPolyCity/Meshes/Buildings/Mesh_Buildings_House_06.uasset" 2322
"/Users/emmanuelwestfield/Desktop/New_Level_Layout/Content/LowPolyCity/Meshes/Buildings/Mesh_Buildings_House_06.uexp" 2323
"/Users/emmanuelwestfield/Desktop/New_Level_Layout/Content/LowPolyCity/Meshes/Buildings/Mesh_Buildings_House_05.uasset" 2324
"/Users/emmanuelwestfield/Desktop/New_Level_Layout/Content/LowPolyCity/Meshes/Buildings/Mesh_Buildings_House_05.uexp" 2325
"/Users/emmanuelwestfield/Desktop/New_Level_Layout/Content/LowPolyCity/Meshes/Buildings/Mesh_Buildings_House_04.uasset" 2326
"/Users/emmanuelwestfield/Desktop/New_Level_Layout/Content/LowPolyCity/Meshes/Buildings/Mesh_Buildings_House_04.uexp" 2327
"/Users/emmanuelwestfield/Desktop/New_Level_Layout/Content/LowPolyCity/Meshes/Buildings/Mesh_Buildings_House_03.uasset" 2328
"/Users/emmanuelwestfield/Desktop/New_Level_Layout/Content/LowPolyCity/Meshes/Buildings/Mesh_Buildings_House_03.uexp" 2329
"/Users/emmanuelwestfield/Desktop/New_Level_Layout/Content/LowPolyCity/Meshes/Buildings/Mesh_Buildings_House_02.uasset" 2330
"/Users/emmanuelwestfield/Desktop/New_Level_Layout/Content/LowPolyCity/Meshes/Buildings/Mesh_Buildings_House_02.uexp" 2331
"/Users/emmanuelwestfield/Desktop/New_Level_Layout/Content/LowPolyCity/Meshes/Buildings/Mesh_Buildings_House_01.uasset" 2332
"/Users/emmanuelwestfield/Desktop/New_Level_Layout/Content/LowPolyCity/Meshes/Buildings/Mesh_Buildings_House_01.uexp" 2333
"/Users/emmanuelwestfield/Desktop/New_Level_Layout/Content/LowPolyCity/Meshes/Buildings/Mesh_Buildings_Hotel.uasset" 2334
"/Users/emmanuelwestfield/Desktop/New_Level_Layout/Content/LowPolyCity/Meshes/Buildings/Mesh_Buildings_Hotel.uexp" 2335
"/Users/emmanuelwestfield/Desktop/New_Level_Layout/Content/LowPolyCity/Meshes/Buildings/Mesh_Buildings_Hospital.uasset" 2336
"/Users/emmanuelwestfield/Desktop/New_Level_Layout/Content/LowPolyCity/Meshes/Buildings/Mesh_Buildings_Hospital.uexp" 2337
"/Users/emmanuelwestfield/Desktop/New_Level_Layout/Content/LowPolyCity/Meshes/Buildings/Mesh_Buildings_Gas_Station_02.uasset" 2338
"/Users/emmanuelwestfield/Desktop/New_Level_Layout/Content/LowPolyCity/Meshes/Buildings/Mesh_Buildings_Gas_Station_02.uexp" 2339
"/Users/emmanuelwestfield/Desktop/New_Level_Layout/Content/LowPolyCity/Meshes/Buildings/Mesh_Buildings_Gas_Station_01.uasset" 2340
"/Users/emmanuelwestfield/Desktop/New_Level_Layout/Content/LowPolyCity/Meshes/Buildings/Mesh_Buildings_Gas_Station_01.uexp" 2341
"/Users/emmanuelwestfield/Desktop/New_Level_Layout/Content/LowPolyCity/Meshes/Buildings/Mesh_Buildings_Football.uasset" 2342
"/Users/emmanuelwestfield/Desktop/New_Level_Layout/Content/LowPolyCity/Meshes/Buildings/Mesh_Buildings_Football.uexp" 2343
"/Users/emmanuelwestfield/Desktop/New_Level_Layout/Content/LowPolyCity/Meshes/Buildings/Mesh_Buildings_Factory_03.uasset" 2344
"/Users/emmanuelwestfield/Desktop/New_Level_Layout/Content/LowPolyCity/Meshes/Buildings/Mesh_Buildings_Factory_03.uexp" 2345
"/Users/emmanuelwestfield/Desktop/New_Level_Layout/Content/LowPolyCity/Meshes/Buildings/Mesh_Buildings_Factory_02.uasset" 2346
"/Users/emmanuelwestfield/Desktop/New_Level_Layout/Content/LowPolyCity/Meshes/Buildings/Mesh_Buildings_Factory_02.uexp" 2347
"/Users/emmanuelwestfield/Desktop/New_Level_Layout/Content/LowPolyCity/Meshes/Buildings/Mesh_Buildings_Factory_01.uasset" 2348
"/Users/emmanuelwestfield/Desktop/New_Level_Layout/Content/LowPolyCity/Meshes/Buildings/Mesh_Buildings_Factory_01.uexp" 2349
"/Users/emmanuelwestfield/Desktop/New_Level_Layout/Content/LowPolyCity/Meshes/Buildings/Mesh_Buildings_Donuts.uasset" 2350
"/Users/emmanuelwestfield/Desktop/New_Level_Layout/Content/LowPolyCity/Meshes/Buildings/Mesh_Buildings_Donuts.uexp" 2351
"/Users/emmanuelwestfield/Desktop/New_Level_Layout/Content/LowPolyCity/Meshes/Buildings/Mesh_Buildings_Cafe.uasset" 2352
"/Users/emmanuelwestfield/Desktop/New_Level_Layout/Content/LowPolyCity/Meshes/Buildings/Mesh_Buildings_Cafe.uexp" 2353
"/Users/emmanuelwestfield/Desktop/New_Level_Layout/Content/LowPolyCity/Meshes/Buildings/Mesh_Buildings_Burgers.uasset" 2354
"/Users/emmanuelwestfield/Desktop/New_Level_Layout/Content/LowPolyCity/Meshes/Buildings/Mesh_Buildings_Burgers.uexp" 2355
"/Users/emmanuelwestfield/Desktop/New_Level_Layout/Content/LowPolyCity/Meshes/Buildings/Mesh_Buildings_Basketball.uasset" 2356
"/Users/emmanuelwestfield/Desktop/New_Level_Layout/Content/LowPolyCity/Meshes/Buildings/Mesh_Buildings_Basketball.uexp" 2357
"/Users/emmanuelwestfield/Desktop/New_Level_Layout/Content/LowPolyCity/Meshes/Buildings/Mesh_Buildings_Bank.uasset" 2358
"/Users/emmanuelwestfield/Desktop/New_Level_Layout/Content/LowPolyCity/Meshes/Buildings/Mesh_Buildings_Bank.uexp" 2359
"/Users/emmanuelwestfield/Desktop/New_Level_Layout/Content/LowPolyCity/Meshes/Buildings/Mesh_Buildings_AutoService.uasset" 2360
"/Users/emmanuelwestfield/Desktop/New_Level_Layout/Content/LowPolyCity/Meshes/Buildings/Mesh_Buildings_AutoService.uexp" 2361
"/Users/emmanuelwestfield/Desktop/New_Level_Layout/Content/Geometry/Flag/Flag_Skeleton.uasset" 2362
"/Users/emmanuelwestfield/Desktop/New_Level_Layout/Content/Geometry/Flag/Flag_Skeleton.uexp" 2363
"/Users/emmanuelwestfield/Desktop/New_Level_Layout/Content/Geometry/Flag/Flag_PhysicsAsset.uasset" 2364
"/Users/emmanuelwestfield/Desktop/New_Level_Layout/Content/Geometry/Flag/Flag_PhysicsAsset.uexp" 2365
"/Users/emmanuelwestfield/Desktop/New_Level_Layout/Content/Geometry/Flag/Pole.uasset" 2366
"/Users/emmanuelwestfield/Desktop/New_Level_Layout/Content/Geometry/Flag/Pole.uexp" 2367
"/Users/emmanuelwestfield/Desktop/New_Level_Layout/Content/Geometry/Flag/ANI_240_Flag.uasset" 2368
"/Users/emmanuelwestfield/Desktop/New_Level_Layout/Content/Geometry/Flag/ANI_240_Flag.uexp" 2369
"/Users/emmanuelwestfield/Desktop/New_Level_Layout/Content/Geometry/Flag/flag_cloth.uasset" 2370
"/Users/emmanuelwestfield/Desktop/New_Level_Layout/Content/Geometry/Flag/flag_cloth.uexp" 2371
"/Users/emmanuelwestfield/Desktop/New_Level_Layout/Content/Geometry/Flag/Flag.uasset" 2372
"/Users/emmanuelwestfield/Desktop/New_Level_Layout/Content/Geometry/Flag/Flag.uexp" 2373
"/Users/emmanuelwestfield/Desktop/New_Level_Layout/Content/Color_Boy/Dodgeball_LUT.uasset" 2374
"/Users/emmanuelwestfield/Desktop/New_Level_Layout/Content/Color_Boy/Dodgeball_LUT.uexp" 2375
"../../../Engine/Content/EngineSky/T_Sky_Stars.uasset" 2376
"../../../Engine/Content/EngineSky/T_Sky_Stars.uexp" 2377
"../../../Engine/Content/EngineSky/T_Sky_Stars.ubulk" 2378
"../../../Engine/Content/EngineSky/T_Sky_Clouds_M.uasset" 2379
"../../../Engine/Content/EngineSky/T_Sky_Clouds_M.uexp" 2380
"../../../Engine/Content/EngineSky/T_Sky_Clouds_M.ubulk" 2381
"../../../Engine/Content/EngineSky/T_Sky_Blue.uasset" 2382
"../../../Engine/Content/EngineSky/T_Sky_Blue.uexp" 2383
"../../../Engine/Content/EngineSky/T_Sky_Blue.ubulk" 2384
"../../../Engine/Content/Functions/Engine_MaterialFunctions02/ExampleContent/Textures/DebugNumberPeriod.uasset" 2385
"../../../Engine/Content/Functions/Engine_MaterialFunctions02/ExampleContent/Textures/DebugNumberPeriod.uexp" 2386
"../../../Engine/Content/MapTemplates/TilingNoise05.uasset" 2387
"../../../Engine/Content/MapTemplates/TilingNoise05.uexp" 2388
"../../../Engine/Content/MapTemplates/TilingNoise05.ubulk" 2389
"../../../Engine/Content/Functions/Engine_MaterialFunctions02/ExampleContent/DebugNumberStrip.uasset" 2390
"../../../Engine/Content/Functions/Engine_MaterialFunctions02/ExampleContent/DebugNumberStrip.uexp" 2391
"../../../Engine/Plugins/Experimental/Water/Content/Materials/WaterSurface/Water_Material_CustomMesh.uasset" 2392
"../../../Engine/Plugins/Experimental/Water/Content/Materials/WaterSurface/Water_Material_CustomMesh.uexp" 2393
"../../../Engine/Content/Functions/Engine_MaterialFunctions01/Texturing/TextureCropping.uasset" 2394
"../../../Engine/Content/Functions/Engine_MaterialFunctions01/Texturing/TextureCropping.uexp" 2395
"../../../Engine/Content/Functions/Engine_MaterialFunctions02/Utility/DebugScalarValues.uasset" 2396
"../../../Engine/Content/Functions/Engine_MaterialFunctions02/Utility/DebugScalarValues.uexp" 2397
"../../../Engine/Content/Functions/Engine_MaterialFunctions01/Texturing/ScaleUVsByCenter.uasset" 2398
"../../../Engine/Content/Functions/Engine_MaterialFunctions01/Texturing/ScaleUVsByCenter.uexp" 2399
"../../../Engine/Plugins/Experimental/Landmass/Content/Landscape/BlueprintBrushes/MPC/MPC_Landscape.uasset" 2400
"../../../Engine/Plugins/Experimental/Landmass/Content/Landscape/BlueprintBrushes/MPC/MPC_Landscape.uexp" 2401
"../../../Engine/Content/Functions/Engine_MaterialFunctions01/Volumetrics/SchlickPhase.uasset" 2402
"../../../Engine/Content/Functions/Engine_MaterialFunctions01/Volumetrics/SchlickPhase.uexp" 2403
"../../../Engine/Content/Functions/Engine_MaterialFunctions02/ScreenResolution.uasset" 2404
"../../../Engine/Content/Functions/Engine_MaterialFunctions02/ScreenResolution.uexp" 2405
"../../../Engine/Content/Functions/Engine_MaterialFunctions02/Texturing/ScreenAlignedUVs.uasset" 2406
"../../../Engine/Content/Functions/Engine_MaterialFunctions02/Texturing/ScreenAlignedUVs.uexp" 2407
"../../../Engine/Plugins/Experimental/Water/Content/Materials/PostProcessing/M_UnderWater_PostProcess_Volume.uasset" 2408
"../../../Engine/Plugins/Experimental/Water/Content/Materials/PostProcessing/M_UnderWater_PostProcess_Volume.uexp" 2409
"../../../Engine/Content/EngineSky/M_Sky_Panning_Clouds2.uasset" 2410
"../../../Engine/Content/EngineSky/M_Sky_Panning_Clouds2.uexp" 2411
"/Users/emmanuelwestfield/Desktop/New_Level_Layout/Content/ThirdPersonBP/Maps/ThirdPersonExampleMap_BuiltData.uasset" 2412
"/Users/emmanuelwestfield/Desktop/New_Level_Layout/Content/ThirdPersonBP/Maps/ThirdPersonExampleMap_BuiltData.uexp" 2413
"/Users/emmanuelwestfield/Desktop/New_Level_Layout/Content/ThirdPersonBP/Maps/ThirdPersonExampleMap_BuiltData.ubulk" 2414
"/Users/emmanuelwestfield/Desktop/New_Level_Layout/Content/Alienboy/mesh/SK_Alienboy_tshirt_PhysicsAsset.uasset" 2415
"/Users/emmanuelwestfield/Desktop/New_Level_Layout/Content/Alienboy/mesh/SK_Alienboy_tshirt_PhysicsAsset.uexp" 2416
"/Users/emmanuelwestfield/Desktop/New_Level_Layout/Content/Alienboy/texture/tshirt/2/T_Alienboy_tshirt2_OcclusionRoughnessMetallic.uasset" 2417
"/Users/emmanuelwestfield/Desktop/New_Level_Layout/Content/Alienboy/texture/tshirt/2/T_Alienboy_tshirt2_OcclusionRoughnessMetallic.uexp" 2418
"/Users/emmanuelwestfield/Desktop/New_Level_Layout/Content/Alienboy/texture/tshirt/2/T_Alienboy_tshirt2_OcclusionRoughnessMetallic.ubulk" 2419
"/Users/emmanuelwestfield/Desktop/New_Level_Layout/Content/Alienboy/texture/tshirt/2/T_Alienboy_tshirt2_BaseColor.uasset" 2420
"/Users/emmanuelwestfield/Desktop/New_Level_Layout/Content/Alienboy/texture/tshirt/2/T_Alienboy_tshirt2_BaseColor.uexp" 2421
"/Users/emmanuelwestfield/Desktop/New_Level_Layout/Content/Alienboy/texture/tshirt/2/T_Alienboy_tshirt2_BaseColor.ubulk" 2422
"/Users/emmanuelwestfield/Desktop/New_Level_Layout/Content/Alienboy/texture/tshirt/2/T_Alienboy_tshirt2_Normal.uasset" 2423
"/Users/emmanuelwestfield/Desktop/New_Level_Layout/Content/Alienboy/texture/tshirt/2/T_Alienboy_tshirt2_Normal.uexp" 2424
"/Users/emmanuelwestfield/Desktop/New_Level_Layout/Content/Alienboy/texture/tshirt/2/T_Alienboy_tshirt2_Normal.ubulk" 2425
"/Users/emmanuelwestfield/Desktop/New_Level_Layout/Content/Alienboy/material/tshirt/Mat_T_Alienboy_tshirt2.uasset" 2426
"/Users/emmanuelwestfield/Desktop/New_Level_Layout/Content/Alienboy/material/tshirt/Mat_T_Alienboy_tshirt2.uexp" 2427
"/Users/emmanuelwestfield/Desktop/New_Level_Layout/Content/Alienboy/mesh/SK_Alienboy_tshirt.uasset" 2428
"/Users/emmanuelwestfield/Desktop/New_Level_Layout/Content/Alienboy/mesh/SK_Alienboy_tshirt.uexp" 2429
"/Users/emmanuelwestfield/Desktop/New_Level_Layout/Content/Alienboy/mesh/SK_Alienboy_shorts_PhysicsAsset.uasset" 2430
"/Users/emmanuelwestfield/Desktop/New_Level_Layout/Content/Alienboy/mesh/SK_Alienboy_shorts_PhysicsAsset.uexp" 2431
"/Users/emmanuelwestfield/Desktop/New_Level_Layout/Content/Alienboy/texture/shorts/5/T_Alienboy_shorts5_Normal.uasset" 2432
"/Users/emmanuelwestfield/Desktop/New_Level_Layout/Content/Alienboy/texture/shorts/5/T_Alienboy_shorts5_Normal.uexp" 2433
"/Users/emmanuelwestfield/Desktop/New_Level_Layout/Content/Alienboy/texture/shorts/5/T_Alienboy_shorts5_Normal.ubulk" 2434
"/Users/emmanuelwestfield/Desktop/New_Level_Layout/Content/Alienboy/texture/shorts/5/T_Alienboy_shorts5_BaseColor.uasset" 2435
"/Users/emmanuelwestfield/Desktop/New_Level_Layout/Content/Alienboy/texture/shorts/5/T_Alienboy_shorts5_BaseColor.uexp" 2436
"/Users/emmanuelwestfield/Desktop/New_Level_Layout/Content/Alienboy/texture/shorts/5/T_Alienboy_shorts5_BaseColor.ubulk" 2437
"/Users/emmanuelwestfield/Desktop/New_Level_Layout/Content/Alienboy/texture/shorts/5/T_Alienboy_shorts5_OcclusionRoughnessMetallic.uasset" 2438
"/Users/emmanuelwestfield/Desktop/New_Level_Layout/Content/Alienboy/texture/shorts/5/T_Alienboy_shorts5_OcclusionRoughnessMetallic.uexp" 2439
"/Users/emmanuelwestfield/Desktop/New_Level_Layout/Content/Alienboy/texture/shorts/5/T_Alienboy_shorts5_OcclusionRoughnessMetallic.ubulk" 2440
"/Users/emmanuelwestfield/Desktop/New_Level_Layout/Content/Alienboy/material/shorts/Mat_T_Alienboy_shorts5.uasset" 2441
"/Users/emmanuelwestfield/Desktop/New_Level_Layout/Content/Alienboy/material/shorts/Mat_T_Alienboy_shorts5.uexp" 2442
"/Users/emmanuelwestfield/Desktop/New_Level_Layout/Content/Alienboy/mesh/SK_Alienboy_shorts.uasset" 2443
"/Users/emmanuelwestfield/Desktop/New_Level_Layout/Content/Alienboy/mesh/SK_Alienboy_shorts.uexp" 2444
"/Users/emmanuelwestfield/Desktop/New_Level_Layout/Content/Alienboy/mesh/SK_Alienboy_head_PhysicsAsset.uasset" 2445
"/Users/emmanuelwestfield/Desktop/New_Level_Layout/Content/Alienboy/mesh/SK_Alienboy_head_PhysicsAsset.uexp" 2446
"/Users/emmanuelwestfield/Desktop/New_Level_Layout/Content/Alienboy/texture/head/1/T_Alienboy_head1_Normal.uasset" 2447
"/Users/emmanuelwestfield/Desktop/New_Level_Layout/Content/Alienboy/texture/head/1/T_Alienboy_head1_Normal.uexp" 2448
"/Users/emmanuelwestfield/Desktop/New_Level_Layout/Content/Alienboy/texture/head/1/T_Alienboy_head1_Normal.ubulk" 2449
"/Users/emmanuelwestfield/Desktop/New_Level_Layout/Content/Alienboy/texture/head/1/T_Alienboy_head1_OcclusionRoughnessMetallic.uasset" 2450
"/Users/emmanuelwestfield/Desktop/New_Level_Layout/Content/Alienboy/texture/head/1/T_Alienboy_head1_OcclusionRoughnessMetallic.uexp" 2451
"/Users/emmanuelwestfield/Desktop/New_Level_Layout/Content/Alienboy/texture/head/1/T_Alienboy_head1_OcclusionRoughnessMetallic.ubulk" 2452
"/Users/emmanuelwestfield/Desktop/New_Level_Layout/Content/Alienboy/texture/head/1/T_Alienboy_head1_BaseColor.uasset" 2453
"/Users/emmanuelwestfield/Desktop/New_Level_Layout/Content/Alienboy/texture/head/1/T_Alienboy_head1_BaseColor.uexp" 2454
"/Users/emmanuelwestfield/Desktop/New_Level_Layout/Content/Alienboy/texture/head/1/T_Alienboy_head1_BaseColor.ubulk" 2455
"/Users/emmanuelwestfield/Desktop/New_Level_Layout/Content/Alienboy/material/head/Mat_T_Alienboy_head1.uasset" 2456
"/Users/emmanuelwestfield/Desktop/New_Level_Layout/Content/Alienboy/material/head/Mat_T_Alienboy_head1.uexp" 2457
"/Users/emmanuelwestfield/Desktop/New_Level_Layout/Content/Alienboy/mesh/SK_Alienboy_head.uasset" 2458
"/Users/emmanuelwestfield/Desktop/New_Level_Layout/Content/Alienboy/mesh/SK_Alienboy_head.uexp" 2459
"/Users/emmanuelwestfield/Desktop/New_Level_Layout/Content/Alienboy/mesh/SK_Alienboy_eyes_PhysicsAsset.uasset" 2460
"/Users/emmanuelwestfield/Desktop/New_Level_Layout/Content/Alienboy/mesh/SK_Alienboy_eyes_PhysicsAsset.uexp" 2461
"/Users/emmanuelwestfield/Desktop/New_Level_Layout/Content/Alienboy/texture/eyes/1/T_Alienboy_eyes_OcclusionRoughnessMetallic.uasset" 2462
"/Users/emmanuelwestfield/Desktop/New_Level_Layout/Content/Alienboy/texture/eyes/1/T_Alienboy_eyes_OcclusionRoughnessMetallic.uexp" 2463
"/Users/emmanuelwestfield/Desktop/New_Level_Layout/Content/Alienboy/texture/eyes/1/T_Alienboy_eyes_OcclusionRoughnessMetallic.ubulk" 2464
"/Users/emmanuelwestfield/Desktop/New_Level_Layout/Content/Alienboy/texture/eyes/1/T_Alienboy_eyes_Normal.uasset" 2465
"/Users/emmanuelwestfield/Desktop/New_Level_Layout/Content/Alienboy/texture/eyes/1/T_Alienboy_eyes_Normal.uexp" 2466
"/Users/emmanuelwestfield/Desktop/New_Level_Layout/Content/Alienboy/texture/eyes/1/T_Alienboy_eyes_Normal.ubulk" 2467
"/Users/emmanuelwestfield/Desktop/New_Level_Layout/Content/Alienboy/texture/eyes/1/T_Alienboy_eyes_BaseColor.uasset" 2468
"/Users/emmanuelwestfield/Desktop/New_Level_Layout/Content/Alienboy/texture/eyes/1/T_Alienboy_eyes_BaseColor.uexp" 2469
"/Users/emmanuelwestfield/Desktop/New_Level_Layout/Content/Alienboy/texture/eyes/1/T_Alienboy_eyes_BaseColor.ubulk" 2470
"/Users/emmanuelwestfield/Desktop/New_Level_Layout/Content/Alienboy/material/eyes/Mat_T_Alienboy_eyes.uasset" 2471
"/Users/emmanuelwestfield/Desktop/New_Level_Layout/Content/Alienboy/material/eyes/Mat_T_Alienboy_eyes.uexp" 2472
"/Users/emmanuelwestfield/Desktop/New_Level_Layout/Content/Alienboy/mesh/SK_Alienboy_eyes.uasset" 2473
"/Users/emmanuelwestfield/Desktop/New_Level_Layout/Content/Alienboy/mesh/SK_Alienboy_eyes.uexp" 2474
"/Users/emmanuelwestfield/Desktop/New_Level_Layout/Content/Alienboy/mesh/SK_Alienboy_cross_r_PhysicsAsset.uasset" 2475
"/Users/emmanuelwestfield/Desktop/New_Level_Layout/Content/Alienboy/mesh/SK_Alienboy_cross_r_PhysicsAsset.uexp" 2476
"/Users/emmanuelwestfield/Desktop/New_Level_Layout/Content/Alienboy/texture/cross/1/T_Alienboy_cross1_BaseColor.uasset" 2477
"/Users/emmanuelwestfield/Desktop/New_Level_Layout/Content/Alienboy/texture/cross/1/T_Alienboy_cross1_BaseColor.uexp" 2478
"/Users/emmanuelwestfield/Desktop/New_Level_Layout/Content/Alienboy/texture/cross/1/T_Alienboy_cross1_BaseColor.ubulk" 2479
"/Users/emmanuelwestfield/Desktop/New_Level_Layout/Content/Alienboy/texture/cross/1/T_Alienboy_cross1_OcclusionRoughnessMetallic.uasset" 2480
"/Users/emmanuelwestfield/Desktop/New_Level_Layout/Content/Alienboy/texture/cross/1/T_Alienboy_cross1_OcclusionRoughnessMetallic.uexp" 2481
"/Users/emmanuelwestfield/Desktop/New_Level_Layout/Content/Alienboy/texture/cross/1/T_Alienboy_cross1_OcclusionRoughnessMetallic.ubulk" 2482
"/Users/emmanuelwestfield/Desktop/New_Level_Layout/Content/Alienboy/texture/cross/1/T_Alienboy_cross1_Normal.uasset" 2483
"/Users/emmanuelwestfield/Desktop/New_Level_Layout/Content/Alienboy/texture/cross/1/T_Alienboy_cross1_Normal.uexp" 2484
"/Users/emmanuelwestfield/Desktop/New_Level_Layout/Content/Alienboy/texture/cross/1/T_Alienboy_cross1_Normal.ubulk" 2485
"/Users/emmanuelwestfield/Desktop/New_Level_Layout/Content/Alienboy/material/cross/Mat_T_Alienboy_cross1.uasset" 2486
"/Users/emmanuelwestfield/Desktop/New_Level_Layout/Content/Alienboy/material/cross/Mat_T_Alienboy_cross1.uexp" 2487
"/Users/emmanuelwestfield/Desktop/New_Level_Layout/Content/Alienboy/mesh/SK_Alienboy_cross_r.uasset" 2488
"/Users/emmanuelwestfield/Desktop/New_Level_Layout/Content/Alienboy/mesh/SK_Alienboy_cross_r.uexp" 2489
"/Users/emmanuelwestfield/Desktop/New_Level_Layout/Content/Alienboy/mesh/SK_Alienboy_cross_l_PhysicsAsset.uasset" 2490
"/Users/emmanuelwestfield/Desktop/New_Level_Layout/Content/Alienboy/mesh/SK_Alienboy_cross_l_PhysicsAsset.uexp" 2491
"/Users/emmanuelwestfield/Desktop/New_Level_Layout/Content/Alienboy/mesh/SK_Alienboy_cross_l.uasset" 2492
"/Users/emmanuelwestfield/Desktop/New_Level_Layout/Content/Alienboy/mesh/SK_Alienboy_cross_l.uexp" 2493
"/Users/emmanuelwestfield/Desktop/New_Level_Layout/Content/Alienboy/mesh/SK_Alienboy_cap_PhysicsAsset.uasset" 2494
"/Users/emmanuelwestfield/Desktop/New_Level_Layout/Content/Alienboy/mesh/SK_Alienboy_cap_PhysicsAsset.uexp" 2495
"/Users/emmanuelwestfield/Desktop/New_Level_Layout/Content/Alienboy/texture/cap/1/T_Alienboy_cap1_Normal.uasset" 2496
"/Users/emmanuelwestfield/Desktop/New_Level_Layout/Content/Alienboy/texture/cap/1/T_Alienboy_cap1_Normal.uexp" 2497
"/Users/emmanuelwestfield/Desktop/New_Level_Layout/Content/Alienboy/texture/cap/1/T_Alienboy_cap1_Normal.ubulk" 2498
"/Users/emmanuelwestfield/Desktop/New_Level_Layout/Content/Alienboy/texture/cap/1/T_Alienboy_cap1_OcclusionRoughnessMetallic.uasset" 2499
"/Users/emmanuelwestfield/Desktop/New_Level_Layout/Content/Alienboy/texture/cap/1/T_Alienboy_cap1_OcclusionRoughnessMetallic.uexp" 2500
"/Users/emmanuelwestfield/Desktop/New_Level_Layout/Content/Alienboy/texture/cap/1/T_Alienboy_cap1_OcclusionRoughnessMetallic.ubulk" 2501
"/Users/emmanuelwestfield/Desktop/New_Level_Layout/Content/Alienboy/texture/cap/1/T_Alienboy_cap1_BaseColor.uasset" 2502
"/Users/emmanuelwestfield/Desktop/New_Level_Layout/Content/Alienboy/texture/cap/1/T_Alienboy_cap1_BaseColor.uexp" 2503
"/Users/emmanuelwestfield/Desktop/New_Level_Layout/Content/Alienboy/texture/cap/1/T_Alienboy_cap1_BaseColor.ubulk" 2504
"/Users/emmanuelwestfield/Desktop/New_Level_Layout/Content/Alienboy/material/cap/Mat_T_Alienboy_cap1.uasset" 2505
"/Users/emmanuelwestfield/Desktop/New_Level_Layout/Content/Alienboy/material/cap/Mat_T_Alienboy_cap1.uexp" 2506
"/Users/emmanuelwestfield/Desktop/New_Level_Layout/Content/Alienboy/mesh/SK_Alienboy_cap.uasset" 2507
"/Users/emmanuelwestfield/Desktop/New_Level_Layout/Content/Alienboy/mesh/SK_Alienboy_cap.uexp" 2508
"/Users/emmanuelwestfield/Desktop/New_Level_Layout/Content/Alienboy/mesh/SK_Alienboy_body_PhysicsAsset.uasset" 2509
"/Users/emmanuelwestfield/Desktop/New_Level_Layout/Content/Alienboy/mesh/SK_Alienboy_body_PhysicsAsset.uexp" 2510
"/Users/emmanuelwestfield/Desktop/New_Level_Layout/Content/Alienboy/texture/body/1/T_Alienboy_body1_OcclusionRoughnessMetallic.uasset" 2511
"/Users/emmanuelwestfield/Desktop/New_Level_Layout/Content/Alienboy/texture/body/1/T_Alienboy_body1_OcclusionRoughnessMetallic.uexp" 2512
"/Users/emmanuelwestfield/Desktop/New_Level_Layout/Content/Alienboy/texture/body/1/T_Alienboy_body1_OcclusionRoughnessMetallic.ubulk" 2513
"/Users/emmanuelwestfield/Desktop/New_Level_Layout/Content/Alienboy/texture/body/1/T_Alienboy_body1_Normal.uasset" 2514
"/Users/emmanuelwestfield/Desktop/New_Level_Layout/Content/Alienboy/texture/body/1/T_Alienboy_body1_Normal.uexp" 2515
"/Users/emmanuelwestfield/Desktop/New_Level_Layout/Content/Alienboy/texture/body/1/T_Alienboy_body1_Normal.ubulk" 2516
"/Users/emmanuelwestfield/Desktop/New_Level_Layout/Content/Alienboy/texture/body/1/T_Alienboy_body1_BaseColor.uasset" 2517
"/Users/emmanuelwestfield/Desktop/New_Level_Layout/Content/Alienboy/texture/body/1/T_Alienboy_body1_BaseColor.uexp" 2518
"/Users/emmanuelwestfield/Desktop/New_Level_Layout/Content/Alienboy/texture/body/1/T_Alienboy_body1_BaseColor.ubulk" 2519
"/Users/emmanuelwestfield/Desktop/New_Level_Layout/Content/Alienboy/material/body/Mat_T_Alienboy_body1.uasset" 2520
"/Users/emmanuelwestfield/Desktop/New_Level_Layout/Content/Alienboy/material/body/Mat_T_Alienboy_body1.uexp" 2521
"/Users/emmanuelwestfield/Desktop/New_Level_Layout/Content/Alienboy/mesh/SK_Alienboy_body.uasset" 2522
"/Users/emmanuelwestfield/Desktop/New_Level_Layout/Content/Alienboy/mesh/SK_Alienboy_body.uexp" 2523
"/Users/emmanuelwestfield/Desktop/New_Level_Layout/Content/Alienboy/mesh/Alien_BP.uasset" 2524
"/Users/emmanuelwestfield/Desktop/New_Level_Layout/Content/Alienboy/mesh/Alien_BP.uexp" 2525
"/Users/emmanuelwestfield/Desktop/New_Level_Layout/Content/ThirdPersonBP/Blueprints/ThirdPersonGameMode.uasset" 2526
"/Users/emmanuelwestfield/Desktop/New_Level_Layout/Content/ThirdPersonBP/Blueprints/ThirdPersonGameMode.uexp" 2527
"../../../Engine/Content/EngineSky/C_Sky_Horizon_Color.uasset" 2528
"../../../Engine/Content/EngineSky/C_Sky_Horizon_Color.uexp" 2529
"../../../Engine/Content/EngineSky/C_Sky_Cloud_Color.uasset" 2530
"../../../Engine/Content/EngineSky/C_Sky_Cloud_Color.uexp" 2531
"../../../Engine/Content/EngineSky/C_Sky_Zenith_Color.uasset" 2532
"../../../Engine/Content/EngineSky/C_Sky_Zenith_Color.uexp" 2533
"../../../Engine/Content/EngineSky/SM_SkySphere.uasset" 2534
"../../../Engine/Content/EngineSky/SM_SkySphere.uexp" 2535
"../../../Engine/Content/EngineSky/BP_Sky_Sphere.uasset" 2536
"../../../Engine/Content/EngineSky/BP_Sky_Sphere.uexp" 2537
"/Users/emmanuelwestfield/Desktop/New_Level_Layout/Content/Enemy_AI/blinn2.uasset" 2538
"/Users/emmanuelwestfield/Desktop/New_Level_Layout/Content/Enemy_AI/blinn2.uexp" 2539
"/Users/emmanuelwestfield/Desktop/New_Level_Layout/Content/Enemy_AI/Alien_Spaceship2.uasset" 2540
"/Users/emmanuelwestfield/Desktop/New_Level_Layout/Content/Enemy_AI/Alien_Spaceship2.uexp" 2541
"/Users/emmanuelwestfield/Desktop/New_Level_Layout/Content/Enemy_AI/Blue_Prints/BP_Enemy_Patrol.uasset" 2542
"/Users/emmanuelwestfield/Desktop/New_Level_Layout/Content/Enemy_AI/Blue_Prints/BP_Enemy_Patrol.uexp" 2543
"/Users/emmanuelwestfield/Desktop/New_Level_Layout/Content/Enemy_AI/blinn1.uasset" 2544
"/Users/emmanuelwestfield/Desktop/New_Level_Layout/Content/Enemy_AI/blinn1.uexp" 2545
"/Users/emmanuelwestfield/Desktop/New_Level_Layout/Content/Enemy_AI/Alien_Spaceship1.uasset" 2546
"/Users/emmanuelwestfield/Desktop/New_Level_Layout/Content/Enemy_AI/Alien_Spaceship1.uexp" 2547
"/Users/emmanuelwestfield/Desktop/New_Level_Layout/Content/Enemy_AI/Blue_Prints/Bp_Enemy_Charger.uasset" 2548
"/Users/emmanuelwestfield/Desktop/New_Level_Layout/Content/Enemy_AI/Blue_Prints/Bp_Enemy_Charger.uexp" 2549
"/Users/emmanuelwestfield/Desktop/New_Level_Layout/Content/ThirdPersonExampleMap_Auto9.uexp" 2550
"/Users/emmanuelwestfield/Desktop/New_Level_Layout/Content/ThirdPersonExampleMap_Auto9.umap" 2551
"/Users/emmanuelwestfield/Desktop/New_Level_Layout/Content/Geometry/Meshes/1M_Cube.uasset" 2552
"/Users/emmanuelwestfield/Desktop/New_Level_Layout/Content/Geometry/Meshes/1M_Cube.uexp" 2553
"/Users/emmanuelwestfield/Desktop/New_Level_Layout/Content/FirstPerson/Meshes/CubeMaterialOverride.uasset" 2554
"/Users/emmanuelwestfield/Desktop/New_Level_Layout/Content/FirstPerson/Meshes/CubeMaterialOverride.uexp" 2555
"../../../Engine/Content/Functions/Engine_MaterialFunctions03/Procedurals/ComputeFilterWidth.uasset" 2556
"../../../Engine/Content/Functions/Engine_MaterialFunctions03/Procedurals/ComputeFilterWidth.uexp" 2557
"../../../Engine/Content/EngineMaterials/AntiAliasedTextMaterialTranslucent.uasset" 2558
"../../../Engine/Content/EngineMaterials/AntiAliasedTextMaterialTranslucent.uexp" 2559
"/Users/emmanuelwestfield/Desktop/New_Level_Layout/Content/FirstPerson/Textures/FirstPersonCrosshair.uasset" 2560
"/Users/emmanuelwestfield/Desktop/New_Level_Layout/Content/FirstPerson/Textures/FirstPersonCrosshair.uexp" 2561
"/Users/emmanuelwestfield/Desktop/New_Level_Layout/Content/FirstPersonBP/Blueprints/FirstPersonHUD.uasset" 2562
"/Users/emmanuelwestfield/Desktop/New_Level_Layout/Content/FirstPersonBP/Blueprints/FirstPersonHUD.uexp" 2563
"/Users/emmanuelwestfield/Desktop/New_Level_Layout/Content/FPWeapon/Mesh/SK_FPGun_PhysicsAsset.uasset" 2564
"/Users/emmanuelwestfield/Desktop/New_Level_Layout/Content/FPWeapon/Mesh/SK_FPGun_PhysicsAsset.uexp" 2565
"/Users/emmanuelwestfield/Desktop/New_Level_Layout/Content/FPWeapon/Materials/MaterialLayers/T_ML_Rubber_Blue_01_N.uasset" 2566
"/Users/emmanuelwestfield/Desktop/New_Level_Layout/Content/FPWeapon/Materials/MaterialLayers/T_ML_Rubber_Blue_01_N.uexp" 2567
"/Users/emmanuelwestfield/Desktop/New_Level_Layout/Content/FPWeapon/Materials/MaterialLayers/T_ML_Rubber_Blue_01_N.ubulk" 2568
"/Users/emmanuelwestfield/Desktop/New_Level_Layout/Content/FPWeapon/Materials/MaterialLayers/T_ML_Rubber_Blue_01_D.uasset" 2569
"/Users/emmanuelwestfield/Desktop/New_Level_Layout/Content/FPWeapon/Materials/MaterialLayers/T_ML_Rubber_Blue_01_D.uexp" 2570
"/Users/emmanuelwestfield/Desktop/New_Level_Layout/Content/FPWeapon/Materials/MaterialLayers/T_ML_Rubber_Blue_01_D.ubulk" 2571
"/Users/emmanuelwestfield/Desktop/New_Level_Layout/Content/FPWeapon/Materials/MaterialLayers/T_ML_Aluminum01_N.uasset" 2572
"/Users/emmanuelwestfield/Desktop/New_Level_Layout/Content/FPWeapon/Materials/MaterialLayers/T_ML_Aluminum01_N.uexp" 2573
"/Users/emmanuelwestfield/Desktop/New_Level_Layout/Content/FPWeapon/Materials/MaterialLayers/T_ML_Aluminum01_N.ubulk" 2574
"/Users/emmanuelwestfield/Desktop/New_Level_Layout/Content/FPWeapon/Materials/MaterialLayers/T_ML_Aluminum01.uasset" 2575
"/Users/emmanuelwestfield/Desktop/New_Level_Layout/Content/FPWeapon/Materials/MaterialLayers/T_ML_Aluminum01.uexp" 2576
"/Users/emmanuelwestfield/Desktop/New_Level_Layout/Content/FPWeapon/Materials/MaterialLayers/T_ML_Aluminum01.ubulk" 2577
"/Users/emmanuelwestfield/Desktop/New_Level_Layout/Content/FPWeapon/Materials/MaterialLayers/ML_SoftMetal_UE4.uasset" 2578
"/Users/emmanuelwestfield/Desktop/New_Level_Layout/Content/FPWeapon/Materials/MaterialLayers/ML_SoftMetal_UE4.uexp" 2579
"/Users/emmanuelwestfield/Desktop/New_Level_Layout/Content/FPWeapon/Materials/MaterialLayers/ML_Screen.uasset" 2580
"/Users/emmanuelwestfield/Desktop/New_Level_Layout/Content/FPWeapon/Materials/MaterialLayers/ML_Screen.uexp" 2581
"/Users/emmanuelwestfield/Desktop/New_Level_Layout/Content/FPWeapon/Materials/MaterialLayers/ML_Plastic_Shiny_Beige.uasset" 2582
"/Users/emmanuelwestfield/Desktop/New_Level_Layout/Content/FPWeapon/Materials/MaterialLayers/ML_Plastic_Shiny_Beige.uexp" 2583
"/Users/emmanuelwestfield/Desktop/New_Level_Layout/Content/FPWeapon/Materials/MaterialLayers/ML_GlossyBlack_Latex_UE4.uasset" 2584
"/Users/emmanuelwestfield/Desktop/New_Level_Layout/Content/FPWeapon/Materials/MaterialLayers/ML_GlossyBlack_Latex_UE4.uexp" 2585
"/Users/emmanuelwestfield/Desktop/New_Level_Layout/Content/FPWeapon/Textures/T_FPGun_M.uasset" 2586
"/Users/emmanuelwestfield/Desktop/New_Level_Layout/Content/FPWeapon/Textures/T_FPGun_M.uexp" 2587
"/Users/emmanuelwestfield/Desktop/New_Level_Layout/Content/FPWeapon/Textures/T_FPGun_M.ubulk" 2588
"/Users/emmanuelwestfield/Desktop/New_Level_Layout/Content/FPWeapon/Textures/T_FPGun_N.uasset" 2589
"/Users/emmanuelwestfield/Desktop/New_Level_Layout/Content/FPWeapon/Textures/T_FPGun_N.uexp" 2590
"/Users/emmanuelwestfield/Desktop/New_Level_Layout/Content/FPWeapon/Textures/T_FPGun_N.ubulk" 2591
"/Users/emmanuelwestfield/Desktop/New_Level_Layout/Content/FPWeapon/Materials/M_FPGun.uasset" 2592
"/Users/emmanuelwestfield/Desktop/New_Level_Layout/Content/FPWeapon/Materials/M_FPGun.uexp" 2593
"/Users/emmanuelwestfield/Desktop/New_Level_Layout/Content/FPWeapon/Mesh/SK_FPGun_Skeleton.uasset" 2594
"/Users/emmanuelwestfield/Desktop/New_Level_Layout/Content/FPWeapon/Mesh/SK_FPGun_Skeleton.uexp" 2595
"/Users/emmanuelwestfield/Desktop/New_Level_Layout/Content/FPWeapon/Mesh/SK_FPGun.uasset" 2596
"/Users/emmanuelwestfield/Desktop/New_Level_Layout/Content/FPWeapon/Mesh/SK_FPGun.uexp" 2597
"/Users/emmanuelwestfield/Desktop/New_Level_Layout/Content/FirstPerson/Character/Materials/MaterialLayers/T_ML_Aluminum01.uasset" 2598
"/Users/emmanuelwestfield/Desktop/New_Level_Layout/Content/FirstPerson/Character/Materials/MaterialLayers/T_ML_Aluminum01.uexp" 2599
"/Users/emmanuelwestfield/Desktop/New_Level_Layout/Content/FirstPerson/Character/Materials/MaterialLayers/T_ML_Aluminum01.ubulk" 2600
"/Users/emmanuelwestfield/Desktop/New_Level_Layout/Content/FirstPerson/Character/Materials/MaterialLayers/T_ML_Aluminum01_N.uasset" 2601
"/Users/emmanuelwestfield/Desktop/New_Level_Layout/Content/FirstPerson/Character/Materials/MaterialLayers/T_ML_Aluminum01_N.uexp" 2602
"/Users/emmanuelwestfield/Desktop/New_Level_Layout/Content/FirstPerson/Character/Materials/MaterialLayers/T_ML_Aluminum01_N.ubulk" 2603
"/Users/emmanuelwestfield/Desktop/New_Level_Layout/Content/FirstPerson/Character/Materials/MaterialLayers/ML_SoftMetal_UE4.uasset" 2604
"/Users/emmanuelwestfield/Desktop/New_Level_Layout/Content/FirstPerson/Character/Materials/MaterialLayers/ML_SoftMetal_UE4.uexp" 2605
"/Users/emmanuelwestfield/Desktop/New_Level_Layout/Content/FirstPerson/Character/Textures/UE4_LOGO_CARD.uasset" 2606
"/Users/emmanuelwestfield/Desktop/New_Level_Layout/Content/FirstPerson/Character/Textures/UE4_LOGO_CARD.uexp" 2607
"/Users/emmanuelwestfield/Desktop/New_Level_Layout/Content/FirstPerson/Character/Textures/UE4_LOGO_CARD.ubulk" 2608
"/Users/emmanuelwestfield/Desktop/New_Level_Layout/Content/FirstPerson/Character/Materials/MaterialLayers/ML_Plastic_Shiny_Beige_LOGO.uasset" 2609
"/Users/emmanuelwestfield/Desktop/New_Level_Layout/Content/FirstPerson/Character/Materials/MaterialLayers/ML_Plastic_Shiny_Beige_LOGO.uexp" 2610
"/Users/emmanuelwestfield/Desktop/New_Level_Layout/Content/FirstPerson/Character/Materials/MaterialLayers/ML_Plastic_Shiny_Beige.uasset" 2611
"/Users/emmanuelwestfield/Desktop/New_Level_Layout/Content/FirstPerson/Character/Materials/MaterialLayers/ML_Plastic_Shiny_Beige.uexp" 2612
"/Users/emmanuelwestfield/Desktop/New_Level_Layout/Content/FirstPerson/Character/Materials/MaterialLayers/T_ML_Rubber_Blue_01_D.uasset" 2613
"/Users/emmanuelwestfield/Desktop/New_Level_Layout/Content/FirstPerson/Character/Materials/MaterialLayers/T_ML_Rubber_Blue_01_D.uexp" 2614
"/Users/emmanuelwestfield/Desktop/New_Level_Layout/Content/FirstPerson/Character/Materials/MaterialLayers/T_ML_Rubber_Blue_01_D.ubulk" 2615
"/Users/emmanuelwestfield/Desktop/New_Level_Layout/Content/FirstPerson/Character/Materials/MaterialLayers/T_ML_Rubber_Blue_01_N.uasset" 2616
"/Users/emmanuelwestfield/Desktop/New_Level_Layout/Content/FirstPerson/Character/Materials/MaterialLayers/T_ML_Rubber_Blue_01_N.uexp" 2617
"/Users/emmanuelwestfield/Desktop/New_Level_Layout/Content/FirstPerson/Character/Materials/MaterialLayers/T_ML_Rubber_Blue_01_N.ubulk" 2618
"/Users/emmanuelwestfield/Desktop/New_Level_Layout/Content/FirstPerson/Character/Materials/MaterialLayers/ML_GlossyBlack_Latex_UE4.uasset" 2619
"/Users/emmanuelwestfield/Desktop/New_Level_Layout/Content/FirstPerson/Character/Materials/MaterialLayers/ML_GlossyBlack_Latex_UE4.uexp" 2620
"/Users/emmanuelwestfield/Desktop/New_Level_Layout/Content/FirstPerson/Character/Textures/UE4_Mannequin__normals.uasset" 2621
"/Users/emmanuelwestfield/Desktop/New_Level_Layout/Content/FirstPerson/Character/Textures/UE4_Mannequin__normals.uexp" 2622
"/Users/emmanuelwestfield/Desktop/New_Level_Layout/Content/FirstPerson/Character/Textures/UE4_Mannequin__normals.ubulk" 2623
"/Users/emmanuelwestfield/Desktop/New_Level_Layout/Content/FirstPerson/Character/Textures/UE4_Mannequin_MAT_MASKA.uasset" 2624
"/Users/emmanuelwestfield/Desktop/New_Level_Layout/Content/FirstPerson/Character/Textures/UE4_Mannequin_MAT_MASKA.uexp" 2625
"/Users/emmanuelwestfield/Desktop/New_Level_Layout/Content/FirstPerson/Character/Textures/UE4_Mannequin_MAT_MASKA.ubulk" 2626
"/Users/emmanuelwestfield/Desktop/New_Level_Layout/Content/FirstPerson/Character/Materials/M_UE4Man_Body.uasset" 2627
"/Users/emmanuelwestfield/Desktop/New_Level_Layout/Content/FirstPerson/Character/Materials/M_UE4Man_Body.uexp" 2628
"/Users/emmanuelwestfield/Desktop/New_Level_Layout/Content/FirstPerson/Character/Mesh/SK_Mannequin_Arms_Skeleton.uasset" 2629
"/Users/emmanuelwestfield/Desktop/New_Level_Layout/Content/FirstPerson/Character/Mesh/SK_Mannequin_Arms_Skeleton.uexp" 2630
"/Users/emmanuelwestfield/Desktop/New_Level_Layout/Content/FirstPerson/Character/Mesh/SK_Mannequin_Arms_PhysicsAsset.uasset" 2631
"/Users/emmanuelwestfield/Desktop/New_Level_Layout/Content/FirstPerson/Character/Mesh/SK_Mannequin_Arms_PhysicsAsset.uexp" 2632
"/Users/emmanuelwestfield/Desktop/New_Level_Layout/Content/FirstPerson/Character/Mesh/SK_Mannequin_Arms.uasset" 2633
"/Users/emmanuelwestfield/Desktop/New_Level_Layout/Content/FirstPerson/Character/Mesh/SK_Mannequin_Arms.uexp" 2634
"/Users/emmanuelwestfield/Desktop/New_Level_Layout/Content/FirstPerson/Audio/FirstPersonTemplateWeaponFire02.uasset" 2635
"/Users/emmanuelwestfield/Desktop/New_Level_Layout/Content/FirstPerson/Audio/FirstPersonTemplateWeaponFire02.uexp" 2636
"/Users/emmanuelwestfield/Desktop/New_Level_Layout/Content/FirstPerson/Animations/FirstPerson_Fire.uasset" 2637
"/Users/emmanuelwestfield/Desktop/New_Level_Layout/Content/FirstPerson/Animations/FirstPerson_Fire.uexp" 2638
"/Users/emmanuelwestfield/Desktop/New_Level_Layout/Content/FirstPerson/Animations/FirstPersonFire_Montage.uasset" 2639
"/Users/emmanuelwestfield/Desktop/New_Level_Layout/Content/FirstPerson/Animations/FirstPersonFire_Montage.uexp" 2640
"/Users/emmanuelwestfield/Desktop/New_Level_Layout/Content/FirstPerson/Animations/FirstPerson_Idle.uasset" 2641
"/Users/emmanuelwestfield/Desktop/New_Level_Layout/Content/FirstPerson/Animations/FirstPerson_Idle.uexp" 2642
"/Users/emmanuelwestfield/Desktop/New_Level_Layout/Content/FirstPerson/Animations/FirstPerson_JumpLoop.uasset" 2643
"/Users/emmanuelwestfield/Desktop/New_Level_Layout/Content/FirstPerson/Animations/FirstPerson_JumpLoop.uexp" 2644
"/Users/emmanuelwestfield/Desktop/New_Level_Layout/Content/FirstPerson/Animations/FirstPerson_Run.uasset" 2645
"/Users/emmanuelwestfield/Desktop/New_Level_Layout/Content/FirstPerson/Animations/FirstPerson_Run.uexp" 2646
"/Users/emmanuelwestfield/Desktop/New_Level_Layout/Content/FirstPerson/Animations/FirstPerson_JumpEnd.uasset" 2647
"/Users/emmanuelwestfield/Desktop/New_Level_Layout/Content/FirstPerson/Animations/FirstPerson_JumpEnd.uexp" 2648
"/Users/emmanuelwestfield/Desktop/New_Level_Layout/Content/FirstPerson/Animations/FirstPerson_JumpStart.uasset" 2649
"/Users/emmanuelwestfield/Desktop/New_Level_Layout/Content/FirstPerson/Animations/FirstPerson_JumpStart.uexp" 2650
"/Users/emmanuelwestfield/Desktop/New_Level_Layout/Content/FirstPerson/Animations/FirstPerson_AnimBP.uasset" 2651
"/Users/emmanuelwestfield/Desktop/New_Level_Layout/Content/FirstPerson/Animations/FirstPerson_AnimBP.uexp" 2652
"/Users/emmanuelwestfield/Desktop/New_Level_Layout/Content/FirstPersonBP/Blueprints/FirstPersonCharacter.uasset" 2653
"/Users/emmanuelwestfield/Desktop/New_Level_Layout/Content/FirstPersonBP/Blueprints/FirstPersonCharacter.uexp" 2654
"/Users/emmanuelwestfield/Desktop/New_Level_Layout/Content/FirstPersonBP/Blueprints/FirstPersonGameMode.uasset" 2655
"/Users/emmanuelwestfield/Desktop/New_Level_Layout/Content/FirstPersonBP/Blueprints/FirstPersonGameMode.uexp" 2656
"/Users/emmanuelwestfield/Desktop/New_Level_Layout/Content/FirstPersonBP/Maps/FirstPersonExampleMap_BuiltData.uasset" 2657
"/Users/emmanuelwestfield/Desktop/New_Level_Layout/Content/FirstPersonBP/Maps/FirstPersonExampleMap_BuiltData.uexp" 2658
"/Users/emmanuelwestfield/Desktop/New_Level_Layout/Content/FirstPersonBP/Maps/FirstPersonExampleMap_BuiltData.ubulk" 2659
"/Users/emmanuelwestfield/Desktop/New_Level_Layout/Content/FirstPersonBP/Maps/FirstPersonExampleMap.uexp" 2660
"/Users/emmanuelwestfield/Desktop/New_Level_Layout/Content/FirstPersonBP/Maps/FirstPersonExampleMap.umap" 2661
"/Users/emmanuelwestfield/Desktop/New_Level_Layout/Content/Main_Menu/Main_Menu_Images/Button_Start.uasset" 2662
"/Users/emmanuelwestfield/Desktop/New_Level_Layout/Content/Main_Menu/Main_Menu_Images/Button_Start.uexp" 2663
"/Users/emmanuelwestfield/Desktop/New_Level_Layout/Content/Main_Menu/Main_Menu_Images/Button_Options.uasset" 2664
"/Users/emmanuelwestfield/Desktop/New_Level_Layout/Content/Main_Menu/Main_Menu_Images/Button_Options.uexp" 2665
"/Users/emmanuelwestfield/Desktop/New_Level_Layout/Content/Main_Menu/Main_Menu_Images/Button_640x480.uasset" 2666
"/Users/emmanuelwestfield/Desktop/New_Level_Layout/Content/Main_Menu/Main_Menu_Images/Button_640x480.uexp" 2667
"/Users/emmanuelwestfield/Desktop/New_Level_Layout/Content/Main_Menu/Main_Menu_Images/Button_1920x1080.uasset" 2668
"/Users/emmanuelwestfield/Desktop/New_Level_Layout/Content/Main_Menu/Main_Menu_Images/Button_1920x1080.uexp" 2669
"/Users/emmanuelwestfield/Desktop/New_Level_Layout/Content/Main_Menu/Main_Menu_Images/Button_1280x720.uasset" 2670
"/Users/emmanuelwestfield/Desktop/New_Level_Layout/Content/Main_Menu/Main_Menu_Images/Button_1280x720.uexp" 2671
"/Users/emmanuelwestfield/Desktop/New_Level_Layout/Content/Main_Menu/MainMenuWidget.uasset" 2672
"/Users/emmanuelwestfield/Desktop/New_Level_Layout/Content/Main_Menu/MainMenuWidget.uexp" 2673
"/Users/emmanuelwestfield/Desktop/New_Level_Layout/Content/Main_Menu/MainMenuHUD.uasset" 2674
"/Users/emmanuelwestfield/Desktop/New_Level_Layout/Content/Main_Menu/MainMenuHUD.uexp" 2675
"/Users/emmanuelwestfield/Desktop/New_Level_Layout/Content/ThirdPersonBP/Blueprints/ThirdPersonMenuMode.uasset" 2676
"/Users/emmanuelwestfield/Desktop/New_Level_Layout/Content/ThirdPersonBP/Blueprints/ThirdPersonMenuMode.uexp" 2677
"/Users/emmanuelwestfield/Desktop/New_Level_Layout/Content/Main_Menu/MainMenuMap.uexp" 2678
"/Users/emmanuelwestfield/Desktop/New_Level_Layout/Content/Main_Menu/MainMenuMap.umap" 2679
"/Users/emmanuelwestfield/Desktop/New_Level_Layout/Content/Alienboy/Demo/StarterContent/HDRI/HDRI_Epic_Courtyard_Daylight.uasset" 2680
"/Users/emmanuelwestfield/Desktop/New_Level_Layout/Content/Alienboy/Demo/StarterContent/HDRI/HDRI_Epic_Courtyard_Daylight.uexp" 2681
"/Users/emmanuelwestfield/Desktop/New_Level_Layout/Content/Alienboy/Demo/StarterContent/Materials/M_AssetPlatform.uasset" 2682
"/Users/emmanuelwestfield/Desktop/New_Level_Layout/Content/Alienboy/Demo/StarterContent/Materials/M_AssetPlatform.uexp" 2683
"/Users/emmanuelwestfield/Desktop/New_Level_Layout/Content/Alienboy/Demo/StarterContent/Architecture/SM_AssetPlatform.uasset" 2684
"/Users/emmanuelwestfield/Desktop/New_Level_Layout/Content/Alienboy/Demo/StarterContent/Architecture/SM_AssetPlatform.uexp" 2685
"../../../Engine/Content/MapTemplates/Sky/DaylightAmbientCubemap.uasset" 2686
"../../../Engine/Content/MapTemplates/Sky/DaylightAmbientCubemap.uexp" 2687
"../../../Engine/Content/EditorMeshes/ColorCalibrator/Color_checker.uasset" 2688
"../../../Engine/Content/EditorMeshes/ColorCalibrator/Color_checker.uexp" 2689
"../../../Engine/Content/EditorMeshes/ColorCalibrator/Color_checker.ubulk" 2690
"../../../Engine/Content/EditorMeshes/ColorCalibrator/M_ColorGrid.uasset" 2691
"../../../Engine/Content/EditorMeshes/ColorCalibrator/M_ColorGrid.uexp" 2692
"../../../Engine/Content/EditorMeshes/ColorCalibrator/M_ClearCoat.uasset" 2693
"../../../Engine/Content/EditorMeshes/ColorCalibrator/M_ClearCoat.uexp" 2694
"../../../Engine/Content/EditorMeshes/ColorCalibrator/M_ChromeBall.uasset" 2695
"../../../Engine/Content/EditorMeshes/ColorCalibrator/M_ChromeBall.uexp" 2696
"../../../Engine/Content/EditorMeshes/ColorCalibrator/M_GreyBall.uasset" 2697
"../../../Engine/Content/EditorMeshes/ColorCalibrator/M_GreyBall.uexp" 2698
"../../../Engine/Content/EditorMeshes/ColorCalibrator/M_ClearCoatBlack.uasset" 2699
"../../../Engine/Content/EditorMeshes/ColorCalibrator/M_ClearCoatBlack.uexp" 2700
"../../../Engine/Content/EditorMeshes/ColorCalibrator/SM_ColorCalibrator.uasset" 2701
"../../../Engine/Content/EditorMeshes/ColorCalibrator/SM_ColorCalibrator.uexp" 2702
"/Users/emmanuelwestfield/Desktop/New_Level_Layout/Content/Alienboy/Demo/StarterContent/Blueprints/Assets/M_LightStage_Skybox_Master.uasset" 2703
"/Users/emmanuelwestfield/Desktop/New_Level_Layout/Content/Alienboy/Demo/StarterContent/Blueprints/Assets/M_LightStage_Skybox_Master.uexp" 2704
"/Users/emmanuelwestfield/Desktop/New_Level_Layout/Content/Alienboy/Demo/StarterContent/Blueprints/Assets/M_LightStage_Skybox_HDRI.uasset" 2705
"/Users/emmanuelwestfield/Desktop/New_Level_Layout/Content/Alienboy/Demo/StarterContent/Blueprints/Assets/M_LightStage_Skybox_HDRI.uexp" 2706
"/Users/emmanuelwestfield/Desktop/New_Level_Layout/Content/Alienboy/Demo/StarterContent/Blueprints/Assets/M_LightStage_Arrows.uasset" 2707
"/Users/emmanuelwestfield/Desktop/New_Level_Layout/Content/Alienboy/Demo/StarterContent/Blueprints/Assets/M_LightStage_Arrows.uexp" 2708
"/Users/emmanuelwestfield/Desktop/New_Level_Layout/Content/Alienboy/Demo/StarterContent/Maps/Advanced_Lighting_BuiltData.uasset" 2709
"/Users/emmanuelwestfield/Desktop/New_Level_Layout/Content/Alienboy/Demo/StarterContent/Maps/Advanced_Lighting_BuiltData.uexp" 2710
"/Users/emmanuelwestfield/Desktop/New_Level_Layout/Content/Alienboy/Demo/StarterContent/Maps/Advanced_Lighting_BuiltData.ubulk" 2711
"/Users/emmanuelwestfield/Desktop/New_Level_Layout/Content/Alienboy/Demo/StarterContent/Blueprints/Assets/SM_Arrows.uasset" 2712
"/Users/emmanuelwestfield/Desktop/New_Level_Layout/Content/Alienboy/Demo/StarterContent/Blueprints/Assets/SM_Arrows.uexp" 2713
"../../../Engine/Content/EditorMaterials/Thumbnails/SkySphereMaterial.uasset" 2714
"../../../Engine/Content/EditorMaterials/Thumbnails/SkySphereMaterial.uexp" 2715
"/Users/emmanuelwestfield/Desktop/New_Level_Layout/Content/Alienboy/Demo/StarterContent/Blueprints/Assets/Skybox.uasset" 2716
"/Users/emmanuelwestfield/Desktop/New_Level_Layout/Content/Alienboy/Demo/StarterContent/Blueprints/Assets/Skybox.uexp" 2717
"/Users/emmanuelwestfield/Desktop/New_Level_Layout/Content/Alienboy/Demo/StarterContent/Blueprints/Assets/M_LightStage_Skybox_Black.uasset" 2718
"/Users/emmanuelwestfield/Desktop/New_Level_Layout/Content/Alienboy/Demo/StarterContent/Blueprints/Assets/M_LightStage_Skybox_Black.uexp" 2719
"/Users/emmanuelwestfield/Desktop/New_Level_Layout/Content/Alienboy/Demo/StarterContent/Blueprints/Assets/SunlightColorLUT.uasset" 2720
"/Users/emmanuelwestfield/Desktop/New_Level_Layout/Content/Alienboy/Demo/StarterContent/Blueprints/Assets/SunlightColorLUT.uexp" 2721
"/Users/emmanuelwestfield/Desktop/New_Level_Layout/Content/Alienboy/Demo/StarterContent/Blueprints/Assets/FogBrightnessLUT.uasset" 2722
"/Users/emmanuelwestfield/Desktop/New_Level_Layout/Content/Alienboy/Demo/StarterContent/Blueprints/Assets/FogBrightnessLUT.uexp" 2723
"/Users/emmanuelwestfield/Desktop/New_Level_Layout/Content/Alienboy/Demo/StarterContent/Blueprints/BP_LightStudio.uasset" 2724
"/Users/emmanuelwestfield/Desktop/New_Level_Layout/Content/Alienboy/Demo/StarterContent/Blueprints/BP_LightStudio.uexp" 2725
"/Users/emmanuelwestfield/Desktop/New_Level_Layout/Content/Alienboy/Demo/StarterContent/Maps/Advanced_Lighting.uexp" 2726
"/Users/emmanuelwestfield/Desktop/New_Level_Layout/Content/Alienboy/Demo/StarterContent/Maps/Advanced_Lighting.umap" 2727
"/Users/emmanuelwestfield/Desktop/New_Level_Layout/Content/Alienboy/Demo/StarterContent/Shapes/Shape_Sphere.uasset" 2728
"/Users/emmanuelwestfield/Desktop/New_Level_Layout/Content/Alienboy/Demo/StarterContent/Shapes/Shape_Sphere.uexp" 2729
"/Users/emmanuelwestfield/Desktop/New_Level_Layout/Content/Alienboy/Demo/StarterContent/Shapes/Shape_QuadPyramid.uasset" 2730
"/Users/emmanuelwestfield/Desktop/New_Level_Layout/Content/Alienboy/Demo/StarterContent/Shapes/Shape_QuadPyramid.uexp" 2731
"/Users/emmanuelwestfield/Desktop/New_Level_Layout/Content/Alienboy/Demo/StarterContent/Shapes/Shape_Cube.uasset" 2732
"/Users/emmanuelwestfield/Desktop/New_Level_Layout/Content/Alienboy/Demo/StarterContent/Shapes/Shape_Cube.uexp" 2733
"/Users/emmanuelwestfield/Desktop/New_Level_Layout/Content/Alienboy/Demo/StarterContent/Textures/T_Frame_N.uasset" 2734
"/Users/emmanuelwestfield/Desktop/New_Level_Layout/Content/Alienboy/Demo/StarterContent/Textures/T_Frame_N.uexp" 2735
"/Users/emmanuelwestfield/Desktop/New_Level_Layout/Content/Alienboy/Demo/StarterContent/Textures/T_Frame_N.ubulk" 2736
"/Users/emmanuelwestfield/Desktop/New_Level_Layout/Content/Alienboy/Demo/StarterContent/Textures/T_Frame_M.uasset" 2737
"/Users/emmanuelwestfield/Desktop/New_Level_Layout/Content/Alienboy/Demo/StarterContent/Textures/T_Frame_M.uexp" 2738
"/Users/emmanuelwestfield/Desktop/New_Level_Layout/Content/Alienboy/Demo/StarterContent/Textures/T_Frame_M.ubulk" 2739
"/Users/emmanuelwestfield/Desktop/New_Level_Layout/Content/Alienboy/Demo/StarterContent/Props/Materials/M_Frame.uasset" 2740
"/Users/emmanuelwestfield/Desktop/New_Level_Layout/Content/Alienboy/Demo/StarterContent/Props/Materials/M_Frame.uexp" 2741
"/Users/emmanuelwestfield/Desktop/New_Level_Layout/Content/Alienboy/Demo/StarterContent/Props/SM_WindowFrame.uasset" 2742
"/Users/emmanuelwestfield/Desktop/New_Level_Layout/Content/Alienboy/Demo/StarterContent/Props/SM_WindowFrame.uexp" 2743
"/Users/emmanuelwestfield/Desktop/New_Level_Layout/Content/Alienboy/Demo/StarterContent/Textures/T_TableRound_N.uasset" 2744
"/Users/emmanuelwestfield/Desktop/New_Level_Layout/Content/Alienboy/Demo/StarterContent/Textures/T_TableRound_N.uexp" 2745
"/Users/emmanuelwestfield/Desktop/New_Level_Layout/Content/Alienboy/Demo/StarterContent/Textures/T_TableRound_N.ubulk" 2746
"/Users/emmanuelwestfield/Desktop/New_Level_Layout/Content/Alienboy/Demo/StarterContent/Textures/T_TableRound_M.uasset" 2747
"/Users/emmanuelwestfield/Desktop/New_Level_Layout/Content/Alienboy/Demo/StarterContent/Textures/T_TableRound_M.uexp" 2748
"/Users/emmanuelwestfield/Desktop/New_Level_Layout/Content/Alienboy/Demo/StarterContent/Textures/T_TableRound_M.ubulk" 2749
"/Users/emmanuelwestfield/Desktop/New_Level_Layout/Content/Alienboy/Demo/StarterContent/Props/Materials/M_TableRound.uasset" 2750
"/Users/emmanuelwestfield/Desktop/New_Level_Layout/Content/Alienboy/Demo/StarterContent/Props/Materials/M_TableRound.uexp" 2751
"/Users/emmanuelwestfield/Desktop/New_Level_Layout/Content/Alienboy/Demo/StarterContent/Props/SM_TableRound.uasset" 2752
"/Users/emmanuelwestfield/Desktop/New_Level_Layout/Content/Alienboy/Demo/StarterContent/Props/SM_TableRound.uexp" 2753
"/Users/emmanuelwestfield/Desktop/New_Level_Layout/Content/Alienboy/Demo/StarterContent/Textures/T_Statue_M.uasset" 2754
"/Users/emmanuelwestfield/Desktop/New_Level_Layout/Content/Alienboy/Demo/StarterContent/Textures/T_Statue_M.uexp" 2755
"/Users/emmanuelwestfield/Desktop/New_Level_Layout/Content/Alienboy/Demo/StarterContent/Textures/T_Statue_M.ubulk" 2756
"/Users/emmanuelwestfield/Desktop/New_Level_Layout/Content/Alienboy/Demo/StarterContent/Textures/T_Statue_N.uasset" 2757
"/Users/emmanuelwestfield/Desktop/New_Level_Layout/Content/Alienboy/Demo/StarterContent/Textures/T_Statue_N.uexp" 2758
"/Users/emmanuelwestfield/Desktop/New_Level_Layout/Content/Alienboy/Demo/StarterContent/Textures/T_Statue_N.ubulk" 2759
"/Users/emmanuelwestfield/Desktop/New_Level_Layout/Content/Alienboy/Demo/StarterContent/Props/Materials/M_StatueGlass.uasset" 2760
"/Users/emmanuelwestfield/Desktop/New_Level_Layout/Content/Alienboy/Demo/StarterContent/Props/Materials/M_StatueGlass.uexp" 2761
"/Users/emmanuelwestfield/Desktop/New_Level_Layout/Content/Alienboy/Demo/StarterContent/Props/Materials/M_Statue.uasset" 2762
"/Users/emmanuelwestfield/Desktop/New_Level_Layout/Content/Alienboy/Demo/StarterContent/Props/Materials/M_Statue.uexp" 2763
"/Users/emmanuelwestfield/Desktop/New_Level_Layout/Content/Alienboy/Demo/StarterContent/Props/SM_Statue.uasset" 2764
"/Users/emmanuelwestfield/Desktop/New_Level_Layout/Content/Alienboy/Demo/StarterContent/Props/SM_Statue.uexp" 2765
"/Users/emmanuelwestfield/Desktop/New_Level_Layout/Content/Alienboy/Demo/StarterContent/Props/SM_PillarFrame300.uasset" 2766
"/Users/emmanuelwestfield/Desktop/New_Level_Layout/Content/Alienboy/Demo/StarterContent/Props/SM_PillarFrame300.uexp" 2767
"/Users/emmanuelwestfield/Desktop/New_Level_Layout/Content/Alienboy/Demo/StarterContent/Props/SM_PillarFrame.uasset" 2768
"/Users/emmanuelwestfield/Desktop/New_Level_Layout/Content/Alienboy/Demo/StarterContent/Props/SM_PillarFrame.uexp" 2769
"/Users/emmanuelwestfield/Desktop/New_Level_Layout/Content/Alienboy/Demo/StarterContent/Props/SM_GlassWindow.uasset" 2770
"/Users/emmanuelwestfield/Desktop/New_Level_Layout/Content/Alienboy/Demo/StarterContent/Props/SM_GlassWindow.uexp" 2771
"/Users/emmanuelwestfield/Desktop/New_Level_Layout/Content/Alienboy/Demo/StarterContent/Props/SM_DoorFrame.uasset" 2772
"/Users/emmanuelwestfield/Desktop/New_Level_Layout/Content/Alienboy/Demo/StarterContent/Props/SM_DoorFrame.uexp" 2773
"/Users/emmanuelwestfield/Desktop/New_Level_Layout/Content/Alienboy/Demo/StarterContent/Props/SM_CornerFrame.uasset" 2774
"/Users/emmanuelwestfield/Desktop/New_Level_Layout/Content/Alienboy/Demo/StarterContent/Props/SM_CornerFrame.uexp" 2775
"/Users/emmanuelwestfield/Desktop/New_Level_Layout/Content/Alienboy/Demo/StarterContent/Props/SM_Chair.uasset" 2776
"/Users/emmanuelwestfield/Desktop/New_Level_Layout/Content/Alienboy/Demo/StarterContent/Props/SM_Chair.uexp" 2777
"/Users/emmanuelwestfield/Desktop/New_Level_Layout/Content/Alienboy/Demo/StarterContent/Props/MaterialSphere.uasset" 2778
"/Users/emmanuelwestfield/Desktop/New_Level_Layout/Content/Alienboy/Demo/StarterContent/Props/MaterialSphere.uexp" 2779
"/Users/emmanuelwestfield/Desktop/New_Level_Layout/Content/Alienboy/Demo/StarterContent/Textures/T_Dust_Particle_D.uasset" 2780
"/Users/emmanuelwestfield/Desktop/New_Level_Layout/Content/Alienboy/Demo/StarterContent/Textures/T_Dust_Particle_D.uexp" 2781
"/Users/emmanuelwestfield/Desktop/New_Level_Layout/Content/Alienboy/Demo/StarterContent/Textures/T_Dust_Particle_D.ubulk" 2782
"/Users/emmanuelwestfield/Desktop/New_Level_Layout/Content/Alienboy/Demo/StarterContent/Particles/Materials/M_Dust_Particle.uasset" 2783
"/Users/emmanuelwestfield/Desktop/New_Level_Layout/Content/Alienboy/Demo/StarterContent/Particles/Materials/M_Dust_Particle.uexp" 2784
"/Users/emmanuelwestfield/Desktop/New_Level_Layout/Content/Alienboy/Demo/StarterContent/Particles/P_Ambient_Dust.uasset" 2785
"/Users/emmanuelwestfield/Desktop/New_Level_Layout/Content/Alienboy/Demo/StarterContent/Particles/P_Ambient_Dust.uexp" 2786
"/Users/emmanuelwestfield/Desktop/New_Level_Layout/Content/Alienboy/Demo/StarterContent/Audio/Starter_Music01.uasset" 2787
"/Users/emmanuelwestfield/Desktop/New_Level_Layout/Content/Alienboy/Demo/StarterContent/Audio/Starter_Music01.uexp" 2788
"/Users/emmanuelwestfield/Desktop/New_Level_Layout/Content/Alienboy/Demo/StarterContent/Audio/Starter_Music_Cue.uasset" 2789
"/Users/emmanuelwestfield/Desktop/New_Level_Layout/Content/Alienboy/Demo/StarterContent/Audio/Starter_Music_Cue.uexp" 2790
"/Users/emmanuelwestfield/Desktop/New_Level_Layout/Content/Alienboy/Demo/StarterContent/Audio/Starter_Wind05.uasset" 2791
"/Users/emmanuelwestfield/Desktop/New_Level_Layout/Content/Alienboy/Demo/StarterContent/Audio/Starter_Wind05.uexp" 2792
"/Users/emmanuelwestfield/Desktop/New_Level_Layout/Content/Alienboy/Demo/StarterContent/Audio/Starter_Birds01.uasset" 2793
"/Users/emmanuelwestfield/Desktop/New_Level_Layout/Content/Alienboy/Demo/StarterContent/Audio/Starter_Birds01.uexp" 2794
"/Users/emmanuelwestfield/Desktop/New_Level_Layout/Content/Alienboy/Demo/StarterContent/Audio/Starter_Wind06.uasset" 2795
"/Users/emmanuelwestfield/Desktop/New_Level_Layout/Content/Alienboy/Demo/StarterContent/Audio/Starter_Wind06.uexp" 2796
"/Users/emmanuelwestfield/Desktop/New_Level_Layout/Content/Alienboy/Demo/StarterContent/Audio/Starter_Background_Cue.uasset" 2797
"/Users/emmanuelwestfield/Desktop/New_Level_Layout/Content/Alienboy/Demo/StarterContent/Audio/Starter_Background_Cue.uexp" 2798
"/Users/emmanuelwestfield/Desktop/New_Level_Layout/Content/Alienboy/Demo/StarterContent/Audio/Collapse02.uasset" 2799
"/Users/emmanuelwestfield/Desktop/New_Level_Layout/Content/Alienboy/Demo/StarterContent/Audio/Collapse02.uexp" 2800
"/Users/emmanuelwestfield/Desktop/New_Level_Layout/Content/Alienboy/Demo/StarterContent/Audio/Collapse01.uasset" 2801
"/Users/emmanuelwestfield/Desktop/New_Level_Layout/Content/Alienboy/Demo/StarterContent/Audio/Collapse01.uexp" 2802
"/Users/emmanuelwestfield/Desktop/New_Level_Layout/Content/Alienboy/Demo/StarterContent/Audio/Collapse_Cue.uasset" 2803
"/Users/emmanuelwestfield/Desktop/New_Level_Layout/Content/Alienboy/Demo/StarterContent/Audio/Collapse_Cue.uexp" 2804
"/Users/emmanuelwestfield/Desktop/New_Level_Layout/Content/Alienboy/Demo/StarterContent/Architecture/Wall_Window_400x300.uasset" 2805
"/Users/emmanuelwestfield/Desktop/New_Level_Layout/Content/Alienboy/Demo/StarterContent/Architecture/Wall_Window_400x300.uexp" 2806
"/Users/emmanuelwestfield/Desktop/New_Level_Layout/Content/Alienboy/Demo/StarterContent/Architecture/Wall_Door_400x300.uasset" 2807
"/Users/emmanuelwestfield/Desktop/New_Level_Layout/Content/Alienboy/Demo/StarterContent/Architecture/Wall_Door_400x300.uexp" 2808
"/Users/emmanuelwestfield/Desktop/New_Level_Layout/Content/Alienboy/Demo/StarterContent/Architecture/Wall_400x200.uasset" 2809
"/Users/emmanuelwestfield/Desktop/New_Level_Layout/Content/Alienboy/Demo/StarterContent/Architecture/Wall_400x200.uexp" 2810
"/Users/emmanuelwestfield/Desktop/New_Level_Layout/Content/Alienboy/Demo/StarterContent/Architecture/Floor_400x400.uasset" 2811
"/Users/emmanuelwestfield/Desktop/New_Level_Layout/Content/Alienboy/Demo/StarterContent/Architecture/Floor_400x400.uexp" 2812
"/Users/emmanuelwestfield/Desktop/New_Level_Layout/Content/Alienboy/Demo/StarterContent/Textures/T_Wood_Walnut_N.uasset" 2813
"/Users/emmanuelwestfield/Desktop/New_Level_Layout/Content/Alienboy/Demo/StarterContent/Textures/T_Wood_Walnut_N.uexp" 2814
"/Users/emmanuelwestfield/Desktop/New_Level_Layout/Content/Alienboy/Demo/StarterContent/Textures/T_Wood_Walnut_N.ubulk" 2815
"/Users/emmanuelwestfield/Desktop/New_Level_Layout/Content/Alienboy/Demo/StarterContent/Textures/T_MacroVariation.uasset" 2816
"/Users/emmanuelwestfield/Desktop/New_Level_Layout/Content/Alienboy/Demo/StarterContent/Textures/T_MacroVariation.uexp" 2817
"/Users/emmanuelwestfield/Desktop/New_Level_Layout/Content/Alienboy/Demo/StarterContent/Textures/T_Wood_Walnut_D.uasset" 2818
"/Users/emmanuelwestfield/Desktop/New_Level_Layout/Content/Alienboy/Demo/StarterContent/Textures/T_Wood_Walnut_D.uexp" 2819
"/Users/emmanuelwestfield/Desktop/New_Level_Layout/Content/Alienboy/Demo/StarterContent/Textures/T_Wood_Walnut_D.ubulk" 2820
"/Users/emmanuelwestfield/Desktop/New_Level_Layout/Content/Alienboy/Demo/StarterContent/Materials/M_Wood_Walnut.uasset" 2821
"/Users/emmanuelwestfield/Desktop/New_Level_Layout/Content/Alienboy/Demo/StarterContent/Materials/M_Wood_Walnut.uexp" 2822
"/Users/emmanuelwestfield/Desktop/New_Level_Layout/Content/Alienboy/Demo/StarterContent/Textures/T_Wood_Pine_N.uasset" 2823
"/Users/emmanuelwestfield/Desktop/New_Level_Layout/Content/Alienboy/Demo/StarterContent/Textures/T_Wood_Pine_N.uexp" 2824
"/Users/emmanuelwestfield/Desktop/New_Level_Layout/Content/Alienboy/Demo/StarterContent/Textures/T_Wood_Pine_N.ubulk" 2825
"/Users/emmanuelwestfield/Desktop/New_Level_Layout/Content/Alienboy/Demo/StarterContent/Textures/T_Wood_Pine_D.uasset" 2826
"/Users/emmanuelwestfield/Desktop/New_Level_Layout/Content/Alienboy/Demo/StarterContent/Textures/T_Wood_Pine_D.uexp" 2827
"/Users/emmanuelwestfield/Desktop/New_Level_Layout/Content/Alienboy/Demo/StarterContent/Textures/T_Wood_Pine_D.ubulk" 2828
"/Users/emmanuelwestfield/Desktop/New_Level_Layout/Content/Alienboy/Demo/StarterContent/Textures/T_Perlin_Noise_M.uasset" 2829
"/Users/emmanuelwestfield/Desktop/New_Level_Layout/Content/Alienboy/Demo/StarterContent/Textures/T_Perlin_Noise_M.uexp" 2830
"/Users/emmanuelwestfield/Desktop/New_Level_Layout/Content/Alienboy/Demo/StarterContent/Textures/T_Perlin_Noise_M.ubulk" 2831
"/Users/emmanuelwestfield/Desktop/New_Level_Layout/Content/Alienboy/Demo/StarterContent/Materials/M_Wood_Pine.uasset" 2832
"/Users/emmanuelwestfield/Desktop/New_Level_Layout/Content/Alienboy/Demo/StarterContent/Materials/M_Wood_Pine.uexp" 2833
"/Users/emmanuelwestfield/Desktop/New_Level_Layout/Content/Alienboy/Demo/StarterContent/Textures/T_Wood_Oak_N.uasset" 2834
"/Users/emmanuelwestfield/Desktop/New_Level_Layout/Content/Alienboy/Demo/StarterContent/Textures/T_Wood_Oak_N.uexp" 2835
"/Users/emmanuelwestfield/Desktop/New_Level_Layout/Content/Alienboy/Demo/StarterContent/Textures/T_Wood_Oak_N.ubulk" 2836
"/Users/emmanuelwestfield/Desktop/New_Level_Layout/Content/Alienboy/Demo/StarterContent/Textures/T_Wood_Oak_D.uasset" 2837
"/Users/emmanuelwestfield/Desktop/New_Level_Layout/Content/Alienboy/Demo/StarterContent/Textures/T_Wood_Oak_D.uexp" 2838
"/Users/emmanuelwestfield/Desktop/New_Level_Layout/Content/Alienboy/Demo/StarterContent/Textures/T_Wood_Oak_D.ubulk" 2839
"/Users/emmanuelwestfield/Desktop/New_Level_Layout/Content/Alienboy/Demo/StarterContent/Materials/M_Wood_Oak.uasset" 2840
"/Users/emmanuelwestfield/Desktop/New_Level_Layout/Content/Alienboy/Demo/StarterContent/Materials/M_Wood_Oak.uexp" 2841
"/Users/emmanuelwestfield/Desktop/New_Level_Layout/Content/Alienboy/Demo/StarterContent/Textures/T_Wood_Floor_Walnut_N.uasset" 2842
"/Users/emmanuelwestfield/Desktop/New_Level_Layout/Content/Alienboy/Demo/StarterContent/Textures/T_Wood_Floor_Walnut_N.uexp" 2843
"/Users/emmanuelwestfield/Desktop/New_Level_Layout/Content/Alienboy/Demo/StarterContent/Textures/T_Wood_Floor_Walnut_N.ubulk" 2844
"/Users/emmanuelwestfield/Desktop/New_Level_Layout/Content/Alienboy/Demo/StarterContent/Textures/T_Wood_Floor_Walnut_M.uasset" 2845
"/Users/emmanuelwestfield/Desktop/New_Level_Layout/Content/Alienboy/Demo/StarterContent/Textures/T_Wood_Floor_Walnut_M.uexp" 2846
"/Users/emmanuelwestfield/Desktop/New_Level_Layout/Content/Alienboy/Demo/StarterContent/Textures/T_Wood_Floor_Walnut_M.ubulk" 2847
"/Users/emmanuelwestfield/Desktop/New_Level_Layout/Content/Alienboy/Demo/StarterContent/Textures/T_Wood_Floor_Walnut_D.uasset" 2848
"/Users/emmanuelwestfield/Desktop/New_Level_Layout/Content/Alienboy/Demo/StarterContent/Textures/T_Wood_Floor_Walnut_D.uexp" 2849
"/Users/emmanuelwestfield/Desktop/New_Level_Layout/Content/Alienboy/Demo/StarterContent/Textures/T_Wood_Floor_Walnut_D.ubulk" 2850
"/Users/emmanuelwestfield/Desktop/New_Level_Layout/Content/Alienboy/Demo/StarterContent/Materials/M_Wood_Floor_Walnut_Worn.uasset" 2851
"/Users/emmanuelwestfield/Desktop/New_Level_Layout/Content/Alienboy/Demo/StarterContent/Materials/M_Wood_Floor_Walnut_Worn.uexp" 2852
"/Users/emmanuelwestfield/Desktop/New_Level_Layout/Content/Alienboy/Demo/StarterContent/Materials/M_Wood_Floor_Walnut_Polished.uasset" 2853
"/Users/emmanuelwestfield/Desktop/New_Level_Layout/Content/Alienboy/Demo/StarterContent/Materials/M_Wood_Floor_Walnut_Polished.uexp" 2854
"/Users/emmanuelwestfield/Desktop/New_Level_Layout/Content/Alienboy/Demo/StarterContent/Textures/T_Water_N.uasset" 2855
"/Users/emmanuelwestfield/Desktop/New_Level_Layout/Content/Alienboy/Demo/StarterContent/Textures/T_Water_N.uexp" 2856
"/Users/emmanuelwestfield/Desktop/New_Level_Layout/Content/Alienboy/Demo/StarterContent/Textures/T_Water_N.ubulk" 2857
"/Users/emmanuelwestfield/Desktop/New_Level_Layout/Content/Alienboy/Demo/StarterContent/Textures/T_Water_M.uasset" 2858
"/Users/emmanuelwestfield/Desktop/New_Level_Layout/Content/Alienboy/Demo/StarterContent/Textures/T_Water_M.uexp" 2859
"/Users/emmanuelwestfield/Desktop/New_Level_Layout/Content/Alienboy/Demo/StarterContent/Textures/T_Water_M.ubulk" 2860
"/Users/emmanuelwestfield/Desktop/New_Level_Layout/Content/Alienboy/Demo/StarterContent/Materials/M_Water_Ocean.uasset" 2861
"/Users/emmanuelwestfield/Desktop/New_Level_Layout/Content/Alienboy/Demo/StarterContent/Materials/M_Water_Ocean.uexp" 2862
"/Users/emmanuelwestfield/Desktop/New_Level_Layout/Content/Alienboy/Demo/StarterContent/Materials/M_Water_Lake.uasset" 2863
"/Users/emmanuelwestfield/Desktop/New_Level_Layout/Content/Alienboy/Demo/StarterContent/Materials/M_Water_Lake.uexp" 2864
"/Users/emmanuelwestfield/Desktop/New_Level_Layout/Content/Alienboy/Demo/StarterContent/Textures/T_Tech_Panel_N.uasset" 2865
"/Users/emmanuelwestfield/Desktop/New_Level_Layout/Content/Alienboy/Demo/StarterContent/Textures/T_Tech_Panel_N.uexp" 2866
"/Users/emmanuelwestfield/Desktop/New_Level_Layout/Content/Alienboy/Demo/StarterContent/Textures/T_Tech_Panel_N.ubulk" 2867
"/Users/emmanuelwestfield/Desktop/New_Level_Layout/Content/Alienboy/Demo/StarterContent/Textures/T_Tech_Panel_M.uasset" 2868
"/Users/emmanuelwestfield/Desktop/New_Level_Layout/Content/Alienboy/Demo/StarterContent/Textures/T_Tech_Panel_M.uexp" 2869
"/Users/emmanuelwestfield/Desktop/New_Level_Layout/Content/Alienboy/Demo/StarterContent/Textures/T_Tech_Panel_M.ubulk" 2870
"/Users/emmanuelwestfield/Desktop/New_Level_Layout/Content/Alienboy/Demo/StarterContent/Textures/T_Metal_Steel_D.uasset" 2871
"/Users/emmanuelwestfield/Desktop/New_Level_Layout/Content/Alienboy/Demo/StarterContent/Textures/T_Metal_Steel_D.uexp" 2872
"/Users/emmanuelwestfield/Desktop/New_Level_Layout/Content/Alienboy/Demo/StarterContent/Textures/T_Metal_Steel_D.ubulk" 2873
"/Users/emmanuelwestfield/Desktop/New_Level_Layout/Content/Alienboy/Demo/StarterContent/Materials/M_Tech_Panel.uasset" 2874
"/Users/emmanuelwestfield/Desktop/New_Level_Layout/Content/Alienboy/Demo/StarterContent/Materials/M_Tech_Panel.uexp" 2875
"/Users/emmanuelwestfield/Desktop/New_Level_Layout/Content/Alienboy/Demo/StarterContent/Textures/T_Tech_Hex_Tile_M.uasset" 2876
"/Users/emmanuelwestfield/Desktop/New_Level_Layout/Content/Alienboy/Demo/StarterContent/Textures/T_Tech_Hex_Tile_M.uexp" 2877
"/Users/emmanuelwestfield/Desktop/New_Level_Layout/Content/Alienboy/Demo/StarterContent/Textures/T_Tech_Hex_Tile_M.ubulk" 2878
"/Users/emmanuelwestfield/Desktop/New_Level_Layout/Content/Alienboy/Demo/StarterContent/Textures/T_Tech_Hex_Tile_N.uasset" 2879
"/Users/emmanuelwestfield/Desktop/New_Level_Layout/Content/Alienboy/Demo/StarterContent/Textures/T_Tech_Hex_Tile_N.uexp" 2880
"/Users/emmanuelwestfield/Desktop/New_Level_Layout/Content/Alienboy/Demo/StarterContent/Textures/T_Tech_Hex_Tile_N.ubulk" 2881
"/Users/emmanuelwestfield/Desktop/New_Level_Layout/Content/Alienboy/Demo/StarterContent/Materials/M_Tech_Hex_Tile_Pulse.uasset" 2882
"/Users/emmanuelwestfield/Desktop/New_Level_Layout/Content/Alienboy/Demo/StarterContent/Materials/M_Tech_Hex_Tile_Pulse.uexp" 2883
"/Users/emmanuelwestfield/Desktop/New_Level_Layout/Content/Alienboy/Demo/StarterContent/Materials/M_Tech_Hex_Tile.uasset" 2884
"/Users/emmanuelwestfield/Desktop/New_Level_Layout/Content/Alienboy/Demo/StarterContent/Materials/M_Tech_Hex_Tile.uexp" 2885
"/Users/emmanuelwestfield/Desktop/New_Level_Layout/Content/Alienboy/Demo/StarterContent/Textures/T_Checker_Noise_M.uasset" 2886
"/Users/emmanuelwestfield/Desktop/New_Level_Layout/Content/Alienboy/Demo/StarterContent/Textures/T_Checker_Noise_M.uexp" 2887
"/Users/emmanuelwestfield/Desktop/New_Level_Layout/Content/Alienboy/Demo/StarterContent/Textures/T_Checker_Noise_M.ubulk" 2888
"/Users/emmanuelwestfield/Desktop/New_Level_Layout/Content/Alienboy/Demo/StarterContent/Textures/T_Tech_Dot_M.uasset" 2889
"/Users/emmanuelwestfield/Desktop/New_Level_Layout/Content/Alienboy/Demo/StarterContent/Textures/T_Tech_Dot_M.uexp" 2890
"/Users/emmanuelwestfield/Desktop/New_Level_Layout/Content/Alienboy/Demo/StarterContent/Textures/T_Tech_Dot_M.ubulk" 2891
"/Users/emmanuelwestfield/Desktop/New_Level_Layout/Content/Alienboy/Demo/StarterContent/Textures/T_Tech_Dot_N.uasset" 2892
"/Users/emmanuelwestfield/Desktop/New_Level_Layout/Content/Alienboy/Demo/StarterContent/Textures/T_Tech_Dot_N.uexp" 2893
"/Users/emmanuelwestfield/Desktop/New_Level_Layout/Content/Alienboy/Demo/StarterContent/Textures/T_Tech_Dot_N.ubulk" 2894
"/Users/emmanuelwestfield/Desktop/New_Level_Layout/Content/Alienboy/Demo/StarterContent/Textures/T_Single_Tile_N.uasset" 2895
"/Users/emmanuelwestfield/Desktop/New_Level_Layout/Content/Alienboy/Demo/StarterContent/Textures/T_Single_Tile_N.uexp" 2896
"/Users/emmanuelwestfield/Desktop/New_Level_Layout/Content/Alienboy/Demo/StarterContent/Textures/T_Single_Tile_N.ubulk" 2897
"/Users/emmanuelwestfield/Desktop/New_Level_Layout/Content/Alienboy/Demo/StarterContent/Materials/M_Tech_Checker_Dot.uasset" 2898
"/Users/emmanuelwestfield/Desktop/New_Level_Layout/Content/Alienboy/Demo/StarterContent/Materials/M_Tech_Checker_Dot.uexp" 2899
"/Users/emmanuelwestfield/Desktop/New_Level_Layout/Content/Alienboy/Demo/StarterContent/Textures/T_Rock_Slate_N.uasset" 2900
"/Users/emmanuelwestfield/Desktop/New_Level_Layout/Content/Alienboy/Demo/StarterContent/Textures/T_Rock_Slate_N.uexp" 2901
"/Users/emmanuelwestfield/Desktop/New_Level_Layout/Content/Alienboy/Demo/StarterContent/Textures/T_Rock_Slate_N.ubulk" 2902
"/Users/emmanuelwestfield/Desktop/New_Level_Layout/Content/Alienboy/Demo/StarterContent/Textures/T_Rock_Slate_D.uasset" 2903
"/Users/emmanuelwestfield/Desktop/New_Level_Layout/Content/Alienboy/Demo/StarterContent/Textures/T_Rock_Slate_D.uexp" 2904
"/Users/emmanuelwestfield/Desktop/New_Level_Layout/Content/Alienboy/Demo/StarterContent/Textures/T_Rock_Slate_D.ubulk" 2905
"/Users/emmanuelwestfield/Desktop/New_Level_Layout/Content/Alienboy/Demo/StarterContent/Materials/M_Rock_Slate.uasset" 2906
"/Users/emmanuelwestfield/Desktop/New_Level_Layout/Content/Alienboy/Demo/StarterContent/Materials/M_Rock_Slate.uexp" 2907
"/Users/emmanuelwestfield/Desktop/New_Level_Layout/Content/Alienboy/Demo/StarterContent/Textures/T_Rock_Sandstone_N.uasset" 2908
"/Users/emmanuelwestfield/Desktop/New_Level_Layout/Content/Alienboy/Demo/StarterContent/Textures/T_Rock_Sandstone_N.uexp" 2909
"/Users/emmanuelwestfield/Desktop/New_Level_Layout/Content/Alienboy/Demo/StarterContent/Textures/T_Rock_Sandstone_N.ubulk" 2910
"/Users/emmanuelwestfield/Desktop/New_Level_Layout/Content/Alienboy/Demo/StarterContent/Textures/T_Rock_Sandstone_D.uasset" 2911
"/Users/emmanuelwestfield/Desktop/New_Level_Layout/Content/Alienboy/Demo/StarterContent/Textures/T_Rock_Sandstone_D.uexp" 2912
"/Users/emmanuelwestfield/Desktop/New_Level_Layout/Content/Alienboy/Demo/StarterContent/Textures/T_Rock_Sandstone_D.ubulk" 2913
"/Users/emmanuelwestfield/Desktop/New_Level_Layout/Content/Alienboy/Demo/StarterContent/Materials/M_Rock_Sandstone.uasset" 2914
"/Users/emmanuelwestfield/Desktop/New_Level_Layout/Content/Alienboy/Demo/StarterContent/Materials/M_Rock_Sandstone.uexp" 2915
"/Users/emmanuelwestfield/Desktop/New_Level_Layout/Content/Alienboy/Demo/StarterContent/Textures/T_Rock_Marble_Polished_D.uasset" 2916
"/Users/emmanuelwestfield/Desktop/New_Level_Layout/Content/Alienboy/Demo/StarterContent/Textures/T_Rock_Marble_Polished_D.uexp" 2917
"/Users/emmanuelwestfield/Desktop/New_Level_Layout/Content/Alienboy/Demo/StarterContent/Textures/T_Rock_Marble_Polished_D.ubulk" 2918
"/Users/emmanuelwestfield/Desktop/New_Level_Layout/Content/Alienboy/Demo/StarterContent/Textures/T_Metal_Gold_N.uasset" 2919
"/Users/emmanuelwestfield/Desktop/New_Level_Layout/Content/Alienboy/Demo/StarterContent/Textures/T_Metal_Gold_N.uexp" 2920
"/Users/emmanuelwestfield/Desktop/New_Level_Layout/Content/Alienboy/Demo/StarterContent/Textures/T_Metal_Gold_N.ubulk" 2921
"/Users/emmanuelwestfield/Desktop/New_Level_Layout/Content/Alienboy/Demo/StarterContent/Materials/M_Rock_Marble_Polished.uasset" 2922
"/Users/emmanuelwestfield/Desktop/New_Level_Layout/Content/Alienboy/Demo/StarterContent/Materials/M_Rock_Marble_Polished.uexp" 2923
"/Users/emmanuelwestfield/Desktop/New_Level_Layout/Content/Alienboy/Demo/StarterContent/Textures/T_Rock_Basalt_N.uasset" 2924
"/Users/emmanuelwestfield/Desktop/New_Level_Layout/Content/Alienboy/Demo/StarterContent/Textures/T_Rock_Basalt_N.uexp" 2925
"/Users/emmanuelwestfield/Desktop/New_Level_Layout/Content/Alienboy/Demo/StarterContent/Textures/T_Rock_Basalt_N.ubulk" 2926
"/Users/emmanuelwestfield/Desktop/New_Level_Layout/Content/Alienboy/Demo/StarterContent/Materials/M_Rock_Basalt.uasset" 2927
"/Users/emmanuelwestfield/Desktop/New_Level_Layout/Content/Alienboy/Demo/StarterContent/Materials/M_Rock_Basalt.uexp" 2928
"/Users/emmanuelwestfield/Desktop/New_Level_Layout/Content/Alienboy/Demo/StarterContent/Textures/T_Metal_Steel_N.uasset" 2929
"/Users/emmanuelwestfield/Desktop/New_Level_Layout/Content/Alienboy/Demo/StarterContent/Textures/T_Metal_Steel_N.uexp" 2930
"/Users/emmanuelwestfield/Desktop/New_Level_Layout/Content/Alienboy/Demo/StarterContent/Textures/T_Metal_Steel_N.ubulk" 2931
"/Users/emmanuelwestfield/Desktop/New_Level_Layout/Content/Alienboy/Demo/StarterContent/Materials/M_Metal_Steel.uasset" 2932
"/Users/emmanuelwestfield/Desktop/New_Level_Layout/Content/Alienboy/Demo/StarterContent/Materials/M_Metal_Steel.uexp" 2933
"/Users/emmanuelwestfield/Desktop/New_Level_Layout/Content/Alienboy/Demo/StarterContent/Textures/T_Metal_Rust_D.uasset" 2934
"/Users/emmanuelwestfield/Desktop/New_Level_Layout/Content/Alienboy/Demo/StarterContent/Textures/T_Metal_Rust_D.uexp" 2935
"/Users/emmanuelwestfield/Desktop/New_Level_Layout/Content/Alienboy/Demo/StarterContent/Textures/T_Metal_Rust_D.ubulk" 2936
"/Users/emmanuelwestfield/Desktop/New_Level_Layout/Content/Alienboy/Demo/StarterContent/Textures/T_Metal_Rust_N.uasset" 2937
"/Users/emmanuelwestfield/Desktop/New_Level_Layout/Content/Alienboy/Demo/StarterContent/Textures/T_Metal_Rust_N.uexp" 2938
"/Users/emmanuelwestfield/Desktop/New_Level_Layout/Content/Alienboy/Demo/StarterContent/Textures/T_Metal_Rust_N.ubulk" 2939
"/Users/emmanuelwestfield/Desktop/New_Level_Layout/Content/Alienboy/Demo/StarterContent/Materials/M_Metal_Rust.uasset" 2940
"/Users/emmanuelwestfield/Desktop/New_Level_Layout/Content/Alienboy/Demo/StarterContent/Materials/M_Metal_Rust.uexp" 2941
"/Users/emmanuelwestfield/Desktop/New_Level_Layout/Content/Alienboy/Demo/StarterContent/Textures/T_Metal_Gold_D.uasset" 2942
"/Users/emmanuelwestfield/Desktop/New_Level_Layout/Content/Alienboy/Demo/StarterContent/Textures/T_Metal_Gold_D.uexp" 2943
"/Users/emmanuelwestfield/Desktop/New_Level_Layout/Content/Alienboy/Demo/StarterContent/Textures/T_Metal_Gold_D.ubulk" 2944
"/Users/emmanuelwestfield/Desktop/New_Level_Layout/Content/Alienboy/Demo/StarterContent/Materials/M_Metal_Gold.uasset" 2945
"/Users/emmanuelwestfield/Desktop/New_Level_Layout/Content/Alienboy/Demo/StarterContent/Materials/M_Metal_Gold.uexp" 2946
"/Users/emmanuelwestfield/Desktop/New_Level_Layout/Content/Alienboy/Demo/StarterContent/Textures/T_Metal_Copper_D.uasset" 2947
"/Users/emmanuelwestfield/Desktop/New_Level_Layout/Content/Alienboy/Demo/StarterContent/Textures/T_Metal_Copper_D.uexp" 2948
"/Users/emmanuelwestfield/Desktop/New_Level_Layout/Content/Alienboy/Demo/StarterContent/Textures/T_Metal_Copper_D.ubulk" 2949
"/Users/emmanuelwestfield/Desktop/New_Level_Layout/Content/Alienboy/Demo/StarterContent/Materials/M_Metal_Copper.uasset" 2950
"/Users/emmanuelwestfield/Desktop/New_Level_Layout/Content/Alienboy/Demo/StarterContent/Materials/M_Metal_Copper.uexp" 2951
"/Users/emmanuelwestfield/Desktop/New_Level_Layout/Content/Alienboy/Demo/StarterContent/Materials/M_Metal_Chrome.uasset" 2952
"/Users/emmanuelwestfield/Desktop/New_Level_Layout/Content/Alienboy/Demo/StarterContent/Materials/M_Metal_Chrome.uexp" 2953
"/Users/emmanuelwestfield/Desktop/New_Level_Layout/Content/Alienboy/Demo/StarterContent/Textures/T_Metal_Aluminum_D.uasset" 2954
"/Users/emmanuelwestfield/Desktop/New_Level_Layout/Content/Alienboy/Demo/StarterContent/Textures/T_Metal_Aluminum_D.uexp" 2955
"/Users/emmanuelwestfield/Desktop/New_Level_Layout/Content/Alienboy/Demo/StarterContent/Textures/T_Metal_Aluminum_D.ubulk" 2956
"/Users/emmanuelwestfield/Desktop/New_Level_Layout/Content/Alienboy/Demo/StarterContent/Materials/M_Metal_Burnished_Steel.uasset" 2957
"/Users/emmanuelwestfield/Desktop/New_Level_Layout/Content/Alienboy/Demo/StarterContent/Materials/M_Metal_Burnished_Steel.uexp" 2958
"/Users/emmanuelwestfield/Desktop/New_Level_Layout/Content/Alienboy/Demo/StarterContent/Materials/M_Metal_Brushed_Nickel.uasset" 2959
"/Users/emmanuelwestfield/Desktop/New_Level_Layout/Content/Alienboy/Demo/StarterContent/Materials/M_Metal_Brushed_Nickel.uexp" 2960
"/Users/emmanuelwestfield/Desktop/New_Level_Layout/Content/Alienboy/Demo/StarterContent/Textures/T_ground_Moss_D.uasset" 2961
"/Users/emmanuelwestfield/Desktop/New_Level_Layout/Content/Alienboy/Demo/StarterContent/Textures/T_ground_Moss_D.uexp" 2962
"/Users/emmanuelwestfield/Desktop/New_Level_Layout/Content/Alienboy/Demo/StarterContent/Textures/T_ground_Moss_D.ubulk" 2963
"/Users/emmanuelwestfield/Desktop/New_Level_Layout/Content/Alienboy/Demo/StarterContent/Textures/T_Ground_Moss_N.uasset" 2964
"/Users/emmanuelwestfield/Desktop/New_Level_Layout/Content/Alienboy/Demo/StarterContent/Textures/T_Ground_Moss_N.uexp" 2965
"/Users/emmanuelwestfield/Desktop/New_Level_Layout/Content/Alienboy/Demo/StarterContent/Textures/T_Ground_Moss_N.ubulk" 2966
"/Users/emmanuelwestfield/Desktop/New_Level_Layout/Content/Alienboy/Demo/StarterContent/Materials/M_Ground_Moss.uasset" 2967
"/Users/emmanuelwestfield/Desktop/New_Level_Layout/Content/Alienboy/Demo/StarterContent/Materials/M_Ground_Moss.uexp" 2968
"/Users/emmanuelwestfield/Desktop/New_Level_Layout/Content/Alienboy/Demo/StarterContent/Textures/T_Ground_Gravel_D.uasset" 2969
"/Users/emmanuelwestfield/Desktop/New_Level_Layout/Content/Alienboy/Demo/StarterContent/Textures/T_Ground_Gravel_D.uexp" 2970
"/Users/emmanuelwestfield/Desktop/New_Level_Layout/Content/Alienboy/Demo/StarterContent/Textures/T_Ground_Gravel_D.ubulk" 2971
"/Users/emmanuelwestfield/Desktop/New_Level_Layout/Content/Alienboy/Demo/StarterContent/Textures/T_Ground_Gravel_N.uasset" 2972
"/Users/emmanuelwestfield/Desktop/New_Level_Layout/Content/Alienboy/Demo/StarterContent/Textures/T_Ground_Gravel_N.uexp" 2973
"/Users/emmanuelwestfield/Desktop/New_Level_Layout/Content/Alienboy/Demo/StarterContent/Textures/T_Ground_Gravel_N.ubulk" 2974
"/Users/emmanuelwestfield/Desktop/New_Level_Layout/Content/Alienboy/Demo/StarterContent/Materials/M_Ground_Gravel.uasset" 2975
"/Users/emmanuelwestfield/Desktop/New_Level_Layout/Content/Alienboy/Demo/StarterContent/Materials/M_Ground_Gravel.uexp" 2976
"/Users/emmanuelwestfield/Desktop/New_Level_Layout/Content/Alienboy/Demo/StarterContent/Textures/T_Ground_Grass_D.uasset" 2977
"/Users/emmanuelwestfield/Desktop/New_Level_Layout/Content/Alienboy/Demo/StarterContent/Textures/T_Ground_Grass_D.uexp" 2978
"/Users/emmanuelwestfield/Desktop/New_Level_Layout/Content/Alienboy/Demo/StarterContent/Textures/T_Ground_Grass_D.ubulk" 2979
"/Users/emmanuelwestfield/Desktop/New_Level_Layout/Content/Alienboy/Demo/StarterContent/Textures/T_Ground_Grass_N.uasset" 2980
"/Users/emmanuelwestfield/Desktop/New_Level_Layout/Content/Alienboy/Demo/StarterContent/Textures/T_Ground_Grass_N.uexp" 2981
"/Users/emmanuelwestfield/Desktop/New_Level_Layout/Content/Alienboy/Demo/StarterContent/Textures/T_Ground_Grass_N.ubulk" 2982
"/Users/emmanuelwestfield/Desktop/New_Level_Layout/Content/Alienboy/Demo/StarterContent/Materials/M_Ground_Grass.uasset" 2983
"/Users/emmanuelwestfield/Desktop/New_Level_Layout/Content/Alienboy/Demo/StarterContent/Materials/M_Ground_Grass.uexp" 2984
"/Users/emmanuelwestfield/Desktop/New_Level_Layout/Content/Alienboy/Demo/StarterContent/Textures/T_Concrete_Tiles_N.uasset" 2985
"/Users/emmanuelwestfield/Desktop/New_Level_Layout/Content/Alienboy/Demo/StarterContent/Textures/T_Concrete_Tiles_N.uexp" 2986
"/Users/emmanuelwestfield/Desktop/New_Level_Layout/Content/Alienboy/Demo/StarterContent/Textures/T_Concrete_Tiles_N.ubulk" 2987
"/Users/emmanuelwestfield/Desktop/New_Level_Layout/Content/Alienboy/Demo/StarterContent/Textures/T_Concrete_Tiles_Variation_M.uasset" 2988
"/Users/emmanuelwestfield/Desktop/New_Level_Layout/Content/Alienboy/Demo/StarterContent/Textures/T_Concrete_Tiles_Variation_M.uexp" 2989
"/Users/emmanuelwestfield/Desktop/New_Level_Layout/Content/Alienboy/Demo/StarterContent/Textures/T_Concrete_Tiles_Variation_M.ubulk" 2990
"/Users/emmanuelwestfield/Desktop/New_Level_Layout/Content/Alienboy/Demo/StarterContent/Textures/T_Concrete_Tiles_D.uasset" 2991
"/Users/emmanuelwestfield/Desktop/New_Level_Layout/Content/Alienboy/Demo/StarterContent/Textures/T_Concrete_Tiles_D.uexp" 2992
"/Users/emmanuelwestfield/Desktop/New_Level_Layout/Content/Alienboy/Demo/StarterContent/Textures/T_Concrete_Tiles_D.ubulk" 2993
"/Users/emmanuelwestfield/Desktop/New_Level_Layout/Content/Alienboy/Demo/StarterContent/Textures/T_Concrete_Tiles_M.uasset" 2994
"/Users/emmanuelwestfield/Desktop/New_Level_Layout/Content/Alienboy/Demo/StarterContent/Textures/T_Concrete_Tiles_M.uexp" 2995
"/Users/emmanuelwestfield/Desktop/New_Level_Layout/Content/Alienboy/Demo/StarterContent/Textures/T_Concrete_Tiles_M.ubulk" 2996
"/Users/emmanuelwestfield/Desktop/New_Level_Layout/Content/Alienboy/Demo/StarterContent/Materials/M_Concrete_Tiles.uasset" 2997
"/Users/emmanuelwestfield/Desktop/New_Level_Layout/Content/Alienboy/Demo/StarterContent/Materials/M_Concrete_Tiles.uexp" 2998
"/Users/emmanuelwestfield/Desktop/New_Level_Layout/Content/Alienboy/Demo/StarterContent/Textures/T_Concrete_Poured_N.uasset" 2999
"/Users/emmanuelwestfield/Desktop/New_Level_Layout/Content/Alienboy/Demo/StarterContent/Textures/T_Concrete_Poured_N.uexp" 3000
"/Users/emmanuelwestfield/Desktop/New_Level_Layout/Content/Alienboy/Demo/StarterContent/Textures/T_Concrete_Poured_N.ubulk" 3001
"/Users/emmanuelwestfield/Desktop/New_Level_Layout/Content/Alienboy/Demo/StarterContent/Textures/T_Concrete_Poured_D.uasset" 3002
"/Users/emmanuelwestfield/Desktop/New_Level_Layout/Content/Alienboy/Demo/StarterContent/Textures/T_Concrete_Poured_D.uexp" 3003
"/Users/emmanuelwestfield/Desktop/New_Level_Layout/Content/Alienboy/Demo/StarterContent/Textures/T_Concrete_Poured_D.ubulk" 3004
"/Users/emmanuelwestfield/Desktop/New_Level_Layout/Content/Alienboy/Demo/StarterContent/Materials/M_Concrete_Poured.uasset" 3005
"/Users/emmanuelwestfield/Desktop/New_Level_Layout/Content/Alienboy/Demo/StarterContent/Materials/M_Concrete_Poured.uexp" 3006
"/Users/emmanuelwestfield/Desktop/New_Level_Layout/Content/Alienboy/Demo/StarterContent/Textures/T_Concrete_Grime_D.uasset" 3007
"/Users/emmanuelwestfield/Desktop/New_Level_Layout/Content/Alienboy/Demo/StarterContent/Textures/T_Concrete_Grime_D.uexp" 3008
"/Users/emmanuelwestfield/Desktop/New_Level_Layout/Content/Alienboy/Demo/StarterContent/Textures/T_Concrete_Grime_D.ubulk" 3009
"/Users/emmanuelwestfield/Desktop/New_Level_Layout/Content/Alienboy/Demo/StarterContent/Materials/M_Concrete_Grime.uasset" 3010
"/Users/emmanuelwestfield/Desktop/New_Level_Layout/Content/Alienboy/Demo/StarterContent/Materials/M_Concrete_Grime.uexp" 3011
"/Users/emmanuelwestfield/Desktop/New_Level_Layout/Content/Alienboy/Demo/StarterContent/Textures/T_CobbleStone_Smooth_M.uasset" 3012
"/Users/emmanuelwestfield/Desktop/New_Level_Layout/Content/Alienboy/Demo/StarterContent/Textures/T_CobbleStone_Smooth_M.uexp" 3013
"/Users/emmanuelwestfield/Desktop/New_Level_Layout/Content/Alienboy/Demo/StarterContent/Textures/T_CobbleStone_Smooth_M.ubulk" 3014
"/Users/emmanuelwestfield/Desktop/New_Level_Layout/Content/Alienboy/Demo/StarterContent/Textures/T_CobbleStone_Smooth_D.uasset" 3015
"/Users/emmanuelwestfield/Desktop/New_Level_Layout/Content/Alienboy/Demo/StarterContent/Textures/T_CobbleStone_Smooth_D.uexp" 3016
"/Users/emmanuelwestfield/Desktop/New_Level_Layout/Content/Alienboy/Demo/StarterContent/Textures/T_CobbleStone_Smooth_D.ubulk" 3017
"/Users/emmanuelwestfield/Desktop/New_Level_Layout/Content/Alienboy/Demo/StarterContent/Textures/T_Gradinet_01.uasset" 3018
"/Users/emmanuelwestfield/Desktop/New_Level_Layout/Content/Alienboy/Demo/StarterContent/Textures/T_Gradinet_01.uexp" 3019
"/Users/emmanuelwestfield/Desktop/New_Level_Layout/Content/Alienboy/Demo/StarterContent/Textures/T_Gradinet_01.ubulk" 3020
"/Users/emmanuelwestfield/Desktop/New_Level_Layout/Content/Alienboy/Demo/StarterContent/Textures/T_Rock_Smooth_Granite_D.uasset" 3021
"/Users/emmanuelwestfield/Desktop/New_Level_Layout/Content/Alienboy/Demo/StarterContent/Textures/T_Rock_Smooth_Granite_D.uexp" 3022
"/Users/emmanuelwestfield/Desktop/New_Level_Layout/Content/Alienboy/Demo/StarterContent/Textures/T_Rock_Smooth_Granite_D.ubulk" 3023
"/Users/emmanuelwestfield/Desktop/New_Level_Layout/Content/Alienboy/Demo/StarterContent/Textures/T_CobbleStone_Smooth_N.uasset" 3024
"/Users/emmanuelwestfield/Desktop/New_Level_Layout/Content/Alienboy/Demo/StarterContent/Textures/T_CobbleStone_Smooth_N.uexp" 3025
"/Users/emmanuelwestfield/Desktop/New_Level_Layout/Content/Alienboy/Demo/StarterContent/Textures/T_CobbleStone_Smooth_N.ubulk" 3026
"/Users/emmanuelwestfield/Desktop/New_Level_Layout/Content/Alienboy/Demo/StarterContent/Materials/M_CobbleStone_Smooth.uasset" 3027
"/Users/emmanuelwestfield/Desktop/New_Level_Layout/Content/Alienboy/Demo/StarterContent/Materials/M_CobbleStone_Smooth.uexp" 3028
"/Users/emmanuelwestfield/Desktop/New_Level_Layout/Content/Alienboy/Demo/StarterContent/Textures/T_CobbleStone_Rough_N.uasset" 3029
"/Users/emmanuelwestfield/Desktop/New_Level_Layout/Content/Alienboy/Demo/StarterContent/Textures/T_CobbleStone_Rough_N.uexp" 3030
"/Users/emmanuelwestfield/Desktop/New_Level_Layout/Content/Alienboy/Demo/StarterContent/Textures/T_CobbleStone_Rough_N.ubulk" 3031
"/Users/emmanuelwestfield/Desktop/New_Level_Layout/Content/Alienboy/Demo/StarterContent/Textures/T_CobbleStone_Rough_D.uasset" 3032
"/Users/emmanuelwestfield/Desktop/New_Level_Layout/Content/Alienboy/Demo/StarterContent/Textures/T_CobbleStone_Rough_D.uexp" 3033
"/Users/emmanuelwestfield/Desktop/New_Level_Layout/Content/Alienboy/Demo/StarterContent/Textures/T_CobbleStone_Rough_D.ubulk" 3034
"/Users/emmanuelwestfield/Desktop/New_Level_Layout/Content/Alienboy/Demo/StarterContent/Materials/M_CobbleStone_Rough.uasset" 3035
"/Users/emmanuelwestfield/Desktop/New_Level_Layout/Content/Alienboy/Demo/StarterContent/Materials/M_CobbleStone_Rough.uexp" 3036
"/Users/emmanuelwestfield/Desktop/New_Level_Layout/Content/Alienboy/Demo/StarterContent/Textures/T_CobbleStone_Pebble_N.uasset" 3037
"/Users/emmanuelwestfield/Desktop/New_Level_Layout/Content/Alienboy/Demo/StarterContent/Textures/T_CobbleStone_Pebble_N.uexp" 3038
"/Users/emmanuelwestfield/Desktop/New_Level_Layout/Content/Alienboy/Demo/StarterContent/Textures/T_CobbleStone_Pebble_N.ubulk" 3039
"/Users/emmanuelwestfield/Desktop/New_Level_Layout/Content/Alienboy/Demo/StarterContent/Textures/T_CobbleStone_Pebble_D.uasset" 3040
"/Users/emmanuelwestfield/Desktop/New_Level_Layout/Content/Alienboy/Demo/StarterContent/Textures/T_CobbleStone_Pebble_D.uexp" 3041
"/Users/emmanuelwestfield/Desktop/New_Level_Layout/Content/Alienboy/Demo/StarterContent/Textures/T_CobbleStone_Pebble_D.ubulk" 3042
"/Users/emmanuelwestfield/Desktop/New_Level_Layout/Content/Alienboy/Demo/StarterContent/Textures/T_CobbleStone_Pebble_M.uasset" 3043
"/Users/emmanuelwestfield/Desktop/New_Level_Layout/Content/Alienboy/Demo/StarterContent/Textures/T_CobbleStone_Pebble_M.uexp" 3044
"/Users/emmanuelwestfield/Desktop/New_Level_Layout/Content/Alienboy/Demo/StarterContent/Textures/T_CobbleStone_Pebble_M.ubulk" 3045
"/Users/emmanuelwestfield/Desktop/New_Level_Layout/Content/Alienboy/Demo/StarterContent/Materials/M_CobbleStone_Pebble.uasset" 3046
"/Users/emmanuelwestfield/Desktop/New_Level_Layout/Content/Alienboy/Demo/StarterContent/Materials/M_CobbleStone_Pebble.uexp" 3047
"/Users/emmanuelwestfield/Desktop/New_Level_Layout/Content/Alienboy/Demo/StarterContent/Textures/T_Ceramic_Tile_M.uasset" 3048
"/Users/emmanuelwestfield/Desktop/New_Level_Layout/Content/Alienboy/Demo/StarterContent/Textures/T_Ceramic_Tile_M.uexp" 3049
"/Users/emmanuelwestfield/Desktop/New_Level_Layout/Content/Alienboy/Demo/StarterContent/Textures/T_Ceramic_Tile_M.ubulk" 3050
"/Users/emmanuelwestfield/Desktop/New_Level_Layout/Content/Alienboy/Demo/StarterContent/Textures/T_Ceramic_Tile_N.uasset" 3051
"/Users/emmanuelwestfield/Desktop/New_Level_Layout/Content/Alienboy/Demo/StarterContent/Textures/T_Ceramic_Tile_N.uexp" 3052
"/Users/emmanuelwestfield/Desktop/New_Level_Layout/Content/Alienboy/Demo/StarterContent/Textures/T_Ceramic_Tile_N.ubulk" 3053
"/Users/emmanuelwestfield/Desktop/New_Level_Layout/Content/Alienboy/Demo/StarterContent/Materials/M_Ceramic_Tile_Checker.uasset" 3054
"/Users/emmanuelwestfield/Desktop/New_Level_Layout/Content/Alienboy/Demo/StarterContent/Materials/M_Ceramic_Tile_Checker.uexp" 3055
"/Users/emmanuelwestfield/Desktop/New_Level_Layout/Content/Alienboy/Demo/StarterContent/Textures/T_Brick_Hewn_Stone_M.uasset" 3056
"/Users/emmanuelwestfield/Desktop/New_Level_Layout/Content/Alienboy/Demo/StarterContent/Textures/T_Brick_Hewn_Stone_M.uexp" 3057
"/Users/emmanuelwestfield/Desktop/New_Level_Layout/Content/Alienboy/Demo/StarterContent/Textures/T_Brick_Hewn_Stone_M.ubulk" 3058
"/Users/emmanuelwestfield/Desktop/New_Level_Layout/Content/Alienboy/Demo/StarterContent/Textures/T_Brick_Hewn_Stone_D.uasset" 3059
"/Users/emmanuelwestfield/Desktop/New_Level_Layout/Content/Alienboy/Demo/StarterContent/Textures/T_Brick_Hewn_Stone_D.uexp" 3060
"/Users/emmanuelwestfield/Desktop/New_Level_Layout/Content/Alienboy/Demo/StarterContent/Textures/T_Brick_Hewn_Stone_D.ubulk" 3061
"/Users/emmanuelwestfield/Desktop/New_Level_Layout/Content/Alienboy/Demo/StarterContent/Textures/T_Brick_Hewn_Stone_N.uasset" 3062
"/Users/emmanuelwestfield/Desktop/New_Level_Layout/Content/Alienboy/Demo/StarterContent/Textures/T_Brick_Hewn_Stone_N.uexp" 3063
"/Users/emmanuelwestfield/Desktop/New_Level_Layout/Content/Alienboy/Demo/StarterContent/Textures/T_Brick_Hewn_Stone_N.ubulk" 3064
"/Users/emmanuelwestfield/Desktop/New_Level_Layout/Content/Alienboy/Demo/StarterContent/Materials/M_Brick_Hewn_Stone.uasset" 3065
"/Users/emmanuelwestfield/Desktop/New_Level_Layout/Content/Alienboy/Demo/StarterContent/Materials/M_Brick_Hewn_Stone.uexp" 3066
"/Users/emmanuelwestfield/Desktop/New_Level_Layout/Content/Alienboy/Demo/StarterContent/Textures/T_Brick_Cut_Stone_D.uasset" 3067
"/Users/emmanuelwestfield/Desktop/New_Level_Layout/Content/Alienboy/Demo/StarterContent/Textures/T_Brick_Cut_Stone_D.uexp" 3068
"/Users/emmanuelwestfield/Desktop/New_Level_Layout/Content/Alienboy/Demo/StarterContent/Textures/T_Brick_Cut_Stone_D.ubulk" 3069
"/Users/emmanuelwestfield/Desktop/New_Level_Layout/Content/Alienboy/Demo/StarterContent/Textures/T_Brick_Cut_Stone_N.uasset" 3070
"/Users/emmanuelwestfield/Desktop/New_Level_Layout/Content/Alienboy/Demo/StarterContent/Textures/T_Brick_Cut_Stone_N.uexp" 3071
"/Users/emmanuelwestfield/Desktop/New_Level_Layout/Content/Alienboy/Demo/StarterContent/Textures/T_Brick_Cut_Stone_N.ubulk" 3072
"/Users/emmanuelwestfield/Desktop/New_Level_Layout/Content/Alienboy/Demo/StarterContent/Materials/M_Brick_Cut_Stone.uasset" 3073
"/Users/emmanuelwestfield/Desktop/New_Level_Layout/Content/Alienboy/Demo/StarterContent/Materials/M_Brick_Cut_Stone.uexp" 3074
"/Users/emmanuelwestfield/Desktop/New_Level_Layout/Content/Alienboy/Demo/StarterContent/Textures/T_Brick_Clay_Old_N.uasset" 3075
"/Users/emmanuelwestfield/Desktop/New_Level_Layout/Content/Alienboy/Demo/StarterContent/Textures/T_Brick_Clay_Old_N.uexp" 3076
"/Users/emmanuelwestfield/Desktop/New_Level_Layout/Content/Alienboy/Demo/StarterContent/Textures/T_Brick_Clay_Old_N.ubulk" 3077
"/Users/emmanuelwestfield/Desktop/New_Level_Layout/Content/Alienboy/Demo/StarterContent/Textures/T_Brick_Clay_Old_D.uasset" 3078
"/Users/emmanuelwestfield/Desktop/New_Level_Layout/Content/Alienboy/Demo/StarterContent/Textures/T_Brick_Clay_Old_D.uexp" 3079
"/Users/emmanuelwestfield/Desktop/New_Level_Layout/Content/Alienboy/Demo/StarterContent/Textures/T_Brick_Clay_Old_D.ubulk" 3080
"/Users/emmanuelwestfield/Desktop/New_Level_Layout/Content/Alienboy/Demo/StarterContent/Materials/M_Brick_Clay_Old.uasset" 3081
"/Users/emmanuelwestfield/Desktop/New_Level_Layout/Content/Alienboy/Demo/StarterContent/Materials/M_Brick_Clay_Old.uexp" 3082
"/Users/emmanuelwestfield/Desktop/New_Level_Layout/Content/Alienboy/Demo/StarterContent/Textures/T_Brick_Clay_New_M.uasset" 3083
"/Users/emmanuelwestfield/Desktop/New_Level_Layout/Content/Alienboy/Demo/StarterContent/Textures/T_Brick_Clay_New_M.uexp" 3084
"/Users/emmanuelwestfield/Desktop/New_Level_Layout/Content/Alienboy/Demo/StarterContent/Textures/T_Brick_Clay_New_D.uasset" 3085
"/Users/emmanuelwestfield/Desktop/New_Level_Layout/Content/Alienboy/Demo/StarterContent/Textures/T_Brick_Clay_New_D.uexp" 3086
"/Users/emmanuelwestfield/Desktop/New_Level_Layout/Content/Alienboy/Demo/StarterContent/Textures/T_Brick_Clay_New_D.ubulk" 3087
"/Users/emmanuelwestfield/Desktop/New_Level_Layout/Content/Alienboy/Demo/StarterContent/Textures/T_Brick_Clay_New_N.uasset" 3088
"/Users/emmanuelwestfield/Desktop/New_Level_Layout/Content/Alienboy/Demo/StarterContent/Textures/T_Brick_Clay_New_N.uexp" 3089
"/Users/emmanuelwestfield/Desktop/New_Level_Layout/Content/Alienboy/Demo/StarterContent/Materials/M_Brick_Clay_New.uasset" 3090
"/Users/emmanuelwestfield/Desktop/New_Level_Layout/Content/Alienboy/Demo/StarterContent/Materials/M_Brick_Clay_New.uexp" 3091
"/Users/emmanuelwestfield/Desktop/New_Level_Layout/Content/Alienboy/Demo/StarterContent/Textures/T_Brick_Clay_Beveled_N.uasset" 3092
"/Users/emmanuelwestfield/Desktop/New_Level_Layout/Content/Alienboy/Demo/StarterContent/Textures/T_Brick_Clay_Beveled_N.uexp" 3093
"/Users/emmanuelwestfield/Desktop/New_Level_Layout/Content/Alienboy/Demo/StarterContent/Textures/T_Brick_Clay_Beveled_N.ubulk" 3094
"/Users/emmanuelwestfield/Desktop/New_Level_Layout/Content/Alienboy/Demo/StarterContent/Textures/T_Brick_Clay_Beveled_D.uasset" 3095
"/Users/emmanuelwestfield/Desktop/New_Level_Layout/Content/Alienboy/Demo/StarterContent/Textures/T_Brick_Clay_Beveled_D.uexp" 3096
"/Users/emmanuelwestfield/Desktop/New_Level_Layout/Content/Alienboy/Demo/StarterContent/Textures/T_Brick_Clay_Beveled_D.ubulk" 3097
"/Users/emmanuelwestfield/Desktop/New_Level_Layout/Content/Alienboy/Demo/StarterContent/Textures/T_Brick_Clay_Beveled_M.uasset" 3098
"/Users/emmanuelwestfield/Desktop/New_Level_Layout/Content/Alienboy/Demo/StarterContent/Textures/T_Brick_Clay_Beveled_M.uexp" 3099
"/Users/emmanuelwestfield/Desktop/New_Level_Layout/Content/Alienboy/Demo/StarterContent/Textures/T_Brick_Clay_Beveled_M.ubulk" 3100
"/Users/emmanuelwestfield/Desktop/New_Level_Layout/Content/Alienboy/Demo/StarterContent/Materials/M_Brick_Clay_Beveled.uasset" 3101
"/Users/emmanuelwestfield/Desktop/New_Level_Layout/Content/Alienboy/Demo/StarterContent/Materials/M_Brick_Clay_Beveled.uexp" 3102
"/Users/emmanuelwestfield/Desktop/New_Level_Layout/Content/Alienboy/Demo/StarterContent/Maps/StarterMap_BuiltData.uasset" 3103
"/Users/emmanuelwestfield/Desktop/New_Level_Layout/Content/Alienboy/Demo/StarterContent/Maps/StarterMap_BuiltData.uexp" 3104
"/Users/emmanuelwestfield/Desktop/New_Level_Layout/Content/Alienboy/Demo/StarterContent/Maps/StarterMap_BuiltData.ubulk" 3105
"/Users/emmanuelwestfield/Desktop/New_Level_Layout/Content/Alienboy/Demo/StarterContent/Textures/T_Lamp_M.uasset" 3106
"/Users/emmanuelwestfield/Desktop/New_Level_Layout/Content/Alienboy/Demo/StarterContent/Textures/T_Lamp_M.uexp" 3107
"/Users/emmanuelwestfield/Desktop/New_Level_Layout/Content/Alienboy/Demo/StarterContent/Textures/T_Lamp_M.ubulk" 3108
"/Users/emmanuelwestfield/Desktop/New_Level_Layout/Content/Alienboy/Demo/StarterContent/Textures/T_Lamp_N.uasset" 3109
"/Users/emmanuelwestfield/Desktop/New_Level_Layout/Content/Alienboy/Demo/StarterContent/Textures/T_Lamp_N.uexp" 3110
"/Users/emmanuelwestfield/Desktop/New_Level_Layout/Content/Alienboy/Demo/StarterContent/Textures/T_Lamp_N.ubulk" 3111
"/Users/emmanuelwestfield/Desktop/New_Level_Layout/Content/Alienboy/Demo/StarterContent/Props/Materials/M_Lamp.uasset" 3112
"/Users/emmanuelwestfield/Desktop/New_Level_Layout/Content/Alienboy/Demo/StarterContent/Props/Materials/M_Lamp.uexp" 3113
"/Users/emmanuelwestfield/Desktop/New_Level_Layout/Content/Alienboy/Demo/StarterContent/Props/SM_Lamp_Wall.uasset" 3114
"/Users/emmanuelwestfield/Desktop/New_Level_Layout/Content/Alienboy/Demo/StarterContent/Props/SM_Lamp_Wall.uexp" 3115
"/Users/emmanuelwestfield/Desktop/New_Level_Layout/Content/Alienboy/Demo/StarterContent/Blueprints/Blueprint_WallSconce.uasset" 3116
"/Users/emmanuelwestfield/Desktop/New_Level_Layout/Content/Alienboy/Demo/StarterContent/Blueprints/Blueprint_WallSconce.uexp" 3117
"/Users/emmanuelwestfield/Desktop/New_Level_Layout/Content/Alienboy/Demo/StarterContent/Props/SM_Lamp_Ceiling.uasset" 3118
"/Users/emmanuelwestfield/Desktop/New_Level_Layout/Content/Alienboy/Demo/StarterContent/Props/SM_Lamp_Ceiling.uexp" 3119
"/Users/emmanuelwestfield/Desktop/New_Level_Layout/Content/Alienboy/Demo/StarterContent/Blueprints/Blueprint_CeilingLight.uasset" 3120
"/Users/emmanuelwestfield/Desktop/New_Level_Layout/Content/Alienboy/Demo/StarterContent/Blueprints/Blueprint_CeilingLight.uexp" 3121
"/Users/emmanuelwestfield/Desktop/New_Level_Layout/Content/Alienboy/Demo/StarterContent/Textures/T_Concrete_Panels_D.uasset" 3122
"/Users/emmanuelwestfield/Desktop/New_Level_Layout/Content/Alienboy/Demo/StarterContent/Textures/T_Concrete_Panels_D.uexp" 3123
"/Users/emmanuelwestfield/Desktop/New_Level_Layout/Content/Alienboy/Demo/StarterContent/Textures/T_Concrete_Panels_D.ubulk" 3124
"/Users/emmanuelwestfield/Desktop/New_Level_Layout/Content/Alienboy/Demo/StarterContent/Textures/T_Concrete_Panels_N.uasset" 3125
"/Users/emmanuelwestfield/Desktop/New_Level_Layout/Content/Alienboy/Demo/StarterContent/Textures/T_Concrete_Panels_N.uexp" 3126
"/Users/emmanuelwestfield/Desktop/New_Level_Layout/Content/Alienboy/Demo/StarterContent/Textures/T_Concrete_Panels_N.ubulk" 3127
"/Users/emmanuelwestfield/Desktop/New_Level_Layout/Content/Alienboy/Demo/StarterContent/Materials/M_Concrete_Panels.uasset" 3128
"/Users/emmanuelwestfield/Desktop/New_Level_Layout/Content/Alienboy/Demo/StarterContent/Materials/M_Concrete_Panels.uexp" 3129
"/Users/emmanuelwestfield/Desktop/New_Level_Layout/Content/Alienboy/Demo/StarterContent/Particles/P_Steam_Lit.uasset" 3130
"/Users/emmanuelwestfield/Desktop/New_Level_Layout/Content/Alienboy/Demo/StarterContent/Particles/P_Steam_Lit.uexp" 3131
"/Users/emmanuelwestfield/Desktop/New_Level_Layout/Content/Alienboy/Demo/StarterContent/Audio/Steam01.uasset" 3132
"/Users/emmanuelwestfield/Desktop/New_Level_Layout/Content/Alienboy/Demo/StarterContent/Audio/Steam01.uexp" 3133
"/Users/emmanuelwestfield/Desktop/New_Level_Layout/Content/Alienboy/Demo/StarterContent/Audio/Steam01_Cue.uasset" 3134
"/Users/emmanuelwestfield/Desktop/New_Level_Layout/Content/Alienboy/Demo/StarterContent/Audio/Steam01_Cue.uexp" 3135
"/Users/emmanuelwestfield/Desktop/New_Level_Layout/Content/Alienboy/Demo/StarterContent/Blueprints/Blueprint_Effect_Steam.uasset" 3136
"/Users/emmanuelwestfield/Desktop/New_Level_Layout/Content/Alienboy/Demo/StarterContent/Blueprints/Blueprint_Effect_Steam.uexp" 3137
"/Users/emmanuelwestfield/Desktop/New_Level_Layout/Content/Alienboy/Demo/StarterContent/Textures/T_Spark_Core.uasset" 3138
"/Users/emmanuelwestfield/Desktop/New_Level_Layout/Content/Alienboy/Demo/StarterContent/Textures/T_Spark_Core.uexp" 3139
"/Users/emmanuelwestfield/Desktop/New_Level_Layout/Content/Alienboy/Demo/StarterContent/Textures/T_Spark_Core.ubulk" 3140
"/Users/emmanuelwestfield/Desktop/New_Level_Layout/Content/Alienboy/Demo/StarterContent/Particles/Materials/M_Spark.uasset" 3141
"/Users/emmanuelwestfield/Desktop/New_Level_Layout/Content/Alienboy/Demo/StarterContent/Particles/Materials/M_Spark.uexp" 3142
"/Users/emmanuelwestfield/Desktop/New_Level_Layout/Content/Alienboy/Demo/StarterContent/Particles/Materials/M_Radial_Gradient.uasset" 3143
"/Users/emmanuelwestfield/Desktop/New_Level_Layout/Content/Alienboy/Demo/StarterContent/Particles/Materials/M_Radial_Gradient.uexp" 3144
"/Users/emmanuelwestfield/Desktop/New_Level_Layout/Content/Alienboy/Demo/StarterContent/Particles/P_Sparks.uasset" 3145
"/Users/emmanuelwestfield/Desktop/New_Level_Layout/Content/Alienboy/Demo/StarterContent/Particles/P_Sparks.uexp" 3146
"/Users/emmanuelwestfield/Desktop/New_Level_Layout/Content/Alienboy/Demo/StarterContent/Audio/Fire_Sparks01.uasset" 3147
"/Users/emmanuelwestfield/Desktop/New_Level_Layout/Content/Alienboy/Demo/StarterContent/Audio/Fire_Sparks01.uexp" 3148
"/Users/emmanuelwestfield/Desktop/New_Level_Layout/Content/Alienboy/Demo/StarterContent/Audio/Fire_Sparks01_Cue.uasset" 3149
"/Users/emmanuelwestfield/Desktop/New_Level_Layout/Content/Alienboy/Demo/StarterContent/Audio/Fire_Sparks01_Cue.uexp" 3150
"/Users/emmanuelwestfield/Desktop/New_Level_Layout/Content/Alienboy/Demo/StarterContent/Blueprints/Blueprint_Effect_Sparks.uasset" 3151
"/Users/emmanuelwestfield/Desktop/New_Level_Layout/Content/Alienboy/Demo/StarterContent/Blueprints/Blueprint_Effect_Sparks.uexp" 3152
"/Users/emmanuelwestfield/Desktop/New_Level_Layout/Content/Alienboy/Demo/StarterContent/Particles/P_Smoke.uasset" 3153
"/Users/emmanuelwestfield/Desktop/New_Level_Layout/Content/Alienboy/Demo/StarterContent/Particles/P_Smoke.uexp" 3154
"/Users/emmanuelwestfield/Desktop/New_Level_Layout/Content/Alienboy/Demo/StarterContent/Audio/Smoke01.uasset" 3155
"/Users/emmanuelwestfield/Desktop/New_Level_Layout/Content/Alienboy/Demo/StarterContent/Audio/Smoke01.uexp" 3156
"/Users/emmanuelwestfield/Desktop/New_Level_Layout/Content/Alienboy/Demo/StarterContent/Audio/Smoke01_Cue.uasset" 3157
"/Users/emmanuelwestfield/Desktop/New_Level_Layout/Content/Alienboy/Demo/StarterContent/Audio/Smoke01_Cue.uexp" 3158
"/Users/emmanuelwestfield/Desktop/New_Level_Layout/Content/Alienboy/Demo/StarterContent/Blueprints/Blueprint_Effect_Smoke.uasset" 3159
"/Users/emmanuelwestfield/Desktop/New_Level_Layout/Content/Alienboy/Demo/StarterContent/Blueprints/Blueprint_Effect_Smoke.uexp" 3160
"/Users/emmanuelwestfield/Desktop/New_Level_Layout/Content/Alienboy/Demo/StarterContent/Particles/Materials/M_Heat_Distortion.uasset" 3161
"/Users/emmanuelwestfield/Desktop/New_Level_Layout/Content/Alienboy/Demo/StarterContent/Particles/Materials/M_Heat_Distortion.uexp" 3162
"/Users/emmanuelwestfield/Desktop/New_Level_Layout/Content/Alienboy/Demo/StarterContent/Textures/T_Fire_Tiled_D.uasset" 3163
"/Users/emmanuelwestfield/Desktop/New_Level_Layout/Content/Alienboy/Demo/StarterContent/Textures/T_Fire_Tiled_D.uexp" 3164
"/Users/emmanuelwestfield/Desktop/New_Level_Layout/Content/Alienboy/Demo/StarterContent/Textures/T_Fire_Tiled_D.ubulk" 3165
"/Users/emmanuelwestfield/Desktop/New_Level_Layout/Content/Alienboy/Demo/StarterContent/Textures/T_Fire_SubUV.uasset" 3166
"/Users/emmanuelwestfield/Desktop/New_Level_Layout/Content/Alienboy/Demo/StarterContent/Textures/T_Fire_SubUV.uexp" 3167
"/Users/emmanuelwestfield/Desktop/New_Level_Layout/Content/Alienboy/Demo/StarterContent/Textures/T_Fire_SubUV.ubulk" 3168
"/Users/emmanuelwestfield/Desktop/New_Level_Layout/Content/Alienboy/Demo/StarterContent/Particles/Materials/M_Fire_SubUV.uasset" 3169
"/Users/emmanuelwestfield/Desktop/New_Level_Layout/Content/Alienboy/Demo/StarterContent/Particles/Materials/M_Fire_SubUV.uexp" 3170
"/Users/emmanuelwestfield/Desktop/New_Level_Layout/Content/Alienboy/Demo/StarterContent/Particles/P_Fire.uasset" 3171
"/Users/emmanuelwestfield/Desktop/New_Level_Layout/Content/Alienboy/Demo/StarterContent/Particles/P_Fire.uexp" 3172
"/Users/emmanuelwestfield/Desktop/New_Level_Layout/Content/Alienboy/Demo/StarterContent/Audio/Fire01.uasset" 3173
"/Users/emmanuelwestfield/Desktop/New_Level_Layout/Content/Alienboy/Demo/StarterContent/Audio/Fire01.uexp" 3174
"/Users/emmanuelwestfield/Desktop/New_Level_Layout/Content/Alienboy/Demo/StarterContent/Audio/Fire01_Cue.uasset" 3175
"/Users/emmanuelwestfield/Desktop/New_Level_Layout/Content/Alienboy/Demo/StarterContent/Audio/Fire01_Cue.uexp" 3176
"/Users/emmanuelwestfield/Desktop/New_Level_Layout/Content/Alienboy/Demo/StarterContent/Blueprints/Blueprint_Effect_Fire.uasset" 3177
"/Users/emmanuelwestfield/Desktop/New_Level_Layout/Content/Alienboy/Demo/StarterContent/Blueprints/Blueprint_Effect_Fire.uexp" 3178
"/Users/emmanuelwestfield/Desktop/New_Level_Layout/Content/Alienboy/Demo/StarterContent/Maps/StarterMap.uexp" 3179
"/Users/emmanuelwestfield/Desktop/New_Level_Layout/Content/Alienboy/Demo/StarterContent/Maps/StarterMap.umap" 3180
"/Users/emmanuelwestfield/Desktop/New_Level_Layout/Content/Alienboy/Demo/StarterContent/Maps/Minimal_Default_BuiltData.uasset" 3181
"/Users/emmanuelwestfield/Desktop/New_Level_Layout/Content/Alienboy/Demo/StarterContent/Maps/Minimal_Default_BuiltData.uexp" 3182
"/Users/emmanuelwestfield/Desktop/New_Level_Layout/Content/Alienboy/Demo/StarterContent/Maps/Minimal_Default_BuiltData.ubulk" 3183
"/Users/emmanuelwestfield/Desktop/New_Level_Layout/Content/Alienboy/Demo/StarterContent/Maps/Minimal_Default.uexp" 3184
"/Users/emmanuelwestfield/Desktop/New_Level_Layout/Content/Alienboy/Demo/StarterContent/Maps/Minimal_Default.umap" 3185
"/Users/emmanuelwestfield/Desktop/New_Level_Layout/Content/Alienboy/texture/tshirt/9/T_Alienboy_tshirt9_Normal.uasset" 3186
"/Users/emmanuelwestfield/Desktop/New_Level_Layout/Content/Alienboy/texture/tshirt/9/T_Alienboy_tshirt9_Normal.uexp" 3187
"/Users/emmanuelwestfield/Desktop/New_Level_Layout/Content/Alienboy/texture/tshirt/9/T_Alienboy_tshirt9_Normal.ubulk" 3188
"/Users/emmanuelwestfield/Desktop/New_Level_Layout/Content/Alienboy/texture/tshirt/9/T_Alienboy_tshirt9_BaseColor.uasset" 3189
"/Users/emmanuelwestfield/Desktop/New_Level_Layout/Content/Alienboy/texture/tshirt/9/T_Alienboy_tshirt9_BaseColor.uexp" 3190
"/Users/emmanuelwestfield/Desktop/New_Level_Layout/Content/Alienboy/texture/tshirt/9/T_Alienboy_tshirt9_BaseColor.ubulk" 3191
"/Users/emmanuelwestfield/Desktop/New_Level_Layout/Content/Alienboy/texture/tshirt/9/T_Alienboy_tshirt9_OcclusionRoughnessMetallic.uasset" 3192
"/Users/emmanuelwestfield/Desktop/New_Level_Layout/Content/Alienboy/texture/tshirt/9/T_Alienboy_tshirt9_OcclusionRoughnessMetallic.uexp" 3193
"/Users/emmanuelwestfield/Desktop/New_Level_Layout/Content/Alienboy/texture/tshirt/9/T_Alienboy_tshirt9_OcclusionRoughnessMetallic.ubulk" 3194
"/Users/emmanuelwestfield/Desktop/New_Level_Layout/Content/Alienboy/material/tshirt/Mat_T_Alienboy_tshirt9.uasset" 3195
"/Users/emmanuelwestfield/Desktop/New_Level_Layout/Content/Alienboy/material/tshirt/Mat_T_Alienboy_tshirt9.uexp" 3196
"/Users/emmanuelwestfield/Desktop/New_Level_Layout/Content/Alienboy/texture/tshirt/8/T_Alienboy_tshirt8_BaseColor.uasset" 3197
"/Users/emmanuelwestfield/Desktop/New_Level_Layout/Content/Alienboy/texture/tshirt/8/T_Alienboy_tshirt8_BaseColor.uexp" 3198
"/Users/emmanuelwestfield/Desktop/New_Level_Layout/Content/Alienboy/texture/tshirt/8/T_Alienboy_tshirt8_BaseColor.ubulk" 3199
"/Users/emmanuelwestfield/Desktop/New_Level_Layout/Content/Alienboy/texture/tshirt/8/T_Alienboy_tshirt8_OcclusionRoughnessMetallic.uasset" 3200
"/Users/emmanuelwestfield/Desktop/New_Level_Layout/Content/Alienboy/texture/tshirt/8/T_Alienboy_tshirt8_OcclusionRoughnessMetallic.uexp" 3201
"/Users/emmanuelwestfield/Desktop/New_Level_Layout/Content/Alienboy/texture/tshirt/8/T_Alienboy_tshirt8_OcclusionRoughnessMetallic.ubulk" 3202
"/Users/emmanuelwestfield/Desktop/New_Level_Layout/Content/Alienboy/texture/tshirt/8/T_Alienboy_tshirt8_Normal.uasset" 3203
"/Users/emmanuelwestfield/Desktop/New_Level_Layout/Content/Alienboy/texture/tshirt/8/T_Alienboy_tshirt8_Normal.uexp" 3204
"/Users/emmanuelwestfield/Desktop/New_Level_Layout/Content/Alienboy/texture/tshirt/8/T_Alienboy_tshirt8_Normal.ubulk" 3205
"/Users/emmanuelwestfield/Desktop/New_Level_Layout/Content/Alienboy/material/tshirt/Mat_T_Alienboy_tshirt8.uasset" 3206
"/Users/emmanuelwestfield/Desktop/New_Level_Layout/Content/Alienboy/material/tshirt/Mat_T_Alienboy_tshirt8.uexp" 3207
"/Users/emmanuelwestfield/Desktop/New_Level_Layout/Content/Alienboy/texture/tshirt/7/T_Alienboy_tshirt7_BaseColor.uasset" 3208
"/Users/emmanuelwestfield/Desktop/New_Level_Layout/Content/Alienboy/texture/tshirt/7/T_Alienboy_tshirt7_BaseColor.uexp" 3209
"/Users/emmanuelwestfield/Desktop/New_Level_Layout/Content/Alienboy/texture/tshirt/7/T_Alienboy_tshirt7_BaseColor.ubulk" 3210
"/Users/emmanuelwestfield/Desktop/New_Level_Layout/Content/Alienboy/texture/tshirt/7/T_Alienboy_tshirt7_Normal.uasset" 3211
"/Users/emmanuelwestfield/Desktop/New_Level_Layout/Content/Alienboy/texture/tshirt/7/T_Alienboy_tshirt7_Normal.uexp" 3212
"/Users/emmanuelwestfield/Desktop/New_Level_Layout/Content/Alienboy/texture/tshirt/7/T_Alienboy_tshirt7_Normal.ubulk" 3213
"/Users/emmanuelwestfield/Desktop/New_Level_Layout/Content/Alienboy/texture/tshirt/7/T_Alienboy_tshirt7_OcclusionRoughnessMetallic.uasset" 3214
"/Users/emmanuelwestfield/Desktop/New_Level_Layout/Content/Alienboy/texture/tshirt/7/T_Alienboy_tshirt7_OcclusionRoughnessMetallic.uexp" 3215
"/Users/emmanuelwestfield/Desktop/New_Level_Layout/Content/Alienboy/texture/tshirt/7/T_Alienboy_tshirt7_OcclusionRoughnessMetallic.ubulk" 3216
"/Users/emmanuelwestfield/Desktop/New_Level_Layout/Content/Alienboy/material/tshirt/Mat_T_Alienboy_tshirt7.uasset" 3217
"/Users/emmanuelwestfield/Desktop/New_Level_Layout/Content/Alienboy/material/tshirt/Mat_T_Alienboy_tshirt7.uexp" 3218
"/Users/emmanuelwestfield/Desktop/New_Level_Layout/Content/Alienboy/texture/tshirt/6/T_Alienboy_tshirt6_BaseColor.uasset" 3219
"/Users/emmanuelwestfield/Desktop/New_Level_Layout/Content/Alienboy/texture/tshirt/6/T_Alienboy_tshirt6_BaseColor.uexp" 3220
"/Users/emmanuelwestfield/Desktop/New_Level_Layout/Content/Alienboy/texture/tshirt/6/T_Alienboy_tshirt6_BaseColor.ubulk" 3221
"/Users/emmanuelwestfield/Desktop/New_Level_Layout/Content/Alienboy/texture/tshirt/6/T_Alienboy_tshirt6_Normal.uasset" 3222
"/Users/emmanuelwestfield/Desktop/New_Level_Layout/Content/Alienboy/texture/tshirt/6/T_Alienboy_tshirt6_Normal.uexp" 3223
"/Users/emmanuelwestfield/Desktop/New_Level_Layout/Content/Alienboy/texture/tshirt/6/T_Alienboy_tshirt6_Normal.ubulk" 3224
"/Users/emmanuelwestfield/Desktop/New_Level_Layout/Content/Alienboy/texture/tshirt/6/T_Alienboy_tshirt6_OcclusionRoughnessMetallic.uasset" 3225
"/Users/emmanuelwestfield/Desktop/New_Level_Layout/Content/Alienboy/texture/tshirt/6/T_Alienboy_tshirt6_OcclusionRoughnessMetallic.uexp" 3226
"/Users/emmanuelwestfield/Desktop/New_Level_Layout/Content/Alienboy/texture/tshirt/6/T_Alienboy_tshirt6_OcclusionRoughnessMetallic.ubulk" 3227
"/Users/emmanuelwestfield/Desktop/New_Level_Layout/Content/Alienboy/material/tshirt/Mat_T_Alienboy_tshirt6.uasset" 3228
"/Users/emmanuelwestfield/Desktop/New_Level_Layout/Content/Alienboy/material/tshirt/Mat_T_Alienboy_tshirt6.uexp" 3229
"/Users/emmanuelwestfield/Desktop/New_Level_Layout/Content/Alienboy/texture/tshirt/5/T_Alienboy_tshirt5_OcclusionRoughnessMetallic.uasset" 3230
"/Users/emmanuelwestfield/Desktop/New_Level_Layout/Content/Alienboy/texture/tshirt/5/T_Alienboy_tshirt5_OcclusionRoughnessMetallic.uexp" 3231
"/Users/emmanuelwestfield/Desktop/New_Level_Layout/Content/Alienboy/texture/tshirt/5/T_Alienboy_tshirt5_OcclusionRoughnessMetallic.ubulk" 3232
"/Users/emmanuelwestfield/Desktop/New_Level_Layout/Content/Alienboy/texture/tshirt/5/T_Alienboy_tshirt5_BaseColor.uasset" 3233
"/Users/emmanuelwestfield/Desktop/New_Level_Layout/Content/Alienboy/texture/tshirt/5/T_Alienboy_tshirt5_BaseColor.uexp" 3234
"/Users/emmanuelwestfield/Desktop/New_Level_Layout/Content/Alienboy/texture/tshirt/5/T_Alienboy_tshirt5_BaseColor.ubulk" 3235
"/Users/emmanuelwestfield/Desktop/New_Level_Layout/Content/Alienboy/texture/tshirt/5/T_Alienboy_tshirt5_Normal.uasset" 3236
"/Users/emmanuelwestfield/Desktop/New_Level_Layout/Content/Alienboy/texture/tshirt/5/T_Alienboy_tshirt5_Normal.uexp" 3237
"/Users/emmanuelwestfield/Desktop/New_Level_Layout/Content/Alienboy/texture/tshirt/5/T_Alienboy_tshirt5_Normal.ubulk" 3238
"/Users/emmanuelwestfield/Desktop/New_Level_Layout/Content/Alienboy/material/tshirt/Mat_T_Alienboy_tshirt5.uasset" 3239
"/Users/emmanuelwestfield/Desktop/New_Level_Layout/Content/Alienboy/material/tshirt/Mat_T_Alienboy_tshirt5.uexp" 3240
"/Users/emmanuelwestfield/Desktop/New_Level_Layout/Content/Alienboy/texture/tshirt/4/T_Alienboy_tshirt4_Normal.uasset" 3241
"/Users/emmanuelwestfield/Desktop/New_Level_Layout/Content/Alienboy/texture/tshirt/4/T_Alienboy_tshirt4_Normal.uexp" 3242
"/Users/emmanuelwestfield/Desktop/New_Level_Layout/Content/Alienboy/texture/tshirt/4/T_Alienboy_tshirt4_Normal.ubulk" 3243
"/Users/emmanuelwestfield/Desktop/New_Level_Layout/Content/Alienboy/texture/tshirt/4/T_Alienboy_tshirt4_OcclusionRoughnessMetallic.uasset" 3244
"/Users/emmanuelwestfield/Desktop/New_Level_Layout/Content/Alienboy/texture/tshirt/4/T_Alienboy_tshirt4_OcclusionRoughnessMetallic.uexp" 3245
"/Users/emmanuelwestfield/Desktop/New_Level_Layout/Content/Alienboy/texture/tshirt/4/T_Alienboy_tshirt4_OcclusionRoughnessMetallic.ubulk" 3246
"/Users/emmanuelwestfield/Desktop/New_Level_Layout/Content/Alienboy/texture/tshirt/4/T_Alienboy_tshirt4_BaseColor.uasset" 3247
"/Users/emmanuelwestfield/Desktop/New_Level_Layout/Content/Alienboy/texture/tshirt/4/T_Alienboy_tshirt4_BaseColor.uexp" 3248
"/Users/emmanuelwestfield/Desktop/New_Level_Layout/Content/Alienboy/texture/tshirt/4/T_Alienboy_tshirt4_BaseColor.ubulk" 3249
"/Users/emmanuelwestfield/Desktop/New_Level_Layout/Content/Alienboy/material/tshirt/Mat_T_Alienboy_tshirt4.uasset" 3250
"/Users/emmanuelwestfield/Desktop/New_Level_Layout/Content/Alienboy/material/tshirt/Mat_T_Alienboy_tshirt4.uexp" 3251
"/Users/emmanuelwestfield/Desktop/New_Level_Layout/Content/Alienboy/texture/tshirt/3/T_Alienboy_tshirt3_BaseColor.uasset" 3252
"/Users/emmanuelwestfield/Desktop/New_Level_Layout/Content/Alienboy/texture/tshirt/3/T_Alienboy_tshirt3_BaseColor.uexp" 3253
"/Users/emmanuelwestfield/Desktop/New_Level_Layout/Content/Alienboy/texture/tshirt/3/T_Alienboy_tshirt3_BaseColor.ubulk" 3254
"/Users/emmanuelwestfield/Desktop/New_Level_Layout/Content/Alienboy/texture/tshirt/3/T_Alienboy_tshirt3_Normal.uasset" 3255
"/Users/emmanuelwestfield/Desktop/New_Level_Layout/Content/Alienboy/texture/tshirt/3/T_Alienboy_tshirt3_Normal.uexp" 3256
"/Users/emmanuelwestfield/Desktop/New_Level_Layout/Content/Alienboy/texture/tshirt/3/T_Alienboy_tshirt3_Normal.ubulk" 3257
"/Users/emmanuelwestfield/Desktop/New_Level_Layout/Content/Alienboy/texture/tshirt/3/T_Alienboy_tshirt3_OcclusionRoughnessMetallic.uasset" 3258
"/Users/emmanuelwestfield/Desktop/New_Level_Layout/Content/Alienboy/texture/tshirt/3/T_Alienboy_tshirt3_OcclusionRoughnessMetallic.uexp" 3259
"/Users/emmanuelwestfield/Desktop/New_Level_Layout/Content/Alienboy/texture/tshirt/3/T_Alienboy_tshirt3_OcclusionRoughnessMetallic.ubulk" 3260
"/Users/emmanuelwestfield/Desktop/New_Level_Layout/Content/Alienboy/material/tshirt/Mat_T_Alienboy_tshirt3.uasset" 3261
"/Users/emmanuelwestfield/Desktop/New_Level_Layout/Content/Alienboy/material/tshirt/Mat_T_Alienboy_tshirt3.uexp" 3262
"/Users/emmanuelwestfield/Desktop/New_Level_Layout/Content/Alienboy/texture/tshirt/10/T_Alienboy_tshirt10_OcclusionRoughnessMetallic.uasset" 3263
"/Users/emmanuelwestfield/Desktop/New_Level_Layout/Content/Alienboy/texture/tshirt/10/T_Alienboy_tshirt10_OcclusionRoughnessMetallic.uexp" 3264
"/Users/emmanuelwestfield/Desktop/New_Level_Layout/Content/Alienboy/texture/tshirt/10/T_Alienboy_tshirt10_OcclusionRoughnessMetallic.ubulk" 3265
"/Users/emmanuelwestfield/Desktop/New_Level_Layout/Content/Alienboy/texture/tshirt/10/T_Alienboy_tshirt10_Normal.uasset" 3266
"/Users/emmanuelwestfield/Desktop/New_Level_Layout/Content/Alienboy/texture/tshirt/10/T_Alienboy_tshirt10_Normal.uexp" 3267
"/Users/emmanuelwestfield/Desktop/New_Level_Layout/Content/Alienboy/texture/tshirt/10/T_Alienboy_tshirt10_Normal.ubulk" 3268
"/Users/emmanuelwestfield/Desktop/New_Level_Layout/Content/Alienboy/texture/tshirt/10/T_Alienboy_tshirt10_BaseColor.uasset" 3269
"/Users/emmanuelwestfield/Desktop/New_Level_Layout/Content/Alienboy/texture/tshirt/10/T_Alienboy_tshirt10_BaseColor.uexp" 3270
"/Users/emmanuelwestfield/Desktop/New_Level_Layout/Content/Alienboy/texture/tshirt/10/T_Alienboy_tshirt10_BaseColor.ubulk" 3271
"/Users/emmanuelwestfield/Desktop/New_Level_Layout/Content/Alienboy/material/tshirt/Mat_T_Alienboy_tshirt10.uasset" 3272
"/Users/emmanuelwestfield/Desktop/New_Level_Layout/Content/Alienboy/material/tshirt/Mat_T_Alienboy_tshirt10.uexp" 3273
"/Users/emmanuelwestfield/Desktop/New_Level_Layout/Content/Alienboy/texture/tshirt/1/T_Alienboy_tshirt1_OcclusionRoughnessMetallic.uasset" 3274
"/Users/emmanuelwestfield/Desktop/New_Level_Layout/Content/Alienboy/texture/tshirt/1/T_Alienboy_tshirt1_OcclusionRoughnessMetallic.uexp" 3275
"/Users/emmanuelwestfield/Desktop/New_Level_Layout/Content/Alienboy/texture/tshirt/1/T_Alienboy_tshirt1_OcclusionRoughnessMetallic.ubulk" 3276
"/Users/emmanuelwestfield/Desktop/New_Level_Layout/Content/Alienboy/texture/tshirt/1/T_Alienboy_tshirt1_BaseColor.uasset" 3277
"/Users/emmanuelwestfield/Desktop/New_Level_Layout/Content/Alienboy/texture/tshirt/1/T_Alienboy_tshirt1_BaseColor.uexp" 3278
"/Users/emmanuelwestfield/Desktop/New_Level_Layout/Content/Alienboy/texture/tshirt/1/T_Alienboy_tshirt1_BaseColor.ubulk" 3279
"/Users/emmanuelwestfield/Desktop/New_Level_Layout/Content/Alienboy/texture/tshirt/1/T_Alienboy_tshirt1_Normal.uasset" 3280
"/Users/emmanuelwestfield/Desktop/New_Level_Layout/Content/Alienboy/texture/tshirt/1/T_Alienboy_tshirt1_Normal.uexp" 3281
"/Users/emmanuelwestfield/Desktop/New_Level_Layout/Content/Alienboy/texture/tshirt/1/T_Alienboy_tshirt1_Normal.ubulk" 3282
"/Users/emmanuelwestfield/Desktop/New_Level_Layout/Content/Alienboy/material/tshirt/Mat_T_Alienboy_tshirt1.uasset" 3283
"/Users/emmanuelwestfield/Desktop/New_Level_Layout/Content/Alienboy/material/tshirt/Mat_T_Alienboy_tshirt1.uexp" 3284
"/Users/emmanuelwestfield/Desktop/New_Level_Layout/Content/Alienboy/texture/shorts/9/T_Alienboy_shorts9_OcclusionRoughnessMetallic.uasset" 3285
"/Users/emmanuelwestfield/Desktop/New_Level_Layout/Content/Alienboy/texture/shorts/9/T_Alienboy_shorts9_OcclusionRoughnessMetallic.uexp" 3286
"/Users/emmanuelwestfield/Desktop/New_Level_Layout/Content/Alienboy/texture/shorts/9/T_Alienboy_shorts9_OcclusionRoughnessMetallic.ubulk" 3287
"/Users/emmanuelwestfield/Desktop/New_Level_Layout/Content/Alienboy/texture/shorts/9/T_Alienboy_shorts9_BaseColor.uasset" 3288
"/Users/emmanuelwestfield/Desktop/New_Level_Layout/Content/Alienboy/texture/shorts/9/T_Alienboy_shorts9_BaseColor.uexp" 3289
"/Users/emmanuelwestfield/Desktop/New_Level_Layout/Content/Alienboy/texture/shorts/9/T_Alienboy_shorts9_BaseColor.ubulk" 3290
"/Users/emmanuelwestfield/Desktop/New_Level_Layout/Content/Alienboy/texture/shorts/9/T_Alienboy_shorts9_Normal.uasset" 3291
"/Users/emmanuelwestfield/Desktop/New_Level_Layout/Content/Alienboy/texture/shorts/9/T_Alienboy_shorts9_Normal.uexp" 3292
"/Users/emmanuelwestfield/Desktop/New_Level_Layout/Content/Alienboy/texture/shorts/9/T_Alienboy_shorts9_Normal.ubulk" 3293
"/Users/emmanuelwestfield/Desktop/New_Level_Layout/Content/Alienboy/material/shorts/Mat_T_Alienboy_shorts9.uasset" 3294
"/Users/emmanuelwestfield/Desktop/New_Level_Layout/Content/Alienboy/material/shorts/Mat_T_Alienboy_shorts9.uexp" 3295
"/Users/emmanuelwestfield/Desktop/New_Level_Layout/Content/Alienboy/texture/shorts/8/T_Alienboy_shorts8_Normal.uasset" 3296
"/Users/emmanuelwestfield/Desktop/New_Level_Layout/Content/Alienboy/texture/shorts/8/T_Alienboy_shorts8_Normal.uexp" 3297
"/Users/emmanuelwestfield/Desktop/New_Level_Layout/Content/Alienboy/texture/shorts/8/T_Alienboy_shorts8_Normal.ubulk" 3298
"/Users/emmanuelwestfield/Desktop/New_Level_Layout/Content/Alienboy/texture/shorts/8/T_Alienboy_shorts8_BaseColor.uasset" 3299
"/Users/emmanuelwestfield/Desktop/New_Level_Layout/Content/Alienboy/texture/shorts/8/T_Alienboy_shorts8_BaseColor.uexp" 3300
"/Users/emmanuelwestfield/Desktop/New_Level_Layout/Content/Alienboy/texture/shorts/8/T_Alienboy_shorts8_BaseColor.ubulk" 3301
"/Users/emmanuelwestfield/Desktop/New_Level_Layout/Content/Alienboy/texture/shorts/8/T_Alienboy_shorts8_OcclusionRoughnessMetallic.uasset" 3302
"/Users/emmanuelwestfield/Desktop/New_Level_Layout/Content/Alienboy/texture/shorts/8/T_Alienboy_shorts8_OcclusionRoughnessMetallic.uexp" 3303
"/Users/emmanuelwestfield/Desktop/New_Level_Layout/Content/Alienboy/texture/shorts/8/T_Alienboy_shorts8_OcclusionRoughnessMetallic.ubulk" 3304
"/Users/emmanuelwestfield/Desktop/New_Level_Layout/Content/Alienboy/material/shorts/Mat_T_Alienboy_shorts8.uasset" 3305
"/Users/emmanuelwestfield/Desktop/New_Level_Layout/Content/Alienboy/material/shorts/Mat_T_Alienboy_shorts8.uexp" 3306
"/Users/emmanuelwestfield/Desktop/New_Level_Layout/Content/Alienboy/texture/shorts/7/T_Alienboy_shorts7_Normal.uasset" 3307
"/Users/emmanuelwestfield/Desktop/New_Level_Layout/Content/Alienboy/texture/shorts/7/T_Alienboy_shorts7_Normal.uexp" 3308
"/Users/emmanuelwestfield/Desktop/New_Level_Layout/Content/Alienboy/texture/shorts/7/T_Alienboy_shorts7_Normal.ubulk" 3309
"/Users/emmanuelwestfield/Desktop/New_Level_Layout/Content/Alienboy/texture/shorts/7/T_Alienboy_shorts7_BaseColor.uasset" 3310
"/Users/emmanuelwestfield/Desktop/New_Level_Layout/Content/Alienboy/texture/shorts/7/T_Alienboy_shorts7_BaseColor.uexp" 3311
"/Users/emmanuelwestfield/Desktop/New_Level_Layout/Content/Alienboy/texture/shorts/7/T_Alienboy_shorts7_BaseColor.ubulk" 3312
"/Users/emmanuelwestfield/Desktop/New_Level_Layout/Content/Alienboy/texture/shorts/7/T_Alienboy_shorts7_OcclusionRoughnessMetallic.uasset" 3313
"/Users/emmanuelwestfield/Desktop/New_Level_Layout/Content/Alienboy/texture/shorts/7/T_Alienboy_shorts7_OcclusionRoughnessMetallic.uexp" 3314
"/Users/emmanuelwestfield/Desktop/New_Level_Layout/Content/Alienboy/texture/shorts/7/T_Alienboy_shorts7_OcclusionRoughnessMetallic.ubulk" 3315
"/Users/emmanuelwestfield/Desktop/New_Level_Layout/Content/Alienboy/material/shorts/Mat_T_Alienboy_shorts7.uasset" 3316
"/Users/emmanuelwestfield/Desktop/New_Level_Layout/Content/Alienboy/material/shorts/Mat_T_Alienboy_shorts7.uexp" 3317
"/Users/emmanuelwestfield/Desktop/New_Level_Layout/Content/Alienboy/texture/shorts/6/T_Alienboy_shorts6_Normal.uasset" 3318
"/Users/emmanuelwestfield/Desktop/New_Level_Layout/Content/Alienboy/texture/shorts/6/T_Alienboy_shorts6_Normal.uexp" 3319
"/Users/emmanuelwestfield/Desktop/New_Level_Layout/Content/Alienboy/texture/shorts/6/T_Alienboy_shorts6_Normal.ubulk" 3320
"/Users/emmanuelwestfield/Desktop/New_Level_Layout/Content/Alienboy/texture/shorts/6/T_Alienboy_shorts6_BaseColor.uasset" 3321
"/Users/emmanuelwestfield/Desktop/New_Level_Layout/Content/Alienboy/texture/shorts/6/T_Alienboy_shorts6_BaseColor.uexp" 3322
"/Users/emmanuelwestfield/Desktop/New_Level_Layout/Content/Alienboy/texture/shorts/6/T_Alienboy_shorts6_BaseColor.ubulk" 3323
"/Users/emmanuelwestfield/Desktop/New_Level_Layout/Content/Alienboy/texture/shorts/6/T_Alienboy_shorts6_OcclusionRoughnessMetallic.uasset" 3324
"/Users/emmanuelwestfield/Desktop/New_Level_Layout/Content/Alienboy/texture/shorts/6/T_Alienboy_shorts6_OcclusionRoughnessMetallic.uexp" 3325
"/Users/emmanuelwestfield/Desktop/New_Level_Layout/Content/Alienboy/texture/shorts/6/T_Alienboy_shorts6_OcclusionRoughnessMetallic.ubulk" 3326
"/Users/emmanuelwestfield/Desktop/New_Level_Layout/Content/Alienboy/material/shorts/Mat_T_Alienboy_shorts6.uasset" 3327
"/Users/emmanuelwestfield/Desktop/New_Level_Layout/Content/Alienboy/material/shorts/Mat_T_Alienboy_shorts6.uexp" 3328
"/Users/emmanuelwestfield/Desktop/New_Level_Layout/Content/Alienboy/texture/shorts/4/T_Alienboy_shorts4_BaseColor.uasset" 3329
"/Users/emmanuelwestfield/Desktop/New_Level_Layout/Content/Alienboy/texture/shorts/4/T_Alienboy_shorts4_BaseColor.uexp" 3330
"/Users/emmanuelwestfield/Desktop/New_Level_Layout/Content/Alienboy/texture/shorts/4/T_Alienboy_shorts4_BaseColor.ubulk" 3331
"/Users/emmanuelwestfield/Desktop/New_Level_Layout/Content/Alienboy/texture/shorts/4/T_Alienboy_shorts4_OcclusionRoughnessMetallic.uasset" 3332
"/Users/emmanuelwestfield/Desktop/New_Level_Layout/Content/Alienboy/texture/shorts/4/T_Alienboy_shorts4_OcclusionRoughnessMetallic.uexp" 3333
"/Users/emmanuelwestfield/Desktop/New_Level_Layout/Content/Alienboy/texture/shorts/4/T_Alienboy_shorts4_OcclusionRoughnessMetallic.ubulk" 3334
"/Users/emmanuelwestfield/Desktop/New_Level_Layout/Content/Alienboy/texture/shorts/4/T_Alienboy_shorts4_Normal.uasset" 3335
"/Users/emmanuelwestfield/Desktop/New_Level_Layout/Content/Alienboy/texture/shorts/4/T_Alienboy_shorts4_Normal.uexp" 3336
"/Users/emmanuelwestfield/Desktop/New_Level_Layout/Content/Alienboy/texture/shorts/4/T_Alienboy_shorts4_Normal.ubulk" 3337
"/Users/emmanuelwestfield/Desktop/New_Level_Layout/Content/Alienboy/material/shorts/Mat_T_Alienboy_shorts4.uasset" 3338
"/Users/emmanuelwestfield/Desktop/New_Level_Layout/Content/Alienboy/material/shorts/Mat_T_Alienboy_shorts4.uexp" 3339
"/Users/emmanuelwestfield/Desktop/New_Level_Layout/Content/Alienboy/texture/shorts/3/T_Alienboy_shorts3_OcclusionRoughnessMetallic.uasset" 3340
"/Users/emmanuelwestfield/Desktop/New_Level_Layout/Content/Alienboy/texture/shorts/3/T_Alienboy_shorts3_OcclusionRoughnessMetallic.uexp" 3341
"/Users/emmanuelwestfield/Desktop/New_Level_Layout/Content/Alienboy/texture/shorts/3/T_Alienboy_shorts3_OcclusionRoughnessMetallic.ubulk" 3342
"/Users/emmanuelwestfield/Desktop/New_Level_Layout/Content/Alienboy/texture/shorts/3/T_Alienboy_shorts3_Normal.uasset" 3343
"/Users/emmanuelwestfield/Desktop/New_Level_Layout/Content/Alienboy/texture/shorts/3/T_Alienboy_shorts3_Normal.uexp" 3344
"/Users/emmanuelwestfield/Desktop/New_Level_Layout/Content/Alienboy/texture/shorts/3/T_Alienboy_shorts3_Normal.ubulk" 3345
"/Users/emmanuelwestfield/Desktop/New_Level_Layout/Content/Alienboy/texture/shorts/3/T_Alienboy_shorts3_BaseColor.uasset" 3346
"/Users/emmanuelwestfield/Desktop/New_Level_Layout/Content/Alienboy/texture/shorts/3/T_Alienboy_shorts3_BaseColor.uexp" 3347
"/Users/emmanuelwestfield/Desktop/New_Level_Layout/Content/Alienboy/texture/shorts/3/T_Alienboy_shorts3_BaseColor.ubulk" 3348
"/Users/emmanuelwestfield/Desktop/New_Level_Layout/Content/Alienboy/material/shorts/Mat_T_Alienboy_shorts3.uasset" 3349
"/Users/emmanuelwestfield/Desktop/New_Level_Layout/Content/Alienboy/material/shorts/Mat_T_Alienboy_shorts3.uexp" 3350
"/Users/emmanuelwestfield/Desktop/New_Level_Layout/Content/Alienboy/texture/shorts/2/T_Alienboy_shorts2_OcclusionRoughnessMetallic.uasset" 3351
"/Users/emmanuelwestfield/Desktop/New_Level_Layout/Content/Alienboy/texture/shorts/2/T_Alienboy_shorts2_OcclusionRoughnessMetallic.uexp" 3352
"/Users/emmanuelwestfield/Desktop/New_Level_Layout/Content/Alienboy/texture/shorts/2/T_Alienboy_shorts2_OcclusionRoughnessMetallic.ubulk" 3353
"/Users/emmanuelwestfield/Desktop/New_Level_Layout/Content/Alienboy/texture/shorts/2/T_Alienboy_shorts2_Normal.uasset" 3354
"/Users/emmanuelwestfield/Desktop/New_Level_Layout/Content/Alienboy/texture/shorts/2/T_Alienboy_shorts2_Normal.uexp" 3355
"/Users/emmanuelwestfield/Desktop/New_Level_Layout/Content/Alienboy/texture/shorts/2/T_Alienboy_shorts2_Normal.ubulk" 3356
"/Users/emmanuelwestfield/Desktop/New_Level_Layout/Content/Alienboy/texture/shorts/2/T_Alienboy_shorts2_BaseColor.uasset" 3357
"/Users/emmanuelwestfield/Desktop/New_Level_Layout/Content/Alienboy/texture/shorts/2/T_Alienboy_shorts2_BaseColor.uexp" 3358
"/Users/emmanuelwestfield/Desktop/New_Level_Layout/Content/Alienboy/texture/shorts/2/T_Alienboy_shorts2_BaseColor.ubulk" 3359
"/Users/emmanuelwestfield/Desktop/New_Level_Layout/Content/Alienboy/material/shorts/Mat_T_Alienboy_shorts2.uasset" 3360
"/Users/emmanuelwestfield/Desktop/New_Level_Layout/Content/Alienboy/material/shorts/Mat_T_Alienboy_shorts2.uexp" 3361
"/Users/emmanuelwestfield/Desktop/New_Level_Layout/Content/Alienboy/texture/shorts/10/T_Alienboy_shorts10_BaseColor.uasset" 3362
"/Users/emmanuelwestfield/Desktop/New_Level_Layout/Content/Alienboy/texture/shorts/10/T_Alienboy_shorts10_BaseColor.uexp" 3363
"/Users/emmanuelwestfield/Desktop/New_Level_Layout/Content/Alienboy/texture/shorts/10/T_Alienboy_shorts10_BaseColor.ubulk" 3364
"/Users/emmanuelwestfield/Desktop/New_Level_Layout/Content/Alienboy/texture/shorts/10/T_Alienboy_shorts10_Normal.uasset" 3365
"/Users/emmanuelwestfield/Desktop/New_Level_Layout/Content/Alienboy/texture/shorts/10/T_Alienboy_shorts10_Normal.uexp" 3366
"/Users/emmanuelwestfield/Desktop/New_Level_Layout/Content/Alienboy/texture/shorts/10/T_Alienboy_shorts10_Normal.ubulk" 3367
"/Users/emmanuelwestfield/Desktop/New_Level_Layout/Content/Alienboy/texture/shorts/10/T_Alienboy_shorts10_OcclusionRoughnessMetallic.uasset" 3368
"/Users/emmanuelwestfield/Desktop/New_Level_Layout/Content/Alienboy/texture/shorts/10/T_Alienboy_shorts10_OcclusionRoughnessMetallic.uexp" 3369
"/Users/emmanuelwestfield/Desktop/New_Level_Layout/Content/Alienboy/texture/shorts/10/T_Alienboy_shorts10_OcclusionRoughnessMetallic.ubulk" 3370
"/Users/emmanuelwestfield/Desktop/New_Level_Layout/Content/Alienboy/material/shorts/Mat_T_Alienboy_shorts10.uasset" 3371
"/Users/emmanuelwestfield/Desktop/New_Level_Layout/Content/Alienboy/material/shorts/Mat_T_Alienboy_shorts10.uexp" 3372
"/Users/emmanuelwestfield/Desktop/New_Level_Layout/Content/Alienboy/texture/shorts/1/T_Alienboy_shorts1_OcclusionRoughnessMetallic.uasset" 3373
"/Users/emmanuelwestfield/Desktop/New_Level_Layout/Content/Alienboy/texture/shorts/1/T_Alienboy_shorts1_OcclusionRoughnessMetallic.uexp" 3374
"/Users/emmanuelwestfield/Desktop/New_Level_Layout/Content/Alienboy/texture/shorts/1/T_Alienboy_shorts1_OcclusionRoughnessMetallic.ubulk" 3375
"/Users/emmanuelwestfield/Desktop/New_Level_Layout/Content/Alienboy/texture/shorts/1/T_Alienboy_shorts1_Normal.uasset" 3376
"/Users/emmanuelwestfield/Desktop/New_Level_Layout/Content/Alienboy/texture/shorts/1/T_Alienboy_shorts1_Normal.uexp" 3377
"/Users/emmanuelwestfield/Desktop/New_Level_Layout/Content/Alienboy/texture/shorts/1/T_Alienboy_shorts1_Normal.ubulk" 3378
"/Users/emmanuelwestfield/Desktop/New_Level_Layout/Content/Alienboy/texture/shorts/1/T_Alienboy_shorts1_BaseColor.uasset" 3379
"/Users/emmanuelwestfield/Desktop/New_Level_Layout/Content/Alienboy/texture/shorts/1/T_Alienboy_shorts1_BaseColor.uexp" 3380
"/Users/emmanuelwestfield/Desktop/New_Level_Layout/Content/Alienboy/texture/shorts/1/T_Alienboy_shorts1_BaseColor.ubulk" 3381
"/Users/emmanuelwestfield/Desktop/New_Level_Layout/Content/Alienboy/material/shorts/Mat_T_Alienboy_shorts1.uasset" 3382
"/Users/emmanuelwestfield/Desktop/New_Level_Layout/Content/Alienboy/material/shorts/Mat_T_Alienboy_shorts1.uexp" 3383
"/Users/emmanuelwestfield/Desktop/New_Level_Layout/Content/Alienboy/texture/head/5/T_Alienboy_head5_OcclusionRoughnessMetallic.uasset" 3384
"/Users/emmanuelwestfield/Desktop/New_Level_Layout/Content/Alienboy/texture/head/5/T_Alienboy_head5_OcclusionRoughnessMetallic.uexp" 3385
"/Users/emmanuelwestfield/Desktop/New_Level_Layout/Content/Alienboy/texture/head/5/T_Alienboy_head5_OcclusionRoughnessMetallic.ubulk" 3386
"/Users/emmanuelwestfield/Desktop/New_Level_Layout/Content/Alienboy/texture/head/5/T_Alienboy_head5_Normal.uasset" 3387
"/Users/emmanuelwestfield/Desktop/New_Level_Layout/Content/Alienboy/texture/head/5/T_Alienboy_head5_Normal.uexp" 3388
"/Users/emmanuelwestfield/Desktop/New_Level_Layout/Content/Alienboy/texture/head/5/T_Alienboy_head5_Normal.ubulk" 3389
"/Users/emmanuelwestfield/Desktop/New_Level_Layout/Content/Alienboy/texture/head/5/T_Alienboy_head5_BaseColor.uasset" 3390
"/Users/emmanuelwestfield/Desktop/New_Level_Layout/Content/Alienboy/texture/head/5/T_Alienboy_head5_BaseColor.uexp" 3391
"/Users/emmanuelwestfield/Desktop/New_Level_Layout/Content/Alienboy/texture/head/5/T_Alienboy_head5_BaseColor.ubulk" 3392
"/Users/emmanuelwestfield/Desktop/New_Level_Layout/Content/Alienboy/material/head/Mat_T_Alienboy_head5.uasset" 3393
"/Users/emmanuelwestfield/Desktop/New_Level_Layout/Content/Alienboy/material/head/Mat_T_Alienboy_head5.uexp" 3394
"/Users/emmanuelwestfield/Desktop/New_Level_Layout/Content/Alienboy/texture/head/4/T_Alienboy_head4_OcclusionRoughnessMetallic.uasset" 3395
"/Users/emmanuelwestfield/Desktop/New_Level_Layout/Content/Alienboy/texture/head/4/T_Alienboy_head4_OcclusionRoughnessMetallic.uexp" 3396
"/Users/emmanuelwestfield/Desktop/New_Level_Layout/Content/Alienboy/texture/head/4/T_Alienboy_head4_OcclusionRoughnessMetallic.ubulk" 3397
"/Users/emmanuelwestfield/Desktop/New_Level_Layout/Content/Alienboy/texture/head/4/T_Alienboy_head4_Normal.uasset" 3398
"/Users/emmanuelwestfield/Desktop/New_Level_Layout/Content/Alienboy/texture/head/4/T_Alienboy_head4_Normal.uexp" 3399
"/Users/emmanuelwestfield/Desktop/New_Level_Layout/Content/Alienboy/texture/head/4/T_Alienboy_head4_Normal.ubulk" 3400
"/Users/emmanuelwestfield/Desktop/New_Level_Layout/Content/Alienboy/texture/head/4/T_Alienboy_head4_BaseColor.uasset" 3401
"/Users/emmanuelwestfield/Desktop/New_Level_Layout/Content/Alienboy/texture/head/4/T_Alienboy_head4_BaseColor.uexp" 3402
"/Users/emmanuelwestfield/Desktop/New_Level_Layout/Content/Alienboy/texture/head/4/T_Alienboy_head4_BaseColor.ubulk" 3403
"/Users/emmanuelwestfield/Desktop/New_Level_Layout/Content/Alienboy/material/head/Mat_T_Alienboy_head4.uasset" 3404
"/Users/emmanuelwestfield/Desktop/New_Level_Layout/Content/Alienboy/material/head/Mat_T_Alienboy_head4.uexp" 3405
"/Users/emmanuelwestfield/Desktop/New_Level_Layout/Content/Alienboy/texture/head/3/T_Alienboy_head3_Normal.uasset" 3406
"/Users/emmanuelwestfield/Desktop/New_Level_Layout/Content/Alienboy/texture/head/3/T_Alienboy_head3_Normal.uexp" 3407
"/Users/emmanuelwestfield/Desktop/New_Level_Layout/Content/Alienboy/texture/head/3/T_Alienboy_head3_Normal.ubulk" 3408
"/Users/emmanuelwestfield/Desktop/New_Level_Layout/Content/Alienboy/texture/head/3/T_Alienboy_head3_BaseColor.uasset" 3409
"/Users/emmanuelwestfield/Desktop/New_Level_Layout/Content/Alienboy/texture/head/3/T_Alienboy_head3_BaseColor.uexp" 3410
"/Users/emmanuelwestfield/Desktop/New_Level_Layout/Content/Alienboy/texture/head/3/T_Alienboy_head3_BaseColor.ubulk" 3411
"/Users/emmanuelwestfield/Desktop/New_Level_Layout/Content/Alienboy/texture/head/3/T_Alienboy_head3_OcclusionRoughnessMetallic.uasset" 3412
"/Users/emmanuelwestfield/Desktop/New_Level_Layout/Content/Alienboy/texture/head/3/T_Alienboy_head3_OcclusionRoughnessMetallic.uexp" 3413
"/Users/emmanuelwestfield/Desktop/New_Level_Layout/Content/Alienboy/texture/head/3/T_Alienboy_head3_OcclusionRoughnessMetallic.ubulk" 3414
"/Users/emmanuelwestfield/Desktop/New_Level_Layout/Content/Alienboy/material/head/Mat_T_Alienboy_head3.uasset" 3415
"/Users/emmanuelwestfield/Desktop/New_Level_Layout/Content/Alienboy/material/head/Mat_T_Alienboy_head3.uexp" 3416
"/Users/emmanuelwestfield/Desktop/New_Level_Layout/Content/Alienboy/texture/head/2/T_Alienboy_head2_BaseColor.uasset" 3417
"/Users/emmanuelwestfield/Desktop/New_Level_Layout/Content/Alienboy/texture/head/2/T_Alienboy_head2_BaseColor.uexp" 3418
"/Users/emmanuelwestfield/Desktop/New_Level_Layout/Content/Alienboy/texture/head/2/T_Alienboy_head2_BaseColor.ubulk" 3419
"/Users/emmanuelwestfield/Desktop/New_Level_Layout/Content/Alienboy/texture/head/2/T_Alienboy_head2_Normal.uasset" 3420
"/Users/emmanuelwestfield/Desktop/New_Level_Layout/Content/Alienboy/texture/head/2/T_Alienboy_head2_Normal.uexp" 3421
"/Users/emmanuelwestfield/Desktop/New_Level_Layout/Content/Alienboy/texture/head/2/T_Alienboy_head2_Normal.ubulk" 3422
"/Users/emmanuelwestfield/Desktop/New_Level_Layout/Content/Alienboy/texture/head/2/T_Alienboy_head2_OcclusionRoughnessMetallic.uasset" 3423
"/Users/emmanuelwestfield/Desktop/New_Level_Layout/Content/Alienboy/texture/head/2/T_Alienboy_head2_OcclusionRoughnessMetallic.uexp" 3424
"/Users/emmanuelwestfield/Desktop/New_Level_Layout/Content/Alienboy/texture/head/2/T_Alienboy_head2_OcclusionRoughnessMetallic.ubulk" 3425
"/Users/emmanuelwestfield/Desktop/New_Level_Layout/Content/Alienboy/material/head/Mat_T_Alienboy_head2.uasset" 3426
"/Users/emmanuelwestfield/Desktop/New_Level_Layout/Content/Alienboy/material/head/Mat_T_Alienboy_head2.uexp" 3427
"/Users/emmanuelwestfield/Desktop/New_Level_Layout/Content/Alienboy/texture/floor/T_Alienboy_floor.uasset" 3428
"/Users/emmanuelwestfield/Desktop/New_Level_Layout/Content/Alienboy/texture/floor/T_Alienboy_floor.uexp" 3429
"/Users/emmanuelwestfield/Desktop/New_Level_Layout/Content/Alienboy/material/floor/Mat_T_Alienboy_floor.uasset" 3430
"/Users/emmanuelwestfield/Desktop/New_Level_Layout/Content/Alienboy/material/floor/Mat_T_Alienboy_floor.uexp" 3431
"/Users/emmanuelwestfield/Desktop/New_Level_Layout/Content/Alienboy/texture/cross/4/T_Alienboy_cross4_OcclusionRoughnessMetallic.uasset" 3432
"/Users/emmanuelwestfield/Desktop/New_Level_Layout/Content/Alienboy/texture/cross/4/T_Alienboy_cross4_OcclusionRoughnessMetallic.uexp" 3433
"/Users/emmanuelwestfield/Desktop/New_Level_Layout/Content/Alienboy/texture/cross/4/T_Alienboy_cross4_OcclusionRoughnessMetallic.ubulk" 3434
"/Users/emmanuelwestfield/Desktop/New_Level_Layout/Content/Alienboy/texture/cross/4/T_Alienboy_cross4_BaseColor.uasset" 3435
"/Users/emmanuelwestfield/Desktop/New_Level_Layout/Content/Alienboy/texture/cross/4/T_Alienboy_cross4_BaseColor.uexp" 3436
"/Users/emmanuelwestfield/Desktop/New_Level_Layout/Content/Alienboy/texture/cross/4/T_Alienboy_cross4_BaseColor.ubulk" 3437
"/Users/emmanuelwestfield/Desktop/New_Level_Layout/Content/Alienboy/texture/cross/4/T_Alienboy_cross4_Normal.uasset" 3438
"/Users/emmanuelwestfield/Desktop/New_Level_Layout/Content/Alienboy/texture/cross/4/T_Alienboy_cross4_Normal.uexp" 3439
"/Users/emmanuelwestfield/Desktop/New_Level_Layout/Content/Alienboy/texture/cross/4/T_Alienboy_cross4_Normal.ubulk" 3440
"/Users/emmanuelwestfield/Desktop/New_Level_Layout/Content/Alienboy/material/cross/Mat_T_Alienboy_cross4.uasset" 3441
"/Users/emmanuelwestfield/Desktop/New_Level_Layout/Content/Alienboy/material/cross/Mat_T_Alienboy_cross4.uexp" 3442
"/Users/emmanuelwestfield/Desktop/New_Level_Layout/Content/Alienboy/texture/cross/3/T_Alienboy_cross3_Normal.uasset" 3443
"/Users/emmanuelwestfield/Desktop/New_Level_Layout/Content/Alienboy/texture/cross/3/T_Alienboy_cross3_Normal.uexp" 3444
"/Users/emmanuelwestfield/Desktop/New_Level_Layout/Content/Alienboy/texture/cross/3/T_Alienboy_cross3_Normal.ubulk" 3445
"/Users/emmanuelwestfield/Desktop/New_Level_Layout/Content/Alienboy/texture/cross/3/T_Alienboy_cross3_OcclusionRoughnessMetallic.uasset" 3446
"/Users/emmanuelwestfield/Desktop/New_Level_Layout/Content/Alienboy/texture/cross/3/T_Alienboy_cross3_OcclusionRoughnessMetallic.uexp" 3447
"/Users/emmanuelwestfield/Desktop/New_Level_Layout/Content/Alienboy/texture/cross/3/T_Alienboy_cross3_OcclusionRoughnessMetallic.ubulk" 3448
"/Users/emmanuelwestfield/Desktop/New_Level_Layout/Content/Alienboy/texture/cross/3/T_Alienboy_cross3_BaseColor.uasset" 3449
"/Users/emmanuelwestfield/Desktop/New_Level_Layout/Content/Alienboy/texture/cross/3/T_Alienboy_cross3_BaseColor.uexp" 3450
"/Users/emmanuelwestfield/Desktop/New_Level_Layout/Content/Alienboy/texture/cross/3/T_Alienboy_cross3_BaseColor.ubulk" 3451
"/Users/emmanuelwestfield/Desktop/New_Level_Layout/Content/Alienboy/material/cross/Mat_T_Alienboy_cross3.uasset" 3452
"/Users/emmanuelwestfield/Desktop/New_Level_Layout/Content/Alienboy/material/cross/Mat_T_Alienboy_cross3.uexp" 3453
"/Users/emmanuelwestfield/Desktop/New_Level_Layout/Content/Alienboy/texture/cross/2/T_Alienboy_cross2_BaseColor.uasset" 3454
"/Users/emmanuelwestfield/Desktop/New_Level_Layout/Content/Alienboy/texture/cross/2/T_Alienboy_cross2_BaseColor.uexp" 3455
"/Users/emmanuelwestfield/Desktop/New_Level_Layout/Content/Alienboy/texture/cross/2/T_Alienboy_cross2_BaseColor.ubulk" 3456
"/Users/emmanuelwestfield/Desktop/New_Level_Layout/Content/Alienboy/texture/cross/2/T_Alienboy_cross2_Normal.uasset" 3457
"/Users/emmanuelwestfield/Desktop/New_Level_Layout/Content/Alienboy/texture/cross/2/T_Alienboy_cross2_Normal.uexp" 3458
"/Users/emmanuelwestfield/Desktop/New_Level_Layout/Content/Alienboy/texture/cross/2/T_Alienboy_cross2_Normal.ubulk" 3459
"/Users/emmanuelwestfield/Desktop/New_Level_Layout/Content/Alienboy/texture/cross/2/T_Alienboy_cross2_OcclusionRoughnessMetallic.uasset" 3460
"/Users/emmanuelwestfield/Desktop/New_Level_Layout/Content/Alienboy/texture/cross/2/T_Alienboy_cross2_OcclusionRoughnessMetallic.uexp" 3461
"/Users/emmanuelwestfield/Desktop/New_Level_Layout/Content/Alienboy/texture/cross/2/T_Alienboy_cross2_OcclusionRoughnessMetallic.ubulk" 3462
"/Users/emmanuelwestfield/Desktop/New_Level_Layout/Content/Alienboy/material/cross/Mat_T_Alienboy_cross2.uasset" 3463
"/Users/emmanuelwestfield/Desktop/New_Level_Layout/Content/Alienboy/material/cross/Mat_T_Alienboy_cross2.uexp" 3464
"/Users/emmanuelwestfield/Desktop/New_Level_Layout/Content/Alienboy/texture/cap/5/T_Alienboy_cap5_OcclusionRoughnessMetallic.uasset" 3465
"/Users/emmanuelwestfield/Desktop/New_Level_Layout/Content/Alienboy/texture/cap/5/T_Alienboy_cap5_OcclusionRoughnessMetallic.uexp" 3466
"/Users/emmanuelwestfield/Desktop/New_Level_Layout/Content/Alienboy/texture/cap/5/T_Alienboy_cap5_OcclusionRoughnessMetallic.ubulk" 3467
"/Users/emmanuelwestfield/Desktop/New_Level_Layout/Content/Alienboy/texture/cap/5/T_Alienboy_cap5_Normal.uasset" 3468
"/Users/emmanuelwestfield/Desktop/New_Level_Layout/Content/Alienboy/texture/cap/5/T_Alienboy_cap5_Normal.uexp" 3469
"/Users/emmanuelwestfield/Desktop/New_Level_Layout/Content/Alienboy/texture/cap/5/T_Alienboy_cap5_Normal.ubulk" 3470
"/Users/emmanuelwestfield/Desktop/New_Level_Layout/Content/Alienboy/texture/cap/5/T_Alienboy_cap5_BaseColor.uasset" 3471
"/Users/emmanuelwestfield/Desktop/New_Level_Layout/Content/Alienboy/texture/cap/5/T_Alienboy_cap5_BaseColor.uexp" 3472
"/Users/emmanuelwestfield/Desktop/New_Level_Layout/Content/Alienboy/texture/cap/5/T_Alienboy_cap5_BaseColor.ubulk" 3473
"/Users/emmanuelwestfield/Desktop/New_Level_Layout/Content/Alienboy/material/cap/Mat_T_Alienboy_cap5.uasset" 3474
"/Users/emmanuelwestfield/Desktop/New_Level_Layout/Content/Alienboy/material/cap/Mat_T_Alienboy_cap5.uexp" 3475
"/Users/emmanuelwestfield/Desktop/New_Level_Layout/Content/Alienboy/texture/cap/4/T_Alienboy_cap4_OcclusionRoughnessMetallic.uasset" 3476
"/Users/emmanuelwestfield/Desktop/New_Level_Layout/Content/Alienboy/texture/cap/4/T_Alienboy_cap4_OcclusionRoughnessMetallic.uexp" 3477
"/Users/emmanuelwestfield/Desktop/New_Level_Layout/Content/Alienboy/texture/cap/4/T_Alienboy_cap4_OcclusionRoughnessMetallic.ubulk" 3478
"/Users/emmanuelwestfield/Desktop/New_Level_Layout/Content/Alienboy/texture/cap/4/T_Alienboy_cap4_Normal.uasset" 3479
"/Users/emmanuelwestfield/Desktop/New_Level_Layout/Content/Alienboy/texture/cap/4/T_Alienboy_cap4_Normal.uexp" 3480
"/Users/emmanuelwestfield/Desktop/New_Level_Layout/Content/Alienboy/texture/cap/4/T_Alienboy_cap4_Normal.ubulk" 3481
"/Users/emmanuelwestfield/Desktop/New_Level_Layout/Content/Alienboy/texture/cap/4/T_Alienboy_cap4_BaseColor.uasset" 3482
"/Users/emmanuelwestfield/Desktop/New_Level_Layout/Content/Alienboy/texture/cap/4/T_Alienboy_cap4_BaseColor.uexp" 3483
"/Users/emmanuelwestfield/Desktop/New_Level_Layout/Content/Alienboy/texture/cap/4/T_Alienboy_cap4_BaseColor.ubulk" 3484
"/Users/emmanuelwestfield/Desktop/New_Level_Layout/Content/Alienboy/material/cap/Mat_T_Alienboy_cap4.uasset" 3485
"/Users/emmanuelwestfield/Desktop/New_Level_Layout/Content/Alienboy/material/cap/Mat_T_Alienboy_cap4.uexp" 3486
"/Users/emmanuelwestfield/Desktop/New_Level_Layout/Content/Alienboy/texture/cap/3/T_Alienboy_cap3_BaseColor.uasset" 3487
"/Users/emmanuelwestfield/Desktop/New_Level_Layout/Content/Alienboy/texture/cap/3/T_Alienboy_cap3_BaseColor.uexp" 3488
"/Users/emmanuelwestfield/Desktop/New_Level_Layout/Content/Alienboy/texture/cap/3/T_Alienboy_cap3_BaseColor.ubulk" 3489
"/Users/emmanuelwestfield/Desktop/New_Level_Layout/Content/Alienboy/texture/cap/3/T_Alienboy_cap3_Normal.uasset" 3490
"/Users/emmanuelwestfield/Desktop/New_Level_Layout/Content/Alienboy/texture/cap/3/T_Alienboy_cap3_Normal.uexp" 3491
"/Users/emmanuelwestfield/Desktop/New_Level_Layout/Content/Alienboy/texture/cap/3/T_Alienboy_cap3_Normal.ubulk" 3492
"/Users/emmanuelwestfield/Desktop/New_Level_Layout/Content/Alienboy/texture/cap/3/T_Alienboy_cap3_OcclusionRoughnessMetallic.uasset" 3493
"/Users/emmanuelwestfield/Desktop/New_Level_Layout/Content/Alienboy/texture/cap/3/T_Alienboy_cap3_OcclusionRoughnessMetallic.uexp" 3494
"/Users/emmanuelwestfield/Desktop/New_Level_Layout/Content/Alienboy/texture/cap/3/T_Alienboy_cap3_OcclusionRoughnessMetallic.ubulk" 3495
"/Users/emmanuelwestfield/Desktop/New_Level_Layout/Content/Alienboy/material/cap/Mat_T_Alienboy_cap3.uasset" 3496
"/Users/emmanuelwestfield/Desktop/New_Level_Layout/Content/Alienboy/material/cap/Mat_T_Alienboy_cap3.uexp" 3497
"/Users/emmanuelwestfield/Desktop/New_Level_Layout/Content/Alienboy/texture/cap/2/T_Alienboy_cap2_BaseColor.uasset" 3498
"/Users/emmanuelwestfield/Desktop/New_Level_Layout/Content/Alienboy/texture/cap/2/T_Alienboy_cap2_BaseColor.uexp" 3499
"/Users/emmanuelwestfield/Desktop/New_Level_Layout/Content/Alienboy/texture/cap/2/T_Alienboy_cap2_BaseColor.ubulk" 3500
"/Users/emmanuelwestfield/Desktop/New_Level_Layout/Content/Alienboy/texture/cap/2/T_Alienboy_cap2_Normal.uasset" 3501
"/Users/emmanuelwestfield/Desktop/New_Level_Layout/Content/Alienboy/texture/cap/2/T_Alienboy_cap2_Normal.uexp" 3502
"/Users/emmanuelwestfield/Desktop/New_Level_Layout/Content/Alienboy/texture/cap/2/T_Alienboy_cap2_Normal.ubulk" 3503
"/Users/emmanuelwestfield/Desktop/New_Level_Layout/Content/Alienboy/texture/cap/2/T_Alienboy_cap2_OcclusionRoughnessMetallic.uasset" 3504
"/Users/emmanuelwestfield/Desktop/New_Level_Layout/Content/Alienboy/texture/cap/2/T_Alienboy_cap2_OcclusionRoughnessMetallic.uexp" 3505
"/Users/emmanuelwestfield/Desktop/New_Level_Layout/Content/Alienboy/texture/cap/2/T_Alienboy_cap2_OcclusionRoughnessMetallic.ubulk" 3506
"/Users/emmanuelwestfield/Desktop/New_Level_Layout/Content/Alienboy/material/cap/Mat_T_Alienboy_cap2.uasset" 3507
"/Users/emmanuelwestfield/Desktop/New_Level_Layout/Content/Alienboy/material/cap/Mat_T_Alienboy_cap2.uexp" 3508
"/Users/emmanuelwestfield/Desktop/New_Level_Layout/Content/Alienboy/texture/body/5/T_Alienboy_body5_Normal.uasset" 3509
"/Users/emmanuelwestfield/Desktop/New_Level_Layout/Content/Alienboy/texture/body/5/T_Alienboy_body5_Normal.uexp" 3510
"/Users/emmanuelwestfield/Desktop/New_Level_Layout/Content/Alienboy/texture/body/5/T_Alienboy_body5_Normal.ubulk" 3511
"/Users/emmanuelwestfield/Desktop/New_Level_Layout/Content/Alienboy/texture/body/5/T_Alienboy_body5_BaseColor.uasset" 3512
"/Users/emmanuelwestfield/Desktop/New_Level_Layout/Content/Alienboy/texture/body/5/T_Alienboy_body5_BaseColor.uexp" 3513
"/Users/emmanuelwestfield/Desktop/New_Level_Layout/Content/Alienboy/texture/body/5/T_Alienboy_body5_BaseColor.ubulk" 3514
"/Users/emmanuelwestfield/Desktop/New_Level_Layout/Content/Alienboy/texture/body/5/T_Alienboy_body5_OcclusionRoughnessMetallic.uasset" 3515
"/Users/emmanuelwestfield/Desktop/New_Level_Layout/Content/Alienboy/texture/body/5/T_Alienboy_body5_OcclusionRoughnessMetallic.uexp" 3516
"/Users/emmanuelwestfield/Desktop/New_Level_Layout/Content/Alienboy/texture/body/5/T_Alienboy_body5_OcclusionRoughnessMetallic.ubulk" 3517
"/Users/emmanuelwestfield/Desktop/New_Level_Layout/Content/Alienboy/material/body/Mat_T_Alienboy_body5.uasset" 3518
"/Users/emmanuelwestfield/Desktop/New_Level_Layout/Content/Alienboy/material/body/Mat_T_Alienboy_body5.uexp" 3519
"/Users/emmanuelwestfield/Desktop/New_Level_Layout/Content/Alienboy/texture/body/4/T_Alienboy_body4_Normal.uasset" 3520
"/Users/emmanuelwestfield/Desktop/New_Level_Layout/Content/Alienboy/texture/body/4/T_Alienboy_body4_Normal.uexp" 3521
"/Users/emmanuelwestfield/Desktop/New_Level_Layout/Content/Alienboy/texture/body/4/T_Alienboy_body4_Normal.ubulk" 3522
"/Users/emmanuelwestfield/Desktop/New_Level_Layout/Content/Alienboy/texture/body/4/T_Alienboy_body4_OcclusionRoughnessMetallic.uasset" 3523
"/Users/emmanuelwestfield/Desktop/New_Level_Layout/Content/Alienboy/texture/body/4/T_Alienboy_body4_OcclusionRoughnessMetallic.uexp" 3524
"/Users/emmanuelwestfield/Desktop/New_Level_Layout/Content/Alienboy/texture/body/4/T_Alienboy_body4_OcclusionRoughnessMetallic.ubulk" 3525
"/Users/emmanuelwestfield/Desktop/New_Level_Layout/Content/Alienboy/texture/body/4/T_Alienboy_body4_BaseColor.uasset" 3526
"/Users/emmanuelwestfield/Desktop/New_Level_Layout/Content/Alienboy/texture/body/4/T_Alienboy_body4_BaseColor.uexp" 3527
"/Users/emmanuelwestfield/Desktop/New_Level_Layout/Content/Alienboy/texture/body/4/T_Alienboy_body4_BaseColor.ubulk" 3528
"/Users/emmanuelwestfield/Desktop/New_Level_Layout/Content/Alienboy/material/body/Mat_T_Alienboy_body4.uasset" 3529
"/Users/emmanuelwestfield/Desktop/New_Level_Layout/Content/Alienboy/material/body/Mat_T_Alienboy_body4.uexp" 3530
"/Users/emmanuelwestfield/Desktop/New_Level_Layout/Content/Alienboy/texture/body/3/T_Alienboy_body3_BaseColor.uasset" 3531
"/Users/emmanuelwestfield/Desktop/New_Level_Layout/Content/Alienboy/texture/body/3/T_Alienboy_body3_BaseColor.uexp" 3532
"/Users/emmanuelwestfield/Desktop/New_Level_Layout/Content/Alienboy/texture/body/3/T_Alienboy_body3_BaseColor.ubulk" 3533
"/Users/emmanuelwestfield/Desktop/New_Level_Layout/Content/Alienboy/texture/body/3/T_Alienboy_body3_OcclusionRoughnessMetallic.uasset" 3534
"/Users/emmanuelwestfield/Desktop/New_Level_Layout/Content/Alienboy/texture/body/3/T_Alienboy_body3_OcclusionRoughnessMetallic.uexp" 3535
"/Users/emmanuelwestfield/Desktop/New_Level_Layout/Content/Alienboy/texture/body/3/T_Alienboy_body3_OcclusionRoughnessMetallic.ubulk" 3536
"/Users/emmanuelwestfield/Desktop/New_Level_Layout/Content/Alienboy/texture/body/3/T_Alienboy_body3_Normal.uasset" 3537
"/Users/emmanuelwestfield/Desktop/New_Level_Layout/Content/Alienboy/texture/body/3/T_Alienboy_body3_Normal.uexp" 3538
"/Users/emmanuelwestfield/Desktop/New_Level_Layout/Content/Alienboy/texture/body/3/T_Alienboy_body3_Normal.ubulk" 3539
"/Users/emmanuelwestfield/Desktop/New_Level_Layout/Content/Alienboy/material/body/Mat_T_Alienboy_body3.uasset" 3540
"/Users/emmanuelwestfield/Desktop/New_Level_Layout/Content/Alienboy/material/body/Mat_T_Alienboy_body3.uexp" 3541
"/Users/emmanuelwestfield/Desktop/New_Level_Layout/Content/Alienboy/texture/body/2/T_Alienboy_body2_Normal.uasset" 3542
"/Users/emmanuelwestfield/Desktop/New_Level_Layout/Content/Alienboy/texture/body/2/T_Alienboy_body2_Normal.uexp" 3543
"/Users/emmanuelwestfield/Desktop/New_Level_Layout/Content/Alienboy/texture/body/2/T_Alienboy_body2_Normal.ubulk" 3544
"/Users/emmanuelwestfield/Desktop/New_Level_Layout/Content/Alienboy/texture/body/2/T_Alienboy_body2_BaseColor.uasset" 3545
"/Users/emmanuelwestfield/Desktop/New_Level_Layout/Content/Alienboy/texture/body/2/T_Alienboy_body2_BaseColor.uexp" 3546
"/Users/emmanuelwestfield/Desktop/New_Level_Layout/Content/Alienboy/texture/body/2/T_Alienboy_body2_BaseColor.ubulk" 3547
"/Users/emmanuelwestfield/Desktop/New_Level_Layout/Content/Alienboy/texture/body/2/T_Alienboy_body2_OcclusionRoughnessMetallic.uasset" 3548
"/Users/emmanuelwestfield/Desktop/New_Level_Layout/Content/Alienboy/texture/body/2/T_Alienboy_body2_OcclusionRoughnessMetallic.uexp" 3549
"/Users/emmanuelwestfield/Desktop/New_Level_Layout/Content/Alienboy/texture/body/2/T_Alienboy_body2_OcclusionRoughnessMetallic.ubulk" 3550
"/Users/emmanuelwestfield/Desktop/New_Level_Layout/Content/Alienboy/material/body/Mat_T_Alienboy_body2.uasset" 3551
"/Users/emmanuelwestfield/Desktop/New_Level_Layout/Content/Alienboy/material/body/Mat_T_Alienboy_body2.uexp" 3552
"/Users/emmanuelwestfield/Desktop/New_Level_Layout/Content/Alienboy/texture/cross/5/T_Alienboy_cross5_OcclusionRoughnessMetallic.uasset" 3553
"/Users/emmanuelwestfield/Desktop/New_Level_Layout/Content/Alienboy/texture/cross/5/T_Alienboy_cross5_OcclusionRoughnessMetallic.uexp" 3554
"/Users/emmanuelwestfield/Desktop/New_Level_Layout/Content/Alienboy/texture/cross/5/T_Alienboy_cross5_OcclusionRoughnessMetallic.ubulk" 3555
"/Users/emmanuelwestfield/Desktop/New_Level_Layout/Content/Alienboy/texture/cross/5/T_Alienboy_cross5_BaseColor.uasset" 3556
"/Users/emmanuelwestfield/Desktop/New_Level_Layout/Content/Alienboy/texture/cross/5/T_Alienboy_cross5_BaseColor.uexp" 3557
"/Users/emmanuelwestfield/Desktop/New_Level_Layout/Content/Alienboy/texture/cross/5/T_Alienboy_cross5_BaseColor.ubulk" 3558
"/Users/emmanuelwestfield/Desktop/New_Level_Layout/Content/Alienboy/texture/cross/5/T_Alienboy_cross5_Normal.uasset" 3559
"/Users/emmanuelwestfield/Desktop/New_Level_Layout/Content/Alienboy/texture/cross/5/T_Alienboy_cross5_Normal.uexp" 3560
"/Users/emmanuelwestfield/Desktop/New_Level_Layout/Content/Alienboy/texture/cross/5/T_Alienboy_cross5_Normal.ubulk" 3561
"/Users/emmanuelwestfield/Desktop/New_Level_Layout/Content/Alienboy/material/cross/Mat_T_Alienboy_cross5.uasset" 3562
"/Users/emmanuelwestfield/Desktop/New_Level_Layout/Content/Alienboy/material/cross/Mat_T_Alienboy_cross5.uexp" 3563
"/Users/emmanuelwestfield/Desktop/New_Level_Layout/Content/Alienboy/Maps/ThirdPersonExampleMap_BuiltData.uasset" 3564
"/Users/emmanuelwestfield/Desktop/New_Level_Layout/Content/Alienboy/Maps/ThirdPersonExampleMap_BuiltData.uexp" 3565
"/Users/emmanuelwestfield/Desktop/New_Level_Layout/Content/Alienboy/Maps/ThirdPersonExampleMap_BuiltData.ubulk" 3566
"/Users/emmanuelwestfield/Desktop/New_Level_Layout/Content/Alienboy/Demo/StarterContent/Architecture/Wall_400x400.uasset" 3567
"/Users/emmanuelwestfield/Desktop/New_Level_Layout/Content/Alienboy/Demo/StarterContent/Architecture/Wall_400x400.uexp" 3568
"/Users/emmanuelwestfield/Desktop/New_Level_Layout/Content/Alienboy/Maps/ThirdPersonExampleMap.uexp" 3569
"/Users/emmanuelwestfield/Desktop/New_Level_Layout/Content/Alienboy/Maps/ThirdPersonExampleMap.umap" 3570
"/Users/emmanuelwestfield/Desktop/New_Level_Layout/Content/Toony_Tiny_Citizens/Textures/T_Citizens_B.uasset" 3571
"/Users/emmanuelwestfield/Desktop/New_Level_Layout/Content/Toony_Tiny_Citizens/Textures/T_Citizens_B.uexp" 3572
"/Users/emmanuelwestfield/Desktop/New_Level_Layout/Content/Toony_Tiny_Citizens/Textures/T_Citizens_B.ubulk" 3573
"/Users/emmanuelwestfield/Desktop/New_Level_Layout/Content/Toony_Tiny_Citizens/Materials/M_Citizens_B.uasset" 3574
"/Users/emmanuelwestfield/Desktop/New_Level_Layout/Content/Toony_Tiny_Citizens/Materials/M_Citizens_B.uexp" 3575
"/Users/emmanuelwestfield/Desktop/New_Level_Layout/Content/Toony_Tiny_Citizens/Meshes/Prebuilt_Characters/SK_Male29.uasset" 3576
"/Users/emmanuelwestfield/Desktop/New_Level_Layout/Content/Toony_Tiny_Citizens/Meshes/Prebuilt_Characters/SK_Male29.uexp" 3577
"/Users/emmanuelwestfield/Desktop/New_Level_Layout/Content/Toony_Tiny_Citizens/Meshes/Prebuilt_Characters/SK_Male28.uasset" 3578
"/Users/emmanuelwestfield/Desktop/New_Level_Layout/Content/Toony_Tiny_Citizens/Meshes/Prebuilt_Characters/SK_Male28.uexp" 3579
"/Users/emmanuelwestfield/Desktop/New_Level_Layout/Content/Toony_Tiny_Citizens/Meshes/Prebuilt_Characters/SK_Male27.uasset" 3580
"/Users/emmanuelwestfield/Desktop/New_Level_Layout/Content/Toony_Tiny_Citizens/Meshes/Prebuilt_Characters/SK_Male27.uexp" 3581
"/Users/emmanuelwestfield/Desktop/New_Level_Layout/Content/Toony_Tiny_Citizens/Meshes/Prebuilt_Characters/SK_Male26.uasset" 3582
"/Users/emmanuelwestfield/Desktop/New_Level_Layout/Content/Toony_Tiny_Citizens/Meshes/Prebuilt_Characters/SK_Male26.uexp" 3583
"/Users/emmanuelwestfield/Desktop/New_Level_Layout/Content/Toony_Tiny_Citizens/Meshes/Prebuilt_Characters/SK_Male25.uasset" 3584
"/Users/emmanuelwestfield/Desktop/New_Level_Layout/Content/Toony_Tiny_Citizens/Meshes/Prebuilt_Characters/SK_Male25.uexp" 3585
"/Users/emmanuelwestfield/Desktop/New_Level_Layout/Content/Toony_Tiny_Citizens/Meshes/Prebuilt_Characters/SK_Male24.uasset" 3586
"/Users/emmanuelwestfield/Desktop/New_Level_Layout/Content/Toony_Tiny_Citizens/Meshes/Prebuilt_Characters/SK_Male24.uexp" 3587
"/Users/emmanuelwestfield/Desktop/New_Level_Layout/Content/Toony_Tiny_Citizens/Meshes/Prebuilt_Characters/SK_Male23.uasset" 3588
"/Users/emmanuelwestfield/Desktop/New_Level_Layout/Content/Toony_Tiny_Citizens/Meshes/Prebuilt_Characters/SK_Male23.uexp" 3589
"/Users/emmanuelwestfield/Desktop/New_Level_Layout/Content/Toony_Tiny_Citizens/Meshes/Prebuilt_Characters/SK_Male22.uasset" 3590
"/Users/emmanuelwestfield/Desktop/New_Level_Layout/Content/Toony_Tiny_Citizens/Meshes/Prebuilt_Characters/SK_Male22.uexp" 3591
"/Users/emmanuelwestfield/Desktop/New_Level_Layout/Content/Toony_Tiny_Citizens/Meshes/Prebuilt_Characters/SK_Male21.uasset" 3592
"/Users/emmanuelwestfield/Desktop/New_Level_Layout/Content/Toony_Tiny_Citizens/Meshes/Prebuilt_Characters/SK_Male21.uexp" 3593
"/Users/emmanuelwestfield/Desktop/New_Level_Layout/Content/Toony_Tiny_Citizens/Meshes/Prebuilt_Characters/SK_Male20.uasset" 3594
"/Users/emmanuelwestfield/Desktop/New_Level_Layout/Content/Toony_Tiny_Citizens/Meshes/Prebuilt_Characters/SK_Male20.uexp" 3595
"/Users/emmanuelwestfield/Desktop/New_Level_Layout/Content/Toony_Tiny_Citizens/Meshes/Prebuilt_Characters/SK_Male19.uasset" 3596
"/Users/emmanuelwestfield/Desktop/New_Level_Layout/Content/Toony_Tiny_Citizens/Meshes/Prebuilt_Characters/SK_Male19.uexp" 3597
"/Users/emmanuelwestfield/Desktop/New_Level_Layout/Content/Toony_Tiny_Citizens/Meshes/Prebuilt_Characters/SK_Male18.uasset" 3598
"/Users/emmanuelwestfield/Desktop/New_Level_Layout/Content/Toony_Tiny_Citizens/Meshes/Prebuilt_Characters/SK_Male18.uexp" 3599
"/Users/emmanuelwestfield/Desktop/New_Level_Layout/Content/Toony_Tiny_Citizens/Meshes/Prebuilt_Characters/SK_Male17.uasset" 3600
"/Users/emmanuelwestfield/Desktop/New_Level_Layout/Content/Toony_Tiny_Citizens/Meshes/Prebuilt_Characters/SK_Male17.uexp" 3601
"/Users/emmanuelwestfield/Desktop/New_Level_Layout/Content/Toony_Tiny_Citizens/Meshes/Prebuilt_Characters/SK_Male16.uasset" 3602
"/Users/emmanuelwestfield/Desktop/New_Level_Layout/Content/Toony_Tiny_Citizens/Meshes/Prebuilt_Characters/SK_Male16.uexp" 3603
"/Users/emmanuelwestfield/Desktop/New_Level_Layout/Content/Toony_Tiny_Citizens/Meshes/Prebuilt_Characters/SK_Male15.uasset" 3604
"/Users/emmanuelwestfield/Desktop/New_Level_Layout/Content/Toony_Tiny_Citizens/Meshes/Prebuilt_Characters/SK_Male15.uexp" 3605
"/Users/emmanuelwestfield/Desktop/New_Level_Layout/Content/Toony_Tiny_Citizens/Meshes/Prebuilt_Characters/SK_Male14.uasset" 3606
"/Users/emmanuelwestfield/Desktop/New_Level_Layout/Content/Toony_Tiny_Citizens/Meshes/Prebuilt_Characters/SK_Male14.uexp" 3607
"/Users/emmanuelwestfield/Desktop/New_Level_Layout/Content/Toony_Tiny_Citizens/Meshes/Prebuilt_Characters/SK_Male13.uasset" 3608
"/Users/emmanuelwestfield/Desktop/New_Level_Layout/Content/Toony_Tiny_Citizens/Meshes/Prebuilt_Characters/SK_Male13.uexp" 3609
"/Users/emmanuelwestfield/Desktop/New_Level_Layout/Content/Toony_Tiny_Citizens/Meshes/Prebuilt_Characters/SK_Male12.uasset" 3610
"/Users/emmanuelwestfield/Desktop/New_Level_Layout/Content/Toony_Tiny_Citizens/Meshes/Prebuilt_Characters/SK_Male12.uexp" 3611
"/Users/emmanuelwestfield/Desktop/New_Level_Layout/Content/Toony_Tiny_Citizens/Meshes/Prebuilt_Characters/SK_Male11.uasset" 3612
"/Users/emmanuelwestfield/Desktop/New_Level_Layout/Content/Toony_Tiny_Citizens/Meshes/Prebuilt_Characters/SK_Male11.uexp" 3613
"/Users/emmanuelwestfield/Desktop/New_Level_Layout/Content/Toony_Tiny_Citizens/Meshes/Prebuilt_Characters/SK_Male10.uasset" 3614
"/Users/emmanuelwestfield/Desktop/New_Level_Layout/Content/Toony_Tiny_Citizens/Meshes/Prebuilt_Characters/SK_Male10.uexp" 3615
"/Users/emmanuelwestfield/Desktop/New_Level_Layout/Content/Toony_Tiny_Citizens/Meshes/Prebuilt_Characters/SK_Male08.uasset" 3616
"/Users/emmanuelwestfield/Desktop/New_Level_Layout/Content/Toony_Tiny_Citizens/Meshes/Prebuilt_Characters/SK_Male08.uexp" 3617
"/Users/emmanuelwestfield/Desktop/New_Level_Layout/Content/Toony_Tiny_Citizens/Meshes/Prebuilt_Characters/SK_Male07.uasset" 3618
"/Users/emmanuelwestfield/Desktop/New_Level_Layout/Content/Toony_Tiny_Citizens/Meshes/Prebuilt_Characters/SK_Male07.uexp" 3619
"/Users/emmanuelwestfield/Desktop/New_Level_Layout/Content/Toony_Tiny_Citizens/Meshes/Prebuilt_Characters/SK_Male06.uasset" 3620
"/Users/emmanuelwestfield/Desktop/New_Level_Layout/Content/Toony_Tiny_Citizens/Meshes/Prebuilt_Characters/SK_Male06.uexp" 3621
"/Users/emmanuelwestfield/Desktop/New_Level_Layout/Content/Toony_Tiny_Citizens/Meshes/Prebuilt_Characters/SK_Male05.uasset" 3622
"/Users/emmanuelwestfield/Desktop/New_Level_Layout/Content/Toony_Tiny_Citizens/Meshes/Prebuilt_Characters/SK_Male05.uexp" 3623
"/Users/emmanuelwestfield/Desktop/New_Level_Layout/Content/Toony_Tiny_Citizens/Meshes/Prebuilt_Characters/SK_Male04.uasset" 3624
"/Users/emmanuelwestfield/Desktop/New_Level_Layout/Content/Toony_Tiny_Citizens/Meshes/Prebuilt_Characters/SK_Male04.uexp" 3625
"/Users/emmanuelwestfield/Desktop/New_Level_Layout/Content/Toony_Tiny_Citizens/Meshes/Prebuilt_Characters/SK_Male03.uasset" 3626
"/Users/emmanuelwestfield/Desktop/New_Level_Layout/Content/Toony_Tiny_Citizens/Meshes/Prebuilt_Characters/SK_Male03.uexp" 3627
"/Users/emmanuelwestfield/Desktop/New_Level_Layout/Content/Toony_Tiny_Citizens/Meshes/Prebuilt_Characters/SK_Male02.uasset" 3628
"/Users/emmanuelwestfield/Desktop/New_Level_Layout/Content/Toony_Tiny_Citizens/Meshes/Prebuilt_Characters/SK_Male02.uexp" 3629
"/Users/emmanuelwestfield/Desktop/New_Level_Layout/Content/Toony_Tiny_Citizens/Meshes/Prebuilt_Characters/SK_Male01.uasset" 3630
"/Users/emmanuelwestfield/Desktop/New_Level_Layout/Content/Toony_Tiny_Citizens/Meshes/Prebuilt_Characters/SK_Male01.uexp" 3631
"../../../Engine/Content/MapTemplates/SM_Template_Map_Floor.uasset" 3632
"../../../Engine/Content/MapTemplates/SM_Template_Map_Floor.uexp" 3633
"/Users/emmanuelwestfield/Desktop/New_Level_Layout/Content/Toony_Tiny_Citizens/Materials/M_Floor.uasset" 3634
"/Users/emmanuelwestfield/Desktop/New_Level_Layout/Content/Toony_Tiny_Citizens/Materials/M_Floor.uexp" 3635
"/Users/emmanuelwestfield/Desktop/New_Level_Layout/Content/Toony_Tiny_Citizens/Maps/Males_Map_BuiltData.uasset" 3636
"/Users/emmanuelwestfield/Desktop/New_Level_Layout/Content/Toony_Tiny_Citizens/Maps/Males_Map_BuiltData.uexp" 3637
"/Users/emmanuelwestfield/Desktop/New_Level_Layout/Content/Toony_Tiny_Citizens/Meshes/Prebuilt_Characters/SK_Male09.uasset" 3638
"/Users/emmanuelwestfield/Desktop/New_Level_Layout/Content/Toony_Tiny_Citizens/Meshes/Prebuilt_Characters/SK_Male09.uexp" 3639
"/Users/emmanuelwestfield/Desktop/New_Level_Layout/Content/Toony_Tiny_Citizens/Meshes/Character_Parts/Males/m_head_add_glasses_B.uasset" 3640
"/Users/emmanuelwestfield/Desktop/New_Level_Layout/Content/Toony_Tiny_Citizens/Meshes/Character_Parts/Males/m_head_add_glasses_B.uexp" 3641
"/Users/emmanuelwestfield/Desktop/New_Level_Layout/Content/Toony_Tiny_Citizens/Meshes/Character_Parts/Males/m_head_66_punk_E.uasset" 3642
"/Users/emmanuelwestfield/Desktop/New_Level_Layout/Content/Toony_Tiny_Citizens/Meshes/Character_Parts/Males/m_head_66_punk_E.uexp" 3643
"/Users/emmanuelwestfield/Desktop/New_Level_Layout/Content/Toony_Tiny_Citizens/Meshes/Character_Parts/Males/m_Body_27_bandit.uasset" 3644
"/Users/emmanuelwestfield/Desktop/New_Level_Layout/Content/Toony_Tiny_Citizens/Meshes/Character_Parts/Males/m_Body_27_bandit.uexp" 3645
"/Users/emmanuelwestfield/Desktop/New_Level_Layout/Content/Toony_Tiny_Citizens/Meshes/Weapons/SM_handgun.uasset" 3646
"/Users/emmanuelwestfield/Desktop/New_Level_Layout/Content/Toony_Tiny_Citizens/Meshes/Weapons/SM_handgun.uexp" 3647
"/Users/emmanuelwestfield/Desktop/New_Level_Layout/Content/Toony_Tiny_Citizens/Meshes/Weapons/SM_batton.uasset" 3648
"/Users/emmanuelwestfield/Desktop/New_Level_Layout/Content/Toony_Tiny_Citizens/Meshes/Weapons/SM_batton.uexp" 3649
"/Users/emmanuelwestfield/Desktop/New_Level_Layout/Content/Toony_Tiny_Citizens/Animations/Male/Anim_m_idle_A.uasset" 3650
"/Users/emmanuelwestfield/Desktop/New_Level_Layout/Content/Toony_Tiny_Citizens/Animations/Male/Anim_m_idle_A.uexp" 3651
"/Users/emmanuelwestfield/Desktop/New_Level_Layout/Content/Toony_Tiny_Citizens/Blueprints/Male_Test_Blueprint.uasset" 3652
"/Users/emmanuelwestfield/Desktop/New_Level_Layout/Content/Toony_Tiny_Citizens/Blueprints/Male_Test_Blueprint.uexp" 3653
"/Users/emmanuelwestfield/Desktop/New_Level_Layout/Content/Toony_Tiny_Citizens/Meshes/Character_Parts/Females/f_head_add_glasses_A.uasset" 3654
"/Users/emmanuelwestfield/Desktop/New_Level_Layout/Content/Toony_Tiny_Citizens/Meshes/Character_Parts/Females/f_head_add_glasses_A.uexp" 3655
"/Users/emmanuelwestfield/Desktop/New_Level_Layout/Content/Toony_Tiny_Citizens/Meshes/Character_Parts/Females/f_head_61_punk.uasset" 3656
"/Users/emmanuelwestfield/Desktop/New_Level_Layout/Content/Toony_Tiny_Citizens/Meshes/Character_Parts/Females/f_head_61_punk.uexp" 3657
"/Users/emmanuelwestfield/Desktop/New_Level_Layout/Content/Toony_Tiny_Citizens/Meshes/Character_Parts/Females/f_body_40_punk.uasset" 3658
"/Users/emmanuelwestfield/Desktop/New_Level_Layout/Content/Toony_Tiny_Citizens/Meshes/Character_Parts/Females/f_body_40_punk.uexp" 3659
"/Users/emmanuelwestfield/Desktop/New_Level_Layout/Content/Toony_Tiny_Citizens/Animations/female/Weapon/Anim_f_pistol_shoot.uasset" 3660
"/Users/emmanuelwestfield/Desktop/New_Level_Layout/Content/Toony_Tiny_Citizens/Animations/female/Weapon/Anim_f_pistol_shoot.uexp" 3661
"/Users/emmanuelwestfield/Desktop/New_Level_Layout/Content/Toony_Tiny_Citizens/Meshes/Weapons/SM_baseballbat.uasset" 3662
"/Users/emmanuelwestfield/Desktop/New_Level_Layout/Content/Toony_Tiny_Citizens/Meshes/Weapons/SM_baseballbat.uexp" 3663
"/Users/emmanuelwestfield/Desktop/New_Level_Layout/Content/Toony_Tiny_Citizens/Blueprints/Female_Test_Blueprint.uasset" 3664
"/Users/emmanuelwestfield/Desktop/New_Level_Layout/Content/Toony_Tiny_Citizens/Blueprints/Female_Test_Blueprint.uexp" 3665
"/Users/emmanuelwestfield/Desktop/New_Level_Layout/Content/Toony_Tiny_Citizens/Maps/Males_Map.uexp" 3666
"/Users/emmanuelwestfield/Desktop/New_Level_Layout/Content/Toony_Tiny_Citizens/Maps/Males_Map.umap" 3667
"/Users/emmanuelwestfield/Desktop/New_Level_Layout/Content/Toony_Tiny_Citizens/Meshes/Prebuilt_Characters/SK_Female25.uasset" 3668
"/Users/emmanuelwestfield/Desktop/New_Level_Layout/Content/Toony_Tiny_Citizens/Meshes/Prebuilt_Characters/SK_Female25.uexp" 3669
"/Users/emmanuelwestfield/Desktop/New_Level_Layout/Content/Toony_Tiny_Citizens/Meshes/Prebuilt_Characters/SK_Female24.uasset" 3670
"/Users/emmanuelwestfield/Desktop/New_Level_Layout/Content/Toony_Tiny_Citizens/Meshes/Prebuilt_Characters/SK_Female24.uexp" 3671
"/Users/emmanuelwestfield/Desktop/New_Level_Layout/Content/Toony_Tiny_Citizens/Meshes/Prebuilt_Characters/SK_Female23.uasset" 3672
"/Users/emmanuelwestfield/Desktop/New_Level_Layout/Content/Toony_Tiny_Citizens/Meshes/Prebuilt_Characters/SK_Female23.uexp" 3673
"/Users/emmanuelwestfield/Desktop/New_Level_Layout/Content/Toony_Tiny_Citizens/Meshes/Prebuilt_Characters/SK_Female22.uasset" 3674
"/Users/emmanuelwestfield/Desktop/New_Level_Layout/Content/Toony_Tiny_Citizens/Meshes/Prebuilt_Characters/SK_Female22.uexp" 3675
"/Users/emmanuelwestfield/Desktop/New_Level_Layout/Content/Toony_Tiny_Citizens/Meshes/Prebuilt_Characters/SK_Female21.uasset" 3676
"/Users/emmanuelwestfield/Desktop/New_Level_Layout/Content/Toony_Tiny_Citizens/Meshes/Prebuilt_Characters/SK_Female21.uexp" 3677
"/Users/emmanuelwestfield/Desktop/New_Level_Layout/Content/Toony_Tiny_Citizens/Meshes/Prebuilt_Characters/SK_Female20.uasset" 3678
"/Users/emmanuelwestfield/Desktop/New_Level_Layout/Content/Toony_Tiny_Citizens/Meshes/Prebuilt_Characters/SK_Female20.uexp" 3679
"/Users/emmanuelwestfield/Desktop/New_Level_Layout/Content/Toony_Tiny_Citizens/Meshes/Prebuilt_Characters/SK_Female19.uasset" 3680
"/Users/emmanuelwestfield/Desktop/New_Level_Layout/Content/Toony_Tiny_Citizens/Meshes/Prebuilt_Characters/SK_Female19.uexp" 3681
"/Users/emmanuelwestfield/Desktop/New_Level_Layout/Content/Toony_Tiny_Citizens/Meshes/Prebuilt_Characters/SK_Female18.uasset" 3682
"/Users/emmanuelwestfield/Desktop/New_Level_Layout/Content/Toony_Tiny_Citizens/Meshes/Prebuilt_Characters/SK_Female18.uexp" 3683
"/Users/emmanuelwestfield/Desktop/New_Level_Layout/Content/Toony_Tiny_Citizens/Meshes/Prebuilt_Characters/SK_Female17.uasset" 3684
"/Users/emmanuelwestfield/Desktop/New_Level_Layout/Content/Toony_Tiny_Citizens/Meshes/Prebuilt_Characters/SK_Female17.uexp" 3685
"/Users/emmanuelwestfield/Desktop/New_Level_Layout/Content/Toony_Tiny_Citizens/Meshes/Prebuilt_Characters/SK_Female16.uasset" 3686
"/Users/emmanuelwestfield/Desktop/New_Level_Layout/Content/Toony_Tiny_Citizens/Meshes/Prebuilt_Characters/SK_Female16.uexp" 3687
"/Users/emmanuelwestfield/Desktop/New_Level_Layout/Content/Toony_Tiny_Citizens/Meshes/Prebuilt_Characters/SK_Female15.uasset" 3688
"/Users/emmanuelwestfield/Desktop/New_Level_Layout/Content/Toony_Tiny_Citizens/Meshes/Prebuilt_Characters/SK_Female15.uexp" 3689
"/Users/emmanuelwestfield/Desktop/New_Level_Layout/Content/Toony_Tiny_Citizens/Meshes/Prebuilt_Characters/SK_Female14.uasset" 3690
"/Users/emmanuelwestfield/Desktop/New_Level_Layout/Content/Toony_Tiny_Citizens/Meshes/Prebuilt_Characters/SK_Female14.uexp" 3691
"/Users/emmanuelwestfield/Desktop/New_Level_Layout/Content/Toony_Tiny_Citizens/Meshes/Prebuilt_Characters/SK_Female13.uasset" 3692
"/Users/emmanuelwestfield/Desktop/New_Level_Layout/Content/Toony_Tiny_Citizens/Meshes/Prebuilt_Characters/SK_Female13.uexp" 3693
"/Users/emmanuelwestfield/Desktop/New_Level_Layout/Content/Toony_Tiny_Citizens/Meshes/Prebuilt_Characters/SK_Female12.uasset" 3694
"/Users/emmanuelwestfield/Desktop/New_Level_Layout/Content/Toony_Tiny_Citizens/Meshes/Prebuilt_Characters/SK_Female12.uexp" 3695
"/Users/emmanuelwestfield/Desktop/New_Level_Layout/Content/Toony_Tiny_Citizens/Meshes/Prebuilt_Characters/SK_Female11.uasset" 3696
"/Users/emmanuelwestfield/Desktop/New_Level_Layout/Content/Toony_Tiny_Citizens/Meshes/Prebuilt_Characters/SK_Female11.uexp" 3697
"/Users/emmanuelwestfield/Desktop/New_Level_Layout/Content/Toony_Tiny_Citizens/Meshes/Prebuilt_Characters/SK_Female09.uasset" 3698
"/Users/emmanuelwestfield/Desktop/New_Level_Layout/Content/Toony_Tiny_Citizens/Meshes/Prebuilt_Characters/SK_Female09.uexp" 3699
"/Users/emmanuelwestfield/Desktop/New_Level_Layout/Content/Toony_Tiny_Citizens/Meshes/Prebuilt_Characters/SK_Female08.uasset" 3700
"/Users/emmanuelwestfield/Desktop/New_Level_Layout/Content/Toony_Tiny_Citizens/Meshes/Prebuilt_Characters/SK_Female08.uexp" 3701
"/Users/emmanuelwestfield/Desktop/New_Level_Layout/Content/Toony_Tiny_Citizens/Meshes/Prebuilt_Characters/SK_Female07.uasset" 3702
"/Users/emmanuelwestfield/Desktop/New_Level_Layout/Content/Toony_Tiny_Citizens/Meshes/Prebuilt_Characters/SK_Female07.uexp" 3703
"/Users/emmanuelwestfield/Desktop/New_Level_Layout/Content/Toony_Tiny_Citizens/Meshes/Prebuilt_Characters/SK_Female06.uasset" 3704
"/Users/emmanuelwestfield/Desktop/New_Level_Layout/Content/Toony_Tiny_Citizens/Meshes/Prebuilt_Characters/SK_Female06.uexp" 3705
"/Users/emmanuelwestfield/Desktop/New_Level_Layout/Content/Toony_Tiny_Citizens/Meshes/Prebuilt_Characters/SK_Female05.uasset" 3706
"/Users/emmanuelwestfield/Desktop/New_Level_Layout/Content/Toony_Tiny_Citizens/Meshes/Prebuilt_Characters/SK_Female05.uexp" 3707
"/Users/emmanuelwestfield/Desktop/New_Level_Layout/Content/Toony_Tiny_Citizens/Meshes/Prebuilt_Characters/SK_Female04.uasset" 3708
"/Users/emmanuelwestfield/Desktop/New_Level_Layout/Content/Toony_Tiny_Citizens/Meshes/Prebuilt_Characters/SK_Female04.uexp" 3709
"/Users/emmanuelwestfield/Desktop/New_Level_Layout/Content/Toony_Tiny_Citizens/Meshes/Prebuilt_Characters/SK_Female03.uasset" 3710
"/Users/emmanuelwestfield/Desktop/New_Level_Layout/Content/Toony_Tiny_Citizens/Meshes/Prebuilt_Characters/SK_Female03.uexp" 3711
"/Users/emmanuelwestfield/Desktop/New_Level_Layout/Content/Toony_Tiny_Citizens/Meshes/Prebuilt_Characters/SK_Female02.uasset" 3712
"/Users/emmanuelwestfield/Desktop/New_Level_Layout/Content/Toony_Tiny_Citizens/Meshes/Prebuilt_Characters/SK_Female02.uexp" 3713
"/Users/emmanuelwestfield/Desktop/New_Level_Layout/Content/Toony_Tiny_Citizens/Meshes/Prebuilt_Characters/SK_Female01.uasset" 3714
"/Users/emmanuelwestfield/Desktop/New_Level_Layout/Content/Toony_Tiny_Citizens/Meshes/Prebuilt_Characters/SK_Female01.uexp" 3715
"/Users/emmanuelwestfield/Desktop/New_Level_Layout/Content/Toony_Tiny_Citizens/Maps/Females_Map_BuiltData.uasset" 3716
"/Users/emmanuelwestfield/Desktop/New_Level_Layout/Content/Toony_Tiny_Citizens/Maps/Females_Map_BuiltData.uexp" 3717
"/Users/emmanuelwestfield/Desktop/New_Level_Layout/Content/Toony_Tiny_Citizens/Meshes/Prebuilt_Characters/SK_Female10.uasset" 3718
"/Users/emmanuelwestfield/Desktop/New_Level_Layout/Content/Toony_Tiny_Citizens/Meshes/Prebuilt_Characters/SK_Female10.uexp" 3719
"/Users/emmanuelwestfield/Desktop/New_Level_Layout/Content/Toony_Tiny_Citizens/Animations/female/Anim_f_idle_A.uasset" 3720
"/Users/emmanuelwestfield/Desktop/New_Level_Layout/Content/Toony_Tiny_Citizens/Animations/female/Anim_f_idle_A.uexp" 3721
"/Users/emmanuelwestfield/Desktop/New_Level_Layout/Content/Toony_Tiny_Citizens/Maps/Females_Map.uexp" 3722
"/Users/emmanuelwestfield/Desktop/New_Level_Layout/Content/Toony_Tiny_Citizens/Maps/Females_Map.umap" 3723
"/Users/emmanuelwestfield/Desktop/New_Level_Layout/Content/Toony_Tiny_Citizens/Meshes/Weapons/SM_wrench.uasset" 3724
"/Users/emmanuelwestfield/Desktop/New_Level_Layout/Content/Toony_Tiny_Citizens/Meshes/Weapons/SM_wrench.uexp" 3725
"/Users/emmanuelwestfield/Desktop/New_Level_Layout/Content/Toony_Tiny_Citizens/Meshes/Weapons/SM_twobarrel.uasset" 3726
"/Users/emmanuelwestfield/Desktop/New_Level_Layout/Content/Toony_Tiny_Citizens/Meshes/Weapons/SM_twobarrel.uexp" 3727
"/Users/emmanuelwestfield/Desktop/New_Level_Layout/Content/Toony_Tiny_Citizens/Meshes/Weapons/SM_shotgun.uasset" 3728
"/Users/emmanuelwestfield/Desktop/New_Level_Layout/Content/Toony_Tiny_Citizens/Meshes/Weapons/SM_shotgun.uexp" 3729
"/Users/emmanuelwestfield/Desktop/New_Level_Layout/Content/Toony_Tiny_Citizens/Meshes/Weapons/SM_revolver.uasset" 3730
"/Users/emmanuelwestfield/Desktop/New_Level_Layout/Content/Toony_Tiny_Citizens/Meshes/Weapons/SM_revolver.uexp" 3731
"/Users/emmanuelwestfield/Desktop/New_Level_Layout/Content/Toony_Tiny_Citizens/Meshes/Weapons/SM_policebatton.uasset" 3732
"/Users/emmanuelwestfield/Desktop/New_Level_Layout/Content/Toony_Tiny_Citizens/Meshes/Weapons/SM_policebatton.uexp" 3733
"/Users/emmanuelwestfield/Desktop/New_Level_Layout/Content/Toony_Tiny_Citizens/Meshes/Weapons/SM_pitchfork.uasset" 3734
"/Users/emmanuelwestfield/Desktop/New_Level_Layout/Content/Toony_Tiny_Citizens/Meshes/Weapons/SM_pitchfork.uexp" 3735
"/Users/emmanuelwestfield/Desktop/New_Level_Layout/Content/Toony_Tiny_Citizens/Meshes/Weapons/SM_pick.uasset" 3736
"/Users/emmanuelwestfield/Desktop/New_Level_Layout/Content/Toony_Tiny_Citizens/Meshes/Weapons/SM_pick.uexp" 3737
"/Users/emmanuelwestfield/Desktop/New_Level_Layout/Content/Toony_Tiny_Citizens/Meshes/Weapons/SM_maul.uasset" 3738
"/Users/emmanuelwestfield/Desktop/New_Level_Layout/Content/Toony_Tiny_Citizens/Meshes/Weapons/SM_maul.uexp" 3739
"/Users/emmanuelwestfield/Desktop/New_Level_Layout/Content/Toony_Tiny_Citizens/Meshes/Weapons/SM_machete.uasset" 3740
"/Users/emmanuelwestfield/Desktop/New_Level_Layout/Content/Toony_Tiny_Citizens/Meshes/Weapons/SM_machete.uexp" 3741
"/Users/emmanuelwestfield/Desktop/New_Level_Layout/Content/Toony_Tiny_Citizens/Meshes/Weapons/SM_m4.uasset" 3742
"/Users/emmanuelwestfield/Desktop/New_Level_Layout/Content/Toony_Tiny_Citizens/Meshes/Weapons/SM_m4.uexp" 3743
"/Users/emmanuelwestfield/Desktop/New_Level_Layout/Content/Toony_Tiny_Citizens/Meshes/Weapons/SM_knife.uasset" 3744
"/Users/emmanuelwestfield/Desktop/New_Level_Layout/Content/Toony_Tiny_Citizens/Meshes/Weapons/SM_knife.uexp" 3745
"/Users/emmanuelwestfield/Desktop/New_Level_Layout/Content/Toony_Tiny_Citizens/Meshes/Weapons/SM_katana.uasset" 3746
"/Users/emmanuelwestfield/Desktop/New_Level_Layout/Content/Toony_Tiny_Citizens/Meshes/Weapons/SM_katana.uexp" 3747
"/Users/emmanuelwestfield/Desktop/New_Level_Layout/Content/Toony_Tiny_Citizens/Meshes/Weapons/SM_heavywrench.uasset" 3748
"/Users/emmanuelwestfield/Desktop/New_Level_Layout/Content/Toony_Tiny_Citizens/Meshes/Weapons/SM_heavywrench.uexp" 3749
"/Users/emmanuelwestfield/Desktop/New_Level_Layout/Content/Toony_Tiny_Citizens/Meshes/Weapons/SM_hatchet.uasset" 3750
"/Users/emmanuelwestfield/Desktop/New_Level_Layout/Content/Toony_Tiny_Citizens/Meshes/Weapons/SM_hatchet.uexp" 3751
"/Users/emmanuelwestfield/Desktop/New_Level_Layout/Content/Toony_Tiny_Citizens/Meshes/Weapons/SM_hammer.uasset" 3752
"/Users/emmanuelwestfield/Desktop/New_Level_Layout/Content/Toony_Tiny_Citizens/Meshes/Weapons/SM_hammer.uexp" 3753
"/Users/emmanuelwestfield/Desktop/New_Level_Layout/Content/Toony_Tiny_Citizens/Meshes/Weapons/SM_flipknife.uasset" 3754
"/Users/emmanuelwestfield/Desktop/New_Level_Layout/Content/Toony_Tiny_Citizens/Meshes/Weapons/SM_flipknife.uexp" 3755
"/Users/emmanuelwestfield/Desktop/New_Level_Layout/Content/Toony_Tiny_Citizens/Meshes/Weapons/SM_fireaxe.uasset" 3756
"/Users/emmanuelwestfield/Desktop/New_Level_Layout/Content/Toony_Tiny_Citizens/Meshes/Weapons/SM_fireaxe.uexp" 3757
"/Users/emmanuelwestfield/Desktop/New_Level_Layout/Content/Toony_Tiny_Citizens/Meshes/Weapons/SM_crowbar.uasset" 3758
"/Users/emmanuelwestfield/Desktop/New_Level_Layout/Content/Toony_Tiny_Citizens/Meshes/Weapons/SM_crowbar.uexp" 3759
"/Users/emmanuelwestfield/Desktop/New_Level_Layout/Content/Toony_Tiny_Citizens/Meshes/Weapons/SM_club.uasset" 3760
"/Users/emmanuelwestfield/Desktop/New_Level_Layout/Content/Toony_Tiny_Citizens/Meshes/Weapons/SM_club.uexp" 3761
"/Users/emmanuelwestfield/Desktop/New_Level_Layout/Content/Toony_Tiny_Citizens/Meshes/Weapons/SM_cleaver.uasset" 3762
"/Users/emmanuelwestfield/Desktop/New_Level_Layout/Content/Toony_Tiny_Citizens/Meshes/Weapons/SM_cleaver.uexp" 3763
"/Users/emmanuelwestfield/Desktop/New_Level_Layout/Content/Toony_Tiny_Citizens/Meshes/Weapons/SM_mac10.uasset" 3764
"/Users/emmanuelwestfield/Desktop/New_Level_Layout/Content/Toony_Tiny_Citizens/Meshes/Weapons/SM_mac10.uexp" 3765
"/Users/emmanuelwestfield/Desktop/New_Level_Layout/Content/Toony_Tiny_Citizens/Maps/Weapons_Map_BuiltData.uasset" 3766
"/Users/emmanuelwestfield/Desktop/New_Level_Layout/Content/Toony_Tiny_Citizens/Maps/Weapons_Map_BuiltData.uexp" 3767
"/Users/emmanuelwestfield/Desktop/New_Level_Layout/Content/Toony_Tiny_Citizens/Maps/Weapons_Map.uexp" 3768
"/Users/emmanuelwestfield/Desktop/New_Level_Layout/Content/Toony_Tiny_Citizens/Maps/Weapons_Map.umap" 3769
"/Users/emmanuelwestfield/Desktop/New_Level_Layout/Content/LowPolyCity/Meshes/Road/Mesh_Road_GrassPlane_03.uasset" 3770
"/Users/emmanuelwestfield/Desktop/New_Level_Layout/Content/LowPolyCity/Meshes/Road/Mesh_Road_GrassPlane_03.uexp" 3771
"/Users/emmanuelwestfield/Desktop/New_Level_Layout/Content/LowPolyCity/Meshes/Road/Mesh_Road_GrassPlane_02.uasset" 3772
"/Users/emmanuelwestfield/Desktop/New_Level_Layout/Content/LowPolyCity/Meshes/Road/Mesh_Road_GrassPlane_02.uexp" 3773
"/Users/emmanuelwestfield/Desktop/New_Level_Layout/Content/LowPolyCity/Meshes/Road/Mesh_Road_07.uasset" 3774
"/Users/emmanuelwestfield/Desktop/New_Level_Layout/Content/LowPolyCity/Meshes/Road/Mesh_Road_07.uexp" 3775
"/Users/emmanuelwestfield/Desktop/New_Level_Layout/Content/LowPolyCity/Meshes/Props/Mesh_Props_TableSet_02.uasset" 3776
"/Users/emmanuelwestfield/Desktop/New_Level_Layout/Content/LowPolyCity/Meshes/Props/Mesh_Props_TableSet_02.uexp" 3777
"/Users/emmanuelwestfield/Desktop/New_Level_Layout/Content/LowPolyCity/Meshes/Props/Mesh_Props_Stairs_01.uasset" 3778
"/Users/emmanuelwestfield/Desktop/New_Level_Layout/Content/LowPolyCity/Meshes/Props/Mesh_Props_Stairs_01.uexp" 3779
"/Users/emmanuelwestfield/Desktop/New_Level_Layout/Content/LowPolyCity/Meshes/Props/Mesh_Props_RoadSign_04.uasset" 3780
"/Users/emmanuelwestfield/Desktop/New_Level_Layout/Content/LowPolyCity/Meshes/Props/Mesh_Props_RoadSign_04.uexp" 3781
"/Users/emmanuelwestfield/Desktop/New_Level_Layout/Content/LowPolyCity/Meshes/Props/Mesh_Props_Luke_01.uasset" 3782
"/Users/emmanuelwestfield/Desktop/New_Level_Layout/Content/LowPolyCity/Meshes/Props/Mesh_Props_Luke_01.uexp" 3783
"/Users/emmanuelwestfield/Desktop/New_Level_Layout/Content/LowPolyCity/Meshes/Props/Mesh_Props_Light_01.uasset" 3784
"/Users/emmanuelwestfield/Desktop/New_Level_Layout/Content/LowPolyCity/Meshes/Props/Mesh_Props_Light_01.uexp" 3785
"/Users/emmanuelwestfield/Desktop/New_Level_Layout/Content/LowPolyCity/Meshes/Props/Mesh_Props_Hydrant.uasset" 3786
"/Users/emmanuelwestfield/Desktop/New_Level_Layout/Content/LowPolyCity/Meshes/Props/Mesh_Props_Hydrant.uexp" 3787
"/Users/emmanuelwestfield/Desktop/New_Level_Layout/Content/LowPolyCity/Meshes/Props/Mesh_Props_HousePart_09.uasset" 3788
"/Users/emmanuelwestfield/Desktop/New_Level_Layout/Content/LowPolyCity/Meshes/Props/Mesh_Props_HousePart_09.uexp" 3789
"/Users/emmanuelwestfield/Desktop/New_Level_Layout/Content/LowPolyCity/Meshes/Props/Mesh_Props_HousePart_08.uasset" 3790
"/Users/emmanuelwestfield/Desktop/New_Level_Layout/Content/LowPolyCity/Meshes/Props/Mesh_Props_HousePart_08.uexp" 3791
"/Users/emmanuelwestfield/Desktop/New_Level_Layout/Content/LowPolyCity/Meshes/Props/Mesh_Props_HousePart_07.uasset" 3792
"/Users/emmanuelwestfield/Desktop/New_Level_Layout/Content/LowPolyCity/Meshes/Props/Mesh_Props_HousePart_07.uexp" 3793
"/Users/emmanuelwestfield/Desktop/New_Level_Layout/Content/LowPolyCity/Meshes/Props/Mesh_Props_HousePart_05.uasset" 3794
"/Users/emmanuelwestfield/Desktop/New_Level_Layout/Content/LowPolyCity/Meshes/Props/Mesh_Props_HousePart_05.uexp" 3795
"/Users/emmanuelwestfield/Desktop/New_Level_Layout/Content/LowPolyCity/Meshes/Props/Mesh_Props_HousePart_04.uasset" 3796
"/Users/emmanuelwestfield/Desktop/New_Level_Layout/Content/LowPolyCity/Meshes/Props/Mesh_Props_HousePart_04.uexp" 3797
"/Users/emmanuelwestfield/Desktop/New_Level_Layout/Content/LowPolyCity/Meshes/Props/Mesh_Props_HousePart_02.uasset" 3798
"/Users/emmanuelwestfield/Desktop/New_Level_Layout/Content/LowPolyCity/Meshes/Props/Mesh_Props_HousePart_02.uexp" 3799
"/Users/emmanuelwestfield/Desktop/New_Level_Layout/Content/LowPolyCity/Meshes/Props/Mesh_Props_HousePart_01.uasset" 3800
"/Users/emmanuelwestfield/Desktop/New_Level_Layout/Content/LowPolyCity/Meshes/Props/Mesh_Props_HousePart_01.uexp" 3801
"/Users/emmanuelwestfield/Desktop/New_Level_Layout/Content/LowPolyCity/Meshes/Props/Mesh_Props_Flower_02.uasset" 3802
"/Users/emmanuelwestfield/Desktop/New_Level_Layout/Content/LowPolyCity/Meshes/Props/Mesh_Props_Flower_02.uexp" 3803
"/Users/emmanuelwestfield/Desktop/New_Level_Layout/Content/LowPolyCity/Meshes/Props/Mesh_Props_Flower_01.uasset" 3804
"/Users/emmanuelwestfield/Desktop/New_Level_Layout/Content/LowPolyCity/Meshes/Props/Mesh_Props_Flower_01.uexp" 3805
"/Users/emmanuelwestfield/Desktop/New_Level_Layout/Content/LowPolyCity/Meshes/Props/Mesh_Props_Fence_04.uasset" 3806
"/Users/emmanuelwestfield/Desktop/New_Level_Layout/Content/LowPolyCity/Meshes/Props/Mesh_Props_Fence_04.uexp" 3807
"/Users/emmanuelwestfield/Desktop/New_Level_Layout/Content/LowPolyCity/Meshes/Props/Mesh_Props_Fence_03.uasset" 3808
"/Users/emmanuelwestfield/Desktop/New_Level_Layout/Content/LowPolyCity/Meshes/Props/Mesh_Props_Fence_03.uexp" 3809
"/Users/emmanuelwestfield/Desktop/New_Level_Layout/Content/LowPolyCity/Meshes/Cars/Mesh_Cars_Wheel_01.uasset" 3810
"/Users/emmanuelwestfield/Desktop/New_Level_Layout/Content/LowPolyCity/Meshes/Cars/Mesh_Cars_Wheel_01.uexp" 3811
"/Users/emmanuelwestfield/Desktop/New_Level_Layout/Content/LowPolyCity/Meshes/Cars/Mesh_Cars_15.uasset" 3812
"/Users/emmanuelwestfield/Desktop/New_Level_Layout/Content/LowPolyCity/Meshes/Cars/Mesh_Cars_15.uexp" 3813
"/Users/emmanuelwestfield/Desktop/New_Level_Layout/Content/LowPolyCity/Meshes/Cars/Mesh_Cars_14.uasset" 3814
"/Users/emmanuelwestfield/Desktop/New_Level_Layout/Content/LowPolyCity/Meshes/Cars/Mesh_Cars_14.uexp" 3815
"/Users/emmanuelwestfield/Desktop/New_Level_Layout/Content/LowPolyCity/Meshes/Cars/Mesh_Cars_13.uasset" 3816
"/Users/emmanuelwestfield/Desktop/New_Level_Layout/Content/LowPolyCity/Meshes/Cars/Mesh_Cars_13.uexp" 3817
"/Users/emmanuelwestfield/Desktop/New_Level_Layout/Content/LowPolyCity/Meshes/Cars/Mesh_Cars_12.uasset" 3818
"/Users/emmanuelwestfield/Desktop/New_Level_Layout/Content/LowPolyCity/Meshes/Cars/Mesh_Cars_12.uexp" 3819
"/Users/emmanuelwestfield/Desktop/New_Level_Layout/Content/LowPolyCity/Meshes/Cars/Mesh_Cars_11.uasset" 3820
"/Users/emmanuelwestfield/Desktop/New_Level_Layout/Content/LowPolyCity/Meshes/Cars/Mesh_Cars_11.uexp" 3821
"/Users/emmanuelwestfield/Desktop/New_Level_Layout/Content/LowPolyCity/Meshes/Cars/Mesh_Cars_10.uasset" 3822
"/Users/emmanuelwestfield/Desktop/New_Level_Layout/Content/LowPolyCity/Meshes/Cars/Mesh_Cars_10.uexp" 3823
"/Users/emmanuelwestfield/Desktop/New_Level_Layout/Content/LowPolyCity/Meshes/Cars/Mesh_Cars_09.uasset" 3824
"/Users/emmanuelwestfield/Desktop/New_Level_Layout/Content/LowPolyCity/Meshes/Cars/Mesh_Cars_09.uexp" 3825
"/Users/emmanuelwestfield/Desktop/New_Level_Layout/Content/LowPolyCity/Meshes/Cars/Mesh_Cars_08.uasset" 3826
"/Users/emmanuelwestfield/Desktop/New_Level_Layout/Content/LowPolyCity/Meshes/Cars/Mesh_Cars_08.uexp" 3827
"/Users/emmanuelwestfield/Desktop/New_Level_Layout/Content/LowPolyCity/Meshes/Cars/Mesh_Cars_07.uasset" 3828
"/Users/emmanuelwestfield/Desktop/New_Level_Layout/Content/LowPolyCity/Meshes/Cars/Mesh_Cars_07.uexp" 3829
"/Users/emmanuelwestfield/Desktop/New_Level_Layout/Content/LowPolyCity/Meshes/Cars/Mesh_Cars_06.uasset" 3830
"/Users/emmanuelwestfield/Desktop/New_Level_Layout/Content/LowPolyCity/Meshes/Cars/Mesh_Cars_06.uexp" 3831
"/Users/emmanuelwestfield/Desktop/New_Level_Layout/Content/LowPolyCity/Meshes/Cars/Mesh_Cars_05.uasset" 3832
"/Users/emmanuelwestfield/Desktop/New_Level_Layout/Content/LowPolyCity/Meshes/Cars/Mesh_Cars_05.uexp" 3833
"/Users/emmanuelwestfield/Desktop/New_Level_Layout/Content/LowPolyCity/Meshes/Cars/Mesh_Cars_04.uasset" 3834
"/Users/emmanuelwestfield/Desktop/New_Level_Layout/Content/LowPolyCity/Meshes/Cars/Mesh_Cars_04.uexp" 3835
"/Users/emmanuelwestfield/Desktop/New_Level_Layout/Content/LowPolyCity/Meshes/Cars/Mesh_Cars_03.uasset" 3836
"/Users/emmanuelwestfield/Desktop/New_Level_Layout/Content/LowPolyCity/Meshes/Cars/Mesh_Cars_03.uexp" 3837
"/Users/emmanuelwestfield/Desktop/New_Level_Layout/Content/LowPolyCity/Meshes/Cars/Mesh_Cars_02.uasset" 3838
"/Users/emmanuelwestfield/Desktop/New_Level_Layout/Content/LowPolyCity/Meshes/Cars/Mesh_Cars_02.uexp" 3839
"/Users/emmanuelwestfield/Desktop/New_Level_Layout/Content/LowPolyCity/Meshes/Cars/Mesh_Cars_01.uasset" 3840
"/Users/emmanuelwestfield/Desktop/New_Level_Layout/Content/LowPolyCity/Meshes/Cars/Mesh_Cars_01.uexp" 3841
"/Users/emmanuelwestfield/Desktop/New_Level_Layout/Content/LowPolyCity/Meshes/Buildings/Mesh_Buildings_Office.uasset" 3842
"/Users/emmanuelwestfield/Desktop/New_Level_Layout/Content/LowPolyCity/Meshes/Buildings/Mesh_Buildings_Office.uexp" 3843
"/Users/emmanuelwestfield/Desktop/New_Level_Layout/Content/LowPolyCity/Maps/DEMO_Map_BuiltData.uasset" 3844
"/Users/emmanuelwestfield/Desktop/New_Level_Layout/Content/LowPolyCity/Maps/DEMO_Map_BuiltData.uexp" 3845
"/Users/emmanuelwestfield/Desktop/New_Level_Layout/Content/LowPolyCity/Maps/DEMO_Map_BuiltData.ubulk" 3846
"/Users/emmanuelwestfield/Desktop/New_Level_Layout/Content/LowPolyCity/Maps/DEMO_Map.uexp" 3847
"/Users/emmanuelwestfield/Desktop/New_Level_Layout/Content/LowPolyCity/Maps/DEMO_Map.umap" 3848
"/Users/emmanuelwestfield/Desktop/New_Level_Layout/Content/LowPolyCity/Maps/Overview_Map_BuiltData.uasset" 3849
"/Users/emmanuelwestfield/Desktop/New_Level_Layout/Content/LowPolyCity/Maps/Overview_Map_BuiltData.uexp" 3850
"/Users/emmanuelwestfield/Desktop/New_Level_Layout/Content/LowPolyCity/Maps/Overview_Map_BuiltData.ubulk" 3851
"/Users/emmanuelwestfield/Desktop/New_Level_Layout/Content/LowPolyCity/Meshes/Road/Mesh_Road_17.uasset" 3852
"/Users/emmanuelwestfield/Desktop/New_Level_Layout/Content/LowPolyCity/Meshes/Road/Mesh_Road_17.uexp" 3853
"/Users/emmanuelwestfield/Desktop/New_Level_Layout/Content/LowPolyCity/Meshes/Road/Mesh_Road_16.uasset" 3854
"/Users/emmanuelwestfield/Desktop/New_Level_Layout/Content/LowPolyCity/Meshes/Road/Mesh_Road_16.uexp" 3855
"/Users/emmanuelwestfield/Desktop/New_Level_Layout/Content/LowPolyCity/Meshes/Road/Mesh_Road_15.uasset" 3856
"/Users/emmanuelwestfield/Desktop/New_Level_Layout/Content/LowPolyCity/Meshes/Road/Mesh_Road_15.uexp" 3857
"/Users/emmanuelwestfield/Desktop/New_Level_Layout/Content/LowPolyCity/Meshes/Road/Mesh_Road_14.uasset" 3858
"/Users/emmanuelwestfield/Desktop/New_Level_Layout/Content/LowPolyCity/Meshes/Road/Mesh_Road_14.uexp" 3859
"/Users/emmanuelwestfield/Desktop/New_Level_Layout/Content/LowPolyCity/Meshes/Road/Mesh_Road_13.uasset" 3860
"/Users/emmanuelwestfield/Desktop/New_Level_Layout/Content/LowPolyCity/Meshes/Road/Mesh_Road_13.uexp" 3861
"/Users/emmanuelwestfield/Desktop/New_Level_Layout/Content/LowPolyCity/Meshes/Road/Mesh_Road_12.uasset" 3862
"/Users/emmanuelwestfield/Desktop/New_Level_Layout/Content/LowPolyCity/Meshes/Road/Mesh_Road_12.uexp" 3863
"/Users/emmanuelwestfield/Desktop/New_Level_Layout/Content/LowPolyCity/Meshes/Road/Mesh_Road_08.uasset" 3864
"/Users/emmanuelwestfield/Desktop/New_Level_Layout/Content/LowPolyCity/Meshes/Road/Mesh_Road_08.uexp" 3865
"/Users/emmanuelwestfield/Desktop/New_Level_Layout/Content/LowPolyCity/Meshes/Road/Mesh_Road_05.uasset" 3866
"/Users/emmanuelwestfield/Desktop/New_Level_Layout/Content/LowPolyCity/Meshes/Road/Mesh_Road_05.uexp" 3867
"/Users/emmanuelwestfield/Desktop/New_Level_Layout/Content/LowPolyCity/Meshes/Road/Mesh_Road_04.uasset" 3868
"/Users/emmanuelwestfield/Desktop/New_Level_Layout/Content/LowPolyCity/Meshes/Road/Mesh_Road_04.uexp" 3869
"/Users/emmanuelwestfield/Desktop/New_Level_Layout/Content/LowPolyCity/Meshes/Road/Mesh_Road_03.uasset" 3870
"/Users/emmanuelwestfield/Desktop/New_Level_Layout/Content/LowPolyCity/Meshes/Road/Mesh_Road_03.uexp" 3871
"/Users/emmanuelwestfield/Desktop/New_Level_Layout/Content/LowPolyCity/Meshes/Nature/Mesh_Nature_Cloud_03.uasset" 3872
"/Users/emmanuelwestfield/Desktop/New_Level_Layout/Content/LowPolyCity/Meshes/Nature/Mesh_Nature_Cloud_03.uexp" 3873
"/Users/emmanuelwestfield/Desktop/New_Level_Layout/Content/LowPolyCity/Meshes/Nature/Mesh_Nature_Cloud_02.uasset" 3874
"/Users/emmanuelwestfield/Desktop/New_Level_Layout/Content/LowPolyCity/Meshes/Nature/Mesh_Nature_Cloud_02.uexp" 3875
"/Users/emmanuelwestfield/Desktop/New_Level_Layout/Content/LowPolyCity/Maps/Overview_Map.uexp" 3876
"/Users/emmanuelwestfield/Desktop/New_Level_Layout/Content/LowPolyCity/Maps/Overview_Map.umap" 3877
"../../../Engine/Content/Maps/Entry_BuiltData.uasset" 3878
"../../../Engine/Content/Maps/Entry_BuiltData.uexp" 3879
"../../../Engine/Content/Maps/Entry.uexp" 3880
"../../../Engine/Content/Maps/Entry.umap" 3881
